hromada_code,hromada_name,oblast_name,raion_name,type,lat_center,lon_center,n_settlements,square,total_popultaion_2022,urban_pct,mountain_hromada,near_seas,distance_to_russia_belarus,distance_to_eu,sum_osbb_2020,train_station,occipied_before_2022,war_zone_10_10_2022,distance_to_frontline_km,currently_occupied,frontline_as_of_date,oblast_attack_events_last8wk,oblast_attack_events_since_2025,attacks_as_of_week,documented_powerplant_damage_score,documented_powerplant_damage_basis,documented_powerplant_facilities,oblast_documented_facilities,frontline_occupation_flag,outage_strike_component_norm,outage_risk_proxy
UA05020010000053508,Агрономічна,Вінницька,Вінницький,сільська,49.1927696,28.3720314,6,86.1,9361,0,NA,NA,248.52829548306,152.590620608515,8,0,0,0,373.1,False,2026-09-09,5,28,2026-08-29,0.8,oblast_cascade,,Ladyzhynska TPP,0,0.001,0.2002
UA05020030000031457,Вінницька,Вінницька,Вінницький,міська,49.2320162,28.467975,9,256.6,387439,0.957580419111137,NA,NA,243.529695811495,160.584423598527,656,1,0,0,372.0,False,2026-09-09,5,28,2026-08-29,0.8,oblast_cascade,,Ladyzhynska TPP,0,0.001,0.2002
UA05020050000066991,Вороновицька,Вінницька,Вінницький,селищна,49.1117881,28.6889425,21,373.5,17127,0.364687335785602,NA,NA,255.995286469173,163.193829425156,1,1,0,0,351.6,False,2026-09-09,5,28,2026-08-29,0.8,oblast_cascade,,Ladyzhynska TPP,0,0.001,0.2002
UA05020070000010139,Гніванська,Вінницька,Вінницький,міська,49.0933696,28.338343,11,244.5,18446,0.6609020925946,NA,NA,259.781765033516,143.054702929842,24,1,0,0,366.3,False,2026-09-09,5,28,2026-08-29,0.8,oblast_cascade,,Ladyzhynska TPP,0,0.001,0.2002
UA05020090000067118,Іллінецька,Вінницька,Вінницький,міська,49.1136358,29.2024356,30,469.3,21123,0.525256829048904,NA,NA,251.90363953481,192.999037570323,4,1,0,0,330.2,False,2026-09-09,5,28,2026-08-29,0.8,oblast_cascade,,Ladyzhynska TPP,0,0.001,0.2002
UA05020110000052014,Липовецька,Вінницька,Вінницький,міська,49.2296415,29.0642148,39,614.8,20302,0.391981085607329,NA,NA,239.573891158715,192.515401996093,6,1,0,0,346.5,False,2026-09-09,5,28,2026-08-29,0.8,oblast_cascade,,Ladyzhynska TPP,0,0.001,0.2002
UA05020130000056031,Літинська,Вінницька,Вінницький,селищна,49.3232593,28.0837586,36,587.4,21124,0.309931831092596,NA,NA,237.333773317172,150.638244345057,NA,1,0,0,397.7,False,2026-09-09,5,28,2026-08-29,0.8,oblast_cascade,,Ladyzhynska TPP,0,0.001,0.2002
UA05020150000074651,Лука-Мелешківська,Вінницька,Вінницький,сільська,49.173946,28.495565,13,166.2,11272,0,NA,NA,249.815090683434,157.521880650821,NA,0,0,0,365.7,False,2026-09-09,5,28,2026-08-29,0.8,oblast_cascade,,Ladyzhynska TPP,0,0.001,0.2002
UA05020170000049432,Немирівська,Вінницька,Вінницький,міська,48.9654035,28.8430131,53,676.9,27959,0.408491004685432,NA,NA,270.429348896359,162.062517582683,41,0,0,0,331.8,False,2026-09-09,5,28,2026-08-29,0.8,oblast_cascade,,Ladyzhynska TPP,0,0.001,0.2002
UA05020190000015755,Оратівська,Вінницька,Вінницький,селищна,49.19472,29.53056,52,837.4,18365,0.146692077320991,NA,NA,240.279610015028,217.936889698488,NA,1,0,0,326.1,False,2026-09-09,5,28,2026-08-29,0.8,oblast_cascade,,Ladyzhynska TPP,0,0.001,0.2002
UA05020210000033427,Погребищенська,Вінницька,Вінницький,міська,49.4848166,29.2579157,60,1202.3,27074,0.340141833493389,NA,NA,210.532016647173,221.574163902028,3,0,0,0,363.8,False,2026-09-09,5,28,2026-08-29,0.8,oblast_cascade,,Ladyzhynska TPP,0,0.001,0.2002
UA05020230000029909,Стрижавська,Вінницька,Вінницький,селищна,49.3097584,28.4730593,13,240.3,19146,0.470072077718584,NA,NA,234.88397448113,167.082181036961,5,0,0,0,378.6,False,2026-09-09,5,28,2026-08-29,0.8,oblast_cascade,,Ladyzhynska TPP,0,0.001,0.2002
UA05020250000055470,Сутисківська,Вінницька,Вінницький,селищна,49.0453739,28.418232,3,63.2,6623,0.887362222557753,NA,NA,264.515041503581,143.670821141693,NA,0,0,0,358.4,False,2026-09-09,5,28,2026-08-29,0.8,oblast_cascade,,Ladyzhynska TPP,0,0.001,0.2002
UA05020270000044358,Тиврівська,Вінницька,Вінницький,селищна,49.0139727,28.507999,26,420.4,10978,0.353343049735835,NA,NA,267.501820531641,146.113392807869,2,0,0,0,351.5,False,2026-09-09,5,28,2026-08-29,0.8,oblast_cascade,,Ladyzhynska TPP,0,0.001,0.2002
UA05020290000092626,Турбівська,Вінницька,Вінницький,селищна,49.339939,28.7260729,22,391.5,15256,0.398793917147352,NA,NA,230.54870060949,182.356502164877,1,0,0,0,370.3,False,2026-09-09,5,28,2026-08-29,0.8,oblast_cascade,,Ladyzhynska TPP,0,0.001,0.2002
UA05020310000080026,Якушинецька,Вінницька,Вінницький,сільська,49.259651,28.36672,17,279.1,16371,0,NA,NA,241.17737924118,157.766658113354,3,0,0,0,379.0,False,2026-09-09,5,28,2026-08-29,0.8,oblast_cascade,,Ladyzhynska TPP,0,0.001,0.2002
UA05040010000022470,Бершадська,Вінницька,Гайсинський,міська,48.36594,29.51889,29,870.5,42017,0.290477663802747,NA,NA,330.172450220319,176.329612169249,1,0,0,0,248.7,False,2026-09-09,5,28,2026-08-29,0.8,oblast_cascade,,Ladyzhynska TPP,0,0.001,0.2002
UA05040030000050131,Гайсинська,Вінницька,Гайсинський,міська,48.8120874,29.3893874,43,660.4,43573,0.589768893580887,NA,NA,284.035826170787,187.723391295717,11,1,0,0,294.6,False,2026-09-09,5,28,2026-08-29,0.8,oblast_cascade,,Ladyzhynska TPP,0,0.001,0.2002
UA05040050000080930,Дашівська,Вінницька,Гайсинський,селищна,49.0062062,29.4416807,24,446.3,14273,0.263574581377426,NA,NA,262.208699617092,201.843667660907,NA,0,0,0,310.9,False,2026-09-09,5,28,2026-08-29,0.8,oblast_cascade,,Ladyzhynska TPP,0,0.001,0.2002
UA05040070000093188,Джулинська,Вінницька,Гайсинський,сільська,48.4439535,29.7482193,16,416.1,12553,0,NA,NA,318.50522294313,195.234712642475,NA,0,0,0,245.9,False,2026-09-09,5,28,2026-08-29,0.8,oblast_cascade,,Ladyzhynska TPP,0,0.001,0.2002
UA05040090000093950,Краснопільська,Вінницька,Гайсинський,сільська,48.797123,29.720028,13,326.9,7466,0,NA,NA,280.289700300321,208.727484759499,NA,1,0,0,280.6,False,2026-09-09,5,28,2026-08-29,0.8,oblast_cascade,,Ladyzhynska TPP,0,0.001,0.2002
UA05040110000042036,Кунківська,Вінницька,Гайсинський,сільська,48.820564,29.268541,11,175.4,4064,0,NA,NA,284.36782953629,180.433236049719,NA,0,0,0,300.4,False,2026-09-09,5,28,2026-08-29,0.8,oblast_cascade,,Ladyzhynska TPP,0,0.001,0.2002
UA05040130000025322,Ладижинська,Вінницька,Гайсинський,міська,48.6810505,29.2567642,6,123.8,24594,0.913190208994064,NA,NA,299.892310222564,172.476987792374,NA,1,0,0,288.3,False,2026-09-09,5,28,2026-08-29,2,hosts_facility,Ladyzhynska TPP,Ladyzhynska TPP,0,0.001,0.5002
UA05040150000077146,Ободівська,Вінницька,Гайсинський,сільська,48.38597215,29.2002169047852,10,326.7,9636,0,NA,NA,332.784898963114,157.065596092209,NA,0,0,0,265.5,False,2026-09-09,5,28,2026-08-29,0.8,oblast_cascade,,Ladyzhynska TPP,0,0.001,0.2002
UA05040170000093514,Ольгопільська,Вінницька,Гайсинський,сільська,48.184544,29.486103,5,234.7,6094,0,NA,NA,350.429489658805,163.786060628727,NA,0,0,0,234.7,False,2026-09-09,5,28,2026-08-29,0.8,oblast_cascade,,Ladyzhynska TPP,0,0.001,0.2002
UA05040190000039450,Райгородська,Вінницька,Гайсинський,сільська,48.875095,29.082228,20,292.4,7035,0.306325515280739,NA,NA,278.817034469601,171.818390524568,NA,1,0,0,313.2,False,2026-09-09,5,28,2026-08-29,0.8,oblast_cascade,,Ladyzhynska TPP,0,0.001,0.2002
UA05040210000068217,Соболівська,Вінницька,Гайсинський,сільська,48.6148597,29.4832744,12,292.8,7734,0,NA,NA,303.657180151538,184.866153574248,NA,0,0,0,272.6,False,2026-09-09,5,28,2026-08-29,0.8,oblast_cascade,,Ladyzhynska TPP,0,0.001,0.2002
UA05040230000017028,Теплицька,Вінницька,Гайсинський,селищна,48.6636,29.74686,31,460,16893,0.359675605280294,NA,NA,294.497611155113,204.899374710383,NA,1,0,0,266.7,False,2026-09-09,5,28,2026-08-29,0.8,oblast_cascade,,Ladyzhynska TPP,0,0.001,0.2002
UA05040250000027965,Тростянецька,Вінницька,Гайсинський,селищна,48.51227,29.2226589,26,530.4,23487,0.308979435432367,NA,NA,318.704933720123,162.905851762863,3,0,0,0,275.1,False,2026-09-09,5,28,2026-08-29,0.8,oblast_cascade,,Ladyzhynska TPP,0,0.001,0.2002
UA05040270000051651,Чечельницька,Вінницька,Гайсинський,селищна,48.2126987,29.3598689,17,524.8,13228,0.361732688237073,NA,NA,349.28357272551,157.234271165644,NA,1,0,0,243.3,False,2026-09-09,5,28,2026-08-29,0.8,oblast_cascade,,Ladyzhynska TPP,0,0.001,0.2002
UA05060010000053179,Барська,Вінницька,Жмеринський,міська,49.077621,27.6813781,70,766.4,39667,0.386643809715885,NA,NA,266.529919928747,111.72330654807,26,1,0,0,398.5,False,2026-09-09,5,28,2026-08-29,0.8,oblast_cascade,,Ladyzhynska TPP,0,0.001,0.2002
UA05060030000026125,Джуринська,Вінницька,Жмеринський,сільська,48.681271,28.292053,16,337.1,12609,0,NA,NA,305.703342508825,110.968323359512,1,0,0,0,335.8,False,2026-09-09,5,28,2026-08-29,0.8,oblast_cascade,,Ladyzhynska TPP,0,0.001,0.2002
UA05060050000058111,Жмеринська,Вінницька,Жмеринський,міська,49.0354593,28.1147317,34,531.7,48271,0.790039568270804,NA,NA,268.409376626832,127.008580422195,39,1,0,0,372.6,False,2026-09-09,5,28,2026-08-29,0.8,oblast_cascade,,Ladyzhynska TPP,0,0.001,0.2002
UA05060070000012952,Копайгородська,Вінницька,Жмеринський,селищна,48.85654,27.7985,21,307.1,7825,0.154121405750799,NA,NA,291.069375535981,96.7599804214902,NA,1,0,0,375.8,False,2026-09-09,5,28,2026-08-29,0.8,oblast_cascade,,Ladyzhynska TPP,0,0.001,0.2002
UA05060090000058521,Мурафська,Вінницька,Жмеринський,сільська,48.768875,28.215824,8,191.6,11380,0,NA,NA,296.669995582277,112.177007269318,1,0,0,0,346.6,False,2026-09-09,5,28,2026-08-29,0.8,oblast_cascade,,Ladyzhynska TPP,0,0.001,0.2002
UA05060110000027268,Северинівська,Вінницька,Жмеринський,сільська,49.047089,27.93755,19,223.1,7708,0,NA,NA,269.560133348276,119.565364249199,NA,0,0,0,382.7,False,2026-09-09,5,28,2026-08-29,0.8,oblast_cascade,,Ladyzhynska TPP,0,0.001,0.2002
UA05060130000030729,Станіславчицька,Вінницька,Жмеринський,сільська,48.97121,28.10989,16,301,7436,0,NA,NA,275.515263086672,121.64449651131,NA,0,0,0,367.8,False,2026-09-09,5,28,2026-08-29,0.8,oblast_cascade,,Ladyzhynska TPP,0,0.001,0.2002
UA05060150000094411,Шаргородська,Вінницька,Жмеринський,міська,48.7498267,28.08317,32,482.1,24017,0.290710746554524,NA,NA,300.131059551022,103.381745955045,9,1,0,0,352.3,False,2026-09-09,5,28,2026-08-29,0.8,oblast_cascade,,Ladyzhynska TPP,0,0.001,0.2002
UA05080010000038400,Бабчинецька,Вінницька,Могилів-Подільський,сільська,48.417961,28.160311,13,207.5,5237,0,NA,NA,335.89503992989,87.5374237409004,NA,0,0,0,324.3,False,2026-09-09,5,28,2026-08-29,0.8,oblast_cascade,,Ladyzhynska TPP,0,0.001,0.2002
UA05080030000089348,Вендичанська,Вінницька,Могилів-Подільський,селищна,48.6095706,27.7881091,25,436.4,13557,0.269381131518773,NA,NA,318.524374742478,76.8491204043235,NA,1,0,0,359.0,False,2026-09-09,5,28,2026-08-29,0.8,oblast_cascade,,Ladyzhynska TPP,0,0.001,0.2002
UA05080050000023603,Могилів-Подільська,Вінницька,Могилів-Подільський,міська,48.442544,27.7991124,26,373.8,42154,0.709897044171372,NA,NA,337.10232291468,66.1131839033863,67,1,0,0,347.5,False,2026-09-09,5,28,2026-08-29,0.8,oblast_cascade,,Ladyzhynska TPP,0,0.001,0.2002
UA05080070000010150,Мурованокуриловецька,Вінницька,Могилів-Подільський,селищна,48.7130055,27.5355762,50,738.8,20403,0.276037837572906,NA,NA,307.429547574188,72.1951601064422,NA,1,0,0,380.7,False,2026-09-09,5,28,2026-08-29,0.8,oblast_cascade,,Ladyzhynska TPP,0,0.001,0.2002
UA05080090000089922,Чернівецька,Вінницька,Могилів-Подільський,селищна,48.5406973,28.1221153,30,426,15196,0.163398262700711,NA,NA,322.72433066131,92.1673403084762,NA,1,0,0,335.0,False,2026-09-09,5,28,2026-08-29,0.8,oblast_cascade,,Ladyzhynska TPP,0,0.001,0.2002
UA05080110000056824,Ямпільська,Вінницька,Могилів-Подільський,міська,48.2400683,28.2779272,38,787.9,36670,0.291218980092719,NA,NA,354.626740776874,87.0618179132837,6,0,0,0,305.4,False,2026-09-09,5,28,2026-08-29,0.8,oblast_cascade,,Ladyzhynska TPP,0,0.001,0.2002
UA05080130000024964,Яришівська,Вінницька,Могилів-Подільський,сільська,48.512192,27.63199,13,250.6,6611,0,NA,NA,329.470838917448,61.0622428172191,NA,1,0,0,362.0,False,2026-09-09,5,28,2026-08-29,0.8,oblast_cascade,,Ladyzhynska TPP,0,0.001,0.2002
UA05100010000023453,Брацлавська,Вінницька,Тульчинський,селищна,48.8268749,28.9379724,19,260.4,9439,0.516156372497087,NA,NA,284.983541142922,159.982520141016,NA,0,0,0,315.4,False,2026-09-09,5,28,2026-08-29,0.8,oblast_cascade,,Ladyzhynska TPP,0,0.001,0.2002
UA05100030000051497,Вапнярська,Вінницька,Тульчинський,селищна,48.5312383,28.7468189,6,112.2,9304,0.770098882201204,NA,NA,319.209431847827,131.471704330143,1,1,0,0,300.2,False,2026-09-09,5,28,2026-08-29,0.8,oblast_cascade,,Ladyzhynska TPP,0,0.001,0.2002
UA05100050000038768,Городківська,Вінницька,Тульчинський,сільська,48.380028,28.67379,25,463.5,11474,0,NA,NA,336.581890656754,119.834805813302,1,0,0,0,292.5,False,2026-09-09,5,28,2026-08-29,0.8,oblast_cascade,,Ladyzhynska TPP,0,0.001,0.2002
UA05100070000035159,Крижопільська,Вінницька,Тульчинський,селищна,48.38568,28.86941,19,421.9,19658,0.431325668938854,NA,NA,334.299180401141,133.671440344952,10,1,0,0,282.4,False,2026-09-09,5,28,2026-08-29,0.8,oblast_cascade,,Ladyzhynska TPP,0,0.001,0.2002
UA05100090000029847,Піщанська,Вінницька,Тульчинський,селищна,48.2077558,28.8864581,14,335.9,13467,0.462389544813247,NA,NA,353.88809520567,128.263289585085,NA,1,0,0,268.0,False,2026-09-09,5,28,2026-08-29,0.8,oblast_cascade,,Ladyzhynska TPP,0,0.001,0.2002
UA05100110000070795,Студенянська,Вінницька,Тульчинський,сільська,48.1457286,28.8527159,15,259.4,5778,0,NA,NA,360.9799512429,121.994519730474,NA,0,0,0,265.4,False,2026-09-09,5,28,2026-08-29,0.8,oblast_cascade,,Ladyzhynska TPP,0,0.001,0.2002
UA05100130000061386,Томашпільська,Вінницька,Тульчинський,селищна,48.5453497,28.5114332,28,666.6,21494,0.245463850376849,NA,NA,319.508962980584,117.005353952614,0,0,0,0,313.7,False,2026-09-09,5,28,2026-08-29,0.8,oblast_cascade,,Ladyzhynska TPP,0,0.001,0.2002
UA05100150000050790,Тульчинська,Вінницька,Тульчинський,міська,48.6730485,28.8569476,36,860.4,43012,0.448107504882358,NA,NA,302.601776287195,146.097627036261,15,1,0,0,306.2,False,2026-09-09,5,28,2026-08-29,0.8,oblast_cascade,,Ladyzhynska TPP,0,0.001,0.2002
UA05100170000071290,Шпиківська,Вінницька,Тульчинський,селищна,48.7860654,28.5647525,27,478.9,15803,0.184585205340758,NA,NA,292.583823207053,134.092203964815,NA,0,0,0,329.9,False,2026-09-09,5,28,2026-08-29,0.8,oblast_cascade,,Ladyzhynska TPP,0,0.001,0.2002
UA05120010000076685,Глуховецька,Вінницька,Хмільницький,селищна,49.77356,28.72891,17,262.9,10994,0.46652719665272,NA,NA,182.479402756076,218.493073034451,0,1,0,0,410.6,False,2026-09-09,5,28,2026-08-29,0.8,oblast_cascade,,Ladyzhynska TPP,0,0.001,0.2002
UA05120030000061384,Жданівська,Вінницька,Хмільницький,сільська,49.6227642,27.892957,15,167.5,5360,0,NA,NA,206.07253400344,171.522889400938,NA,0,0,0,432.0,False,2026-09-09,5,28,2026-08-29,0.8,oblast_cascade,,Ladyzhynska TPP,0,0.001,0.2002
UA05120050000063063,Іванівська,Вінницька,Хмільницький,сільська,49.4852718,28.3424484,14,311.6,13164,0,NA,NA,216.486550594682,176.151913481631,0,1,0,0,399.8,False,2026-09-09,5,28,2026-08-29,0.8,oblast_cascade,,Ladyzhynska TPP,0,0.001,0.2002
UA05120070000075759,Калинівська,Вінницька,Хмільницький,міська,49.4583688,28.5262638,49,844.1,44542,0.415158726595124,NA,NA,218.110521659023,182.017380049313,12,1,0,0,389.5,False,2026-09-09,5,28,2026-08-29,0.8,oblast_cascade,,Ladyzhynska TPP,0,0.001,0.2002
UA05120090000060589,Козятинська,Вінницька,Хмільницький,міська,49.7195867,28.8354279,16,234.5,32347,0.71743902062015,NA,NA,187.602482143771,218.590497979655,83,1,0,0,401.5,False,2026-09-09,5,28,2026-08-29,0.8,oblast_cascade,,Ladyzhynska TPP,0,0.001,0.2002
UA05120110000018679,Махнівська,Вінницька,Хмільницький,сільська,49.7207433,28.6709477,20,311.4,7785,0,NA,NA,188.433434626789,211.297913788371,NA,0,0,0,407.8,False,2026-09-09,5,28,2026-08-29,0.8,oblast_cascade,,Ladyzhynska TPP,0,0.001,0.2002
UA05120130000014261,Самгородоцька,Вінницька,Хмільницький,сільська,49.5337018,28.8450733,20,323.1,8283,0,NA,NA,207.84924811152,203.65993930569,NA,0,0,0,383.5,False,2026-09-09,5,28,2026-08-29,0.8,oblast_cascade,,Ladyzhynska TPP,0,0.001,0.2002
UA05120150000069474,Уланівська,Вінницька,Хмільницький,сільська,49.6939529,28.1323125,36,611.1,15263,0,NA,NA,196.28107656814,186.947680396343,NA,0,0,0,427.4,False,2026-09-09,5,28,2026-08-29,0.8,oblast_cascade,,Ladyzhynska TPP,0,0.001,0.2002
UA05120170000013778,Хмільницька,Вінницька,Хмільницький,міська,49.556175,27.9491205,42,635.8,42994,0.626040842908313,NA,NA,213.68247696311,167.021362336499,1,1,0,0,423.7,False,2026-09-09,5,28,2026-08-29,0.8,oblast_cascade,,Ladyzhynska TPP,0,0.001,0.2002
UA07020010000096841,Володимир-Волинська,Волинська,Володимир-Волинський,міська,50.8474669,24.319319,9,104.2,41973,0.903199675982179,NA,NA,84.5104022714822,12.3560300356596,39,1,0,0,709.1,False,2026-09-09,0,21,2026-08-29,0,none,,,0,0.0007,0.0001
UA07020030000052032,Затурцівська,Волинська,Володимир-Волинський,сільська,50.7799387,24.8430189,26,366.3,8138,0,NA,NA,106.759825439171,49.9013835862693,NA,0,0,0,676.1,False,2026-09-09,0,21,2026-08-29,0,none,,,0,0.0007,0.0001
UA07020050000082369,Зимнівська,Волинська,Володимир-Волинський,сільська,50.801533,24.337662,30,309.1,8396,0,NA,NA,89.7770507905379,15.0364602287184,NA,0,0,0,704.9,False,2026-09-09,0,21,2026-08-29,0,none,,,0,0.0007,0.0001
UA07020070000082628,Іваничівська,Волинська,Володимир-Волинський,селищна,50.6407709,24.3619629,9,99.2,9234,0.677929391379684,NA,NA,106.954265046449,18.6050761547761,36,1,0,0,692.4,False,2026-09-09,0,21,2026-08-29,0,none,,,0,0.0007,0.0001
UA07020090000019505,Литовезька,Волинська,Володимир-Волинський,сільська,50.640789,24.18297,6,124,4012,0,NA,NA,101.932824845117,5.99037336675783,NA,0,0,0,702.4,False,2026-09-09,0,21,2026-08-29,0,none,,,0,0.0007,0.0001
UA07020110000037373,Локачинська,Волинська,Володимир-Волинський,селищна,50.738946,24.6482949,28,344.4,13231,0.279495125085028,NA,NA,103.990023724231,37.8891621938894,NA,0,0,0,683.6,False,2026-09-09,0,21,2026-08-29,0,none,,,0,0.0007,0.0001
UA07020130000036300,Нововолинська,Волинська,Володимир-Волинський,міська,50.7224829,24.1648399,8,75.2,57394,0.946910826915706,NA,NA,92.9901519527634,6.37848228501929,200,0,0,0,709.0,False,2026-09-09,0,21,2026-08-29,0,none,,,0,0.0007,0.0001
UA07020150000092012,Оваднівська,Волинська,Володимир-Волинський,сільська,50.926411,24.38899,21,355.1,5623,0,NA,NA,77.6488384925348,18.2121500367879,NA,0,0,0,710.9,False,2026-09-09,0,21,2026-08-29,0,none,,,0,0.0007,0.0001
UA07020170000049971,Павлівська,Волинська,Володимир-Волинський,сільська,50.6282366,24.4638426,20,254.8,8561,0,NA,NA,110.756610083328,25.8096680377519,NA,0,0,0,685.9,False,2026-09-09,0,21,2026-08-29,0,none,,,0,0.0007,0.0001
UA07020190000043658,Поромівська,Волинська,Володимир-Волинський,сільська,50.751942,24.082321,18,108.6,5563,0,NA,NA,87.9118866808658,3.5547335957968,NA,0,0,0,715.6,False,2026-09-09,0,21,2026-08-29,0,none,,,0,0.0007,0.0001
UA07020210000033081,Устилузька,Волинська,Володимир-Волинський,міська,50.8622192,24.1505139,26,415.6,7106,0.289895862651281,NA,NA,78.3097285582823,0.409841949997808,NA,0,0,0,719.4,False,2026-09-09,0,21,2026-08-29,0,none,,,0,0.0007,0.0001
UA07040010000033507,Камінь-Каширська,Волинська,Камінь-Каширський,міська,51.6271153,24.961357,55,1421.9,53906,0.231458464734909,NA,NA,29.4664756409738,90.0703513609345,1,0,0,0,735.9,False,2026-09-09,0,21,2026-08-29,0,none,,,0,0.0007,0.0001
UA07040030000028082,Любешівська,Волинська,Камінь-Каширський,селищна,51.7632795,25.5048264,41,1239.1,30445,0.187288553128593,NA,NA,17.5340045367537,127.215453632712,1,1,0,0,722.6,False,2026-09-09,0,21,2026-08-29,0,none,,,0,0.0007,0.0001
UA07040050000080830,Маневицька,Волинська,Камінь-Каширський,селищна,51.2908106,25.537878,36,1097.2,27781,0.383607501529823,NA,NA,70.0370177142403,107.961439739355,10,1,0,0,681.3,False,2026-09-09,0,21,2026-08-29,0,none,,,0,0.0007,0.0001
UA07040070000058434,Прилісненська,Волинська,Камінь-Каширський,сільська,51.376015,25.523325,11,526.7,9110,0,NA,NA,60.5156168909286,111.443600148224,NA,0,0,0,689.0,False,2026-09-09,0,21,2026-08-29,0,none,,,0,0.0007,0.0001
UA07040090000043197,Сошичненська,Волинська,Камінь-Каширський,сільська,51.469231,24.88472,12,394.8,9140,0,NA,NA,46.7301465809678,78.9897771647371,NA,1,0,0,726.8,False,2026-09-09,0,21,2026-08-29,0,none,,,0,0.0007,0.0001
UA07060010000090019,Велимченська,Волинська,Ковельський,сільська,51.58012,24.74224,4,110.9,3488,0,NA,NA,33.4667732489626,74.1235852945759,NA,0,0,0,742.5,False,2026-09-09,0,21,2026-08-29,0,none,,,0,0.0007,0.0001
UA07060030000041840,Велицька,Волинська,Ковельський,сільська,51.120972,25.2028513,12,211.5,3873,0,NA,NA,87.6836836776822,79.1056463614229,NA,0,0,0,683.7,False,2026-09-09,0,21,2026-08-29,0,none,,,0,0.0007,0.0001
UA07060050000091514,Вишнівська,Волинська,Ковельський,сільська,51.197605,24.029932,21,498.3,8287,0,NA,NA,41.7557943837069,12.3735982776152,NA,0,0,0,749.6,False,2026-09-09,0,21,2026-08-29,0,none,,,0,0.0007,0.0001
UA07060070000063773,Голобська,Волинська,Ковельський,селищна,51.0859784,25.015465,23,300.8,8326,0.464929137641124,NA,NA,87.1579020828831,65.4923141490882,1,1,0,0,690.3,False,2026-09-09,0,21,2026-08-29,0,none,,,0,0.0007,0.0001
UA07060090000026043,Головненська,Волинська,Ковельський,селищна,51.336538,24.0785257,14,317.2,8553,0.342102186367357,NA,NA,27.6719079406673,24.9924965602962,2,0,0,0,757.1,False,2026-09-09,0,21,2026-08-29,0,none,,,0,0.0007,0.0001
UA07060110000041168,Дубечненська,Волинська,Ковельський,сільська,51.5489753,24.374079,10,310.7,9688,0,NA,NA,19.8281567179169,48.6493303444574,NA,0,0,0,758.1,False,2026-09-09,0,21,2026-08-29,0,none,,,0,0.0007,0.0001
UA07060130000030797,Дубівська,Волинська,Ковельський,сільська,51.265587,24.685938,10,204.7,5062,0,NA,NA,57.7519922034211,58.0220519550283,1,0,0,0,720.7,False,2026-09-09,0,21,2026-08-29,0,none,,,0,0.0007,0.0001
UA07060150000038564,Заболоттівська,Волинська,Ковельський,селищна,51.6314645,24.2552388,4,253.3,9115,0.48085573230938,NA,NA,7.85791543296404,43.6997314240668,1,0,0,0,770.4,False,2026-09-09,0,21,2026-08-29,0,none,,,0,0.0007,0.0001
UA07060170000059479,Забродівська,Волинська,Ковельський,сільська,51.668423,24.601269,18,333.8,9794,0,NA,NA,21.4700104874451,67.5666020355404,NA,0,0,0,756.3,False,2026-09-09,0,21,2026-08-29,0,none,,,0,0.0007,0.0001
UA07060190000036342,Ковельська,Волинська,Ковельський,міська,51.2120538,24.708894,15,311.1,72820,0.927973084317495,NA,NA,63.0714447503057,54.8012339196366,57,1,0,0,715.4,False,2026-09-09,0,21,2026-08-29,0,none,,,0,0.0007,0.0001
UA07060210000030014,Колодяжненська,Волинська,Ковельський,сільська,51.181622,24.798964,19,464.4,8057,0,NA,NA,69.8945328705256,57.39383399305,NA,0,0,0,708.5,False,2026-09-09,0,21,2026-08-29,0,none,,,0,0.0007,0.0001
UA07060230000029166,Луківська,Волинська,Ковельський,селищна,51.229557,24.3449012,14,161.2,5114,0.586233867813844,NA,NA,45.8615516812858,34.2981686063421,NA,0,0,0,735.4,False,2026-09-09,0,21,2026-08-29,0,none,,,0,0.0007,0.0001
UA07060250000039902,Люблинецька,Волинська,Ковельський,селищна,51.18633,24.61933,9,115,6247,0.708980310549064,NA,NA,61.1440881758408,48.3721198064724,4,1,0,0,718.0,False,2026-09-09,0,21,2026-08-29,0,none,,,0,0.0007,0.0001
UA07060270000021892,Любомльська,Волинська,Ковельський,міська,51.2234546,24.0315783,15,296.8,16027,0.64235352842079,NA,NA,39.5493021499699,13.9308213595621,3,0,0,0,751.3,False,2026-09-09,0,21,2026-08-29,0,none,,,0,0.0007,0.0001
UA07060290000054842,Поворська,Волинська,Ковельський,сільська,51.261631,25.129389,11,299.3,4308,0,NA,NA,71.3355971086337,81.4181804944155,NA,0,0,0,698.4,False,2026-09-09,0,21,2026-08-29,0,none,,,0,0.0007,0.0001
UA07060310000037369,Ратнівська,Волинська,Ковельський,селищна,51.67145,24.52458,24,481.2,21343,0.4487185494073,NA,NA,16.6662160102884,62.4728708189468,11,1,0,0,760.3,False,2026-09-09,0,21,2026-08-29,0,none,,,0,0.0007,0.0001
UA07060330000052414,Рівненська,Волинська,Ковельський,сільська,51.233711,23.7957,17,333.5,5741,0,NA,NA,30.769303316346,3.60251014057211,NA,0,0,0,764.7,False,2026-09-09,0,21,2026-08-29,0,none,,,0,0.0007,0.0001
UA07060350000084520,Самарівська,Волинська,Ковельський,сільська,51.865421,24.61659,19,256.8,5075,0,NA,NA,4.03161053041514,65.1371535331202,NA,0,0,0,771.4,False,2026-09-09,0,21,2026-08-29,0,none,,,0,0.0007,0.0001
UA07060370000022360,Сереховичівська,Волинська,Ковельський,сільська,51.413324,24.6780485,11,167.6,3364,0,NA,NA,44.0000137349212,63.3995472418869,NA,0,0,0,732.5,False,2026-09-09,0,21,2026-08-29,0,none,,,0,0.0007,0.0001
UA07060390000098670,Смідинська,Волинська,Ковельський,сільська,51.2981152,24.4331306,10,227.2,4473,0,NA,NA,43.4421231560569,42.5670703700896,NA,0,0,0,736.0,False,2026-09-09,0,21,2026-08-29,0,none,,,0,0.0007,0.0001
UA07060410000041366,Старовижівська,Волинська,Ковельський,селищна,51.4422955,24.438565,17,373.3,12230,0.413573180703189,NA,NA,31.8902611211028,51.0604988987688,9,0,0,0,746.6,False,2026-09-09,0,21,2026-08-29,0,none,,,0,0.0007,0.0001
UA07060430000041345,Турійська,Волинська,Ковельський,селищна,51.08299,24.52389,52,869,19074,0.304498269896194,NA,NA,66.3163098371685,35.579171991103,2,1,0,0,715.2,False,2026-09-09,0,21,2026-08-29,0,none,,,0,0.0007,0.0001
UA07060450000051170,Шацька,Волинська,Ковельський,селищна,51.4909494,23.9219323,31,761.1,16245,0.323114804555248,NA,NA,11.0952250776375,17.117628521756,11,1,0,0,776.6,False,2026-09-09,0,21,2026-08-29,0,none,,,0,0.0007,0.0001
UA07080010000062933,Берестечківська,Волинська,Луцький,міська,50.3585756,25.1209852,21,223.2,10702,0.152307979816857,NA,NA,156.995158708853,76.1570979909797,NA,0,0,0,630.9,False,2026-09-09,0,21,2026-08-29,0,none,,,0,0.0007,0.0001
UA07080030000051738,Боратинська,Волинська,Луцький,сільська,50.7043549,25.3553319,24,282.7,14990,0,NA,NA,135.22302803212,86.9068486494711,3,0,0,0,643.7,False,2026-09-09,0,21,2026-08-29,0,none,,,0,0.0007,0.0001
UA07080050000014573,Городищенська,Волинська,Луцький,сільська,50.5831266,25.0807256,21,234.7,8949,0.134987149402168,NA,NA,134.255987674728,69.3501209984349,NA,0,0,0,649.1,False,2026-09-09,0,21,2026-08-29,0,none,,,0,0.0007,0.0001
UA07080070000052255,Горохівська,Волинська,Луцький,міська,50.4986166,24.7600734,41,494.9,28007,0.318670332416896,NA,NA,131.570973690198,47.7927312402332,23,0,0,0,660.6,False,2026-09-09,0,21,2026-08-29,0,none,,,0,0.0007,0.0001
UA07080090000017614,Доросинівська,Волинська,Луцький,сільська,50.95562,24.99836,13,234.7,6581,0,NA,NA,97.7818568450048,60.5473694162436,NA,0,0,0,681.1,False,2026-09-09,0,21,2026-08-29,0,none,,,0,0.0007,0.0001
UA07080110000043895,Ківерцівська,Волинська,Луцький,міська,50.8333448,25.4648622,24,473.9,23422,0.589104260951242,NA,NA,120.724344451555,92.6835804123355,25,1,0,0,648.1,False,2026-09-09,0,21,2026-08-29,0,none,,,0,0.0007,0.0001
UA07080130000017070,Колківська,Волинська,Луцький,селищна,51.0962777,25.6676021,28,763.5,22571,0.176066634176598,NA,NA,91.2135404867238,109.489804104385,NA,0,0,0,659.2,False,2026-09-09,0,21,2026-08-29,0,none,,,0,0.0007,0.0001
UA07080150000089103,Копачівська,Волинська,Луцький,сільська,50.8798116,25.2230391,14,178.4,6005,0,NA,NA,114.255786547404,75.597301424457,NA,0,0,0,663.9,False,2026-09-09,0,21,2026-08-29,0,none,,,0,0.0007,0.0001
UA07080170000013585,Луцька,Волинська,Луцький,міська,50.7450733,25.320078,36,383.1,236322,0.920138624419225,NA,NA,130.268470814053,83.6083739957956,471,1,0,0,648.6,False,2026-09-09,0,21,2026-08-29,0,none,,,0,0.0007,0.0001
UA07080190000072811,Мар’янівська,Волинська,Луцький,селищна,50.4508395,24.7980123,15,229.7,10712,0.249813293502614,NA,NA,137.514642182192,51.4831283691336,NA,1,0,0,655.2,False,2026-09-09,0,21,2026-08-29,0,none,,,0,0.0007,0.0001
UA07080210000090779,Олицька,Волинська,Луцький,селищна,50.725417,25.8111941,17,270,11870,0.255433866891323,NA,NA,128.050835690782,118.096848664004,NA,0,0,0,622.4,False,2026-09-09,0,21,2026-08-29,0,none,,,0,0.0007,0.0001
UA07080230000046097,Підгайцівська,Волинська,Луцький,сільська,50.7100328,25.4064958,20,285,17322,0,NA,NA,134.497683767139,90.3027171256899,26,0,0,0,641.5,False,2026-09-09,0,21,2026-08-29,0,none,,,0,0.0007,0.0001
UA07080250000053335,Рожищенська,Волинська,Луцький,міська,50.916332,25.2712543,37,461.5,28161,0.512126700046163,NA,NA,110.936085881422,79.1171401042786,32,1,0,0,664.3,False,2026-09-09,0,21,2026-08-29,0,none,,,0,0.0007,0.0001
UA07080270000067148,Торчинська,Волинська,Луцький,селищна,50.769734,25.010768,24,286.8,12034,0.375270068140269,NA,NA,114.530533002124,61.7030385415261,NA,0,0,0,666.5,False,2026-09-09,0,21,2026-08-29,0,none,,,0,0.0007,0.0001
UA07080290000088287,Цуманська,Волинська,Луцький,селищна,50.82962,25.88413,16,447,17791,0.369793715923782,NA,NA,115.400348294484,122.11424069466,2,0,0,0,627.2,False,2026-09-09,0,21,2026-08-29,0,none,,,0,0.0007,0.0001
UA12020010000033698,Дніпровська,Дніпропетровська,Дніпровський,міська,48.4680221,35.0417711,2,406,971078,1,NA,NA,213.712591088559,533.166408992763,1094,1,0,0,101.5,False,2026-09-09,714,5517,2026-08-29,2,hosts_facility,Dnipro thermal/CHP sites,Kryvorizka TPP; Dnipro thermal/CHP sites,0,0.2442,0.5488
UA12020030000073022,Китайгородська,Дніпропетровська,Дніпровський,сільська,48.90081,34.447723,5,96.1,3170,0,NA,NA,182.327213134633,518.958351129428,NA,0,0,0,151.3,False,2026-09-09,714,5517,2026-08-29,0.8,oblast_cascade,,Kryvorizka TPP; Dnipro thermal/CHP sites,0,0.2442,0.2488
UA12020050000026654,Любимівська,Дніпропетровська,Дніпровський,сільська,48.373829,35.172729,6,148.5,3562,0,NA,NA,222.399798307834,533.650959858516,NA,0,0,0,89.5,False,2026-09-09,714,5517,2026-08-29,0.8,oblast_cascade,,Kryvorizka TPP; Dnipro thermal/CHP sites,0,0.2442,0.2488
UA12020070000057092,Ляшківська,Дніпропетровська,Дніпровський,сільська,48.9985575,34.3960233,9,83.2,2040,0,NA,NA,174.596411080134,519.645007538237,NA,0,0,0,162.5,False,2026-09-09,714,5517,2026-08-29,0.8,oblast_cascade,,Kryvorizka TPP; Dnipro thermal/CHP sites,0,0.2442,0.2488
UA12020090000044548,Миколаївська,Дніпропетровська,Дніпровський,сільська,48.3615514,34.6844602,10,370.3,6536,0,NA,NA,231.596635006905,505.675128136795,NA,0,0,0,90.8,False,2026-09-09,714,5517,2026-08-29,0.8,oblast_cascade,,Kryvorizka TPP; Dnipro thermal/CHP sites,0,0.2442,0.2488
UA12020110000034205,Могилівська,Дніпропетровська,Дніпровський,сільська,48.86272,34.48402,12,243.2,5884,0,NA,NA,184.922654889716,519.863572187524,NA,0,0,0,146.8,False,2026-09-09,714,5517,2026-08-29,0.8,oblast_cascade,,Kryvorizka TPP; Dnipro thermal/CHP sites,0,0.2442,0.2488
UA12020130000022909,Новоолександрівська,Дніпропетровська,Дніпровський,сільська,48.358379,34.986992,12,252.6,10497,0,NA,NA,226.46239283401,522.090239778881,3,0,0,0,90.8,False,2026-09-09,714,5517,2026-08-29,0.8,oblast_cascade,,Kryvorizka TPP; Dnipro thermal/CHP sites,0,0.2442,0.2488
UA12020150000050274,Новопокровська,Дніпропетровська,Дніпровський,селищна,48.067799,34.613155,33,530.2,7716,0.222265422498704,NA,NA,215.623082928715,480.022768543336,1,1,0,0,58.1,False,2026-09-09,714,5517,2026-08-29,0.8,oblast_cascade,,Kryvorizka TPP; Dnipro thermal/CHP sites,0,0.2442,0.2488
UA12020170000068526,Обухівська,Дніпропетровська,Дніпровський,селищна,48.5495226,34.8545508,3,144.7,11691,0.878367975365666,NA,NA,208.042921982172,529.117729882955,1,0,0,0,112.9,False,2026-09-09,714,5517,2026-08-29,0.8,oblast_cascade,,Kryvorizka TPP; Dnipro thermal/CHP sites,0,0.2442,0.2488
UA12020190000075117,Петриківська,Дніпропетровська,Дніпровський,селищна,48.7120245,34.6240969,19,841,22719,0.30274219816013,NA,NA,196.17284369926,523.6934402868,8,0,0,0,129.7,False,2026-09-09,714,5517,2026-08-29,0.8,oblast_cascade,,Kryvorizka TPP; Dnipro thermal/CHP sites,0,0.2442,0.2488
UA12020210000032285,Підгородненська,Дніпропетровська,Дніпровський,міська,48.5681471,35.1013002,5,232.4,23142,0.826981246218996,NA,NA,201.950287637033,543.858144048449,3,0,0,0,111.6,False,2026-09-09,714,5517,2026-08-29,0.8,oblast_cascade,,Kryvorizka TPP; Dnipro thermal/CHP sites,0,0.2442,0.2488
UA12020230000085693,Святовасилівська,Дніпропетровська,Дніпровський,сільська,48.18399,34.565262,23,306.7,4949,0,NA,NA,227.190599510824,485.852792985344,NA,0,0,0,71.1,False,2026-09-09,714,5517,2026-08-29,0.8,oblast_cascade,,Kryvorizka TPP; Dnipro thermal/CHP sites,0,0.2442,0.2488
UA12020250000010438,Слобожанська,Дніпропетровська,Дніпровський,селищна,48.5307982,35.0828484,6,257.6,23854,0.614613901232498,NA,NA,206.283314080139,540.07068951951,14,0,0,0,107.8,False,2026-09-09,714,5517,2026-08-29,0.8,oblast_cascade,,Kryvorizka TPP; Dnipro thermal/CHP sites,0,0.2442,0.2488
UA12020270000063450,Солонянська,Дніпропетровська,Дніпровський,селищна,48.20423,34.87713,51,899.7,23782,0.310318728450088,NA,NA,236.045041085216,504.775167026475,10,0,0,0,75.4,False,2026-09-09,714,5517,2026-08-29,0.8,oblast_cascade,,Kryvorizka TPP; Dnipro thermal/CHP sites,0,0.2442,0.2488
UA12020290000063321,Сурсько-Литовська,Дніпропетровська,Дніпровський,сільська,48.336411,34.92416,4,121.6,5701,0,NA,NA,229.820154325355,516.982975780854,NA,0,0,0,90.5,False,2026-09-09,714,5517,2026-08-29,0.8,oblast_cascade,,Kryvorizka TPP; Dnipro thermal/CHP sites,0,0.2442,0.2488
UA12020310000017431,Царичанська,Дніпропетровська,Дніпровський,селищна,48.9434,34.48986,23,478.9,14227,0.499402544457721,NA,NA,176.707598326045,523.591785330399,14,0,0,0,155.7,False,2026-09-09,714,5517,2026-08-29,0.8,oblast_cascade,,Kryvorizka TPP; Dnipro thermal/CHP sites,0,0.2442,0.2488
UA12020330000076598,Чумаківська,Дніпропетровська,Дніпровський,сільська,48.649181,34.865452,11,192.9,4517,0,NA,NA,197.153089078995,537.368853823466,NA,0,0,0,124.0,False,2026-09-09,714,5517,2026-08-29,0.8,oblast_cascade,,Kryvorizka TPP; Dnipro thermal/CHP sites,0,0.2442,0.2488
UA12040010000018960,Божедарівська,Дніпропетровська,Кам’янський,селищна,48.3601,34.11392,42,606.5,10420,0.254414587332054,NA,NA,239.507273617885,475.610682791142,1,1,0,0,96.3,False,2026-09-09,714,5517,2026-08-29,0.8,oblast_cascade,,Kryvorizka TPP; Dnipro thermal/CHP sites,0,0.2442,0.2488
UA12040030000066040,Верхівцівська,Дніпропетровська,Кам’янський,міська,48.48404,34.24232,11,151.2,11781,0.844410491469315,NA,NA,230.565420904174,489.041480062486,NA,1,0,0,108.4,False,2026-09-09,714,5517,2026-08-29,0.8,oblast_cascade,,Kryvorizka TPP; Dnipro thermal/CHP sites,0,0.2442,0.2488
UA12040050000057182,Верхньодніпровська,Дніпропетровська,Кам’янський,міська,48.6541915,34.3347779,48,1030.5,36897,0.667561048323712,NA,NA,210.559637407508,501.521717562568,12,1,0,0,125.7,False,2026-09-09,714,5517,2026-08-29,0.8,oblast_cascade,,Kryvorizka TPP; Dnipro thermal/CHP sites,0,0.2442,0.2488
UA12040070000083117,Вишнівська,Дніпропетровська,Кам’янський,селищна,48.4379101,33.9165294,10,213.2,4362,0.516964695093994,NA,NA,246.175914809012,464.608678341101,NA,0,0,0,113.2,False,2026-09-09,714,5517,2026-08-29,0.8,oblast_cascade,,Kryvorizka TPP; Dnipro thermal/CHP sites,0,0.2442,0.2488
UA12040090000029346,Вільногірська,Дніпропетровська,Кам’янський,міська,48.49365,34.02328,11,151.9,23361,0.945122212234065,NA,NA,236.931712967428,474.035000821217,9,1,0,0,112.3,False,2026-09-09,714,5517,2026-08-29,0.8,oblast_cascade,,Kryvorizka TPP; Dnipro thermal/CHP sites,0,0.2442,0.2488
UA12040110000091524,Жовтоводська,Дніпропетровська,Кам’янський,міська,48.3465174,33.5027797,4,79.1,43496,0.966801544969652,NA,NA,235.643347613648,432.412914966339,138,0,0,0,111.0,False,2026-09-09,714,5517,2026-08-29,0.8,oblast_cascade,,Kryvorizka TPP; Dnipro thermal/CHP sites,0,0.2442,0.2488
UA12040130000037856,Затишнянська,Дніпропетровська,Кам’янський,сільська,48.207699,34.24868,23,372.1,3806,0,NA,NA,224.603413146821,470.516491784014,NA,1,0,0,77.8,False,2026-09-09,714,5517,2026-08-29,0.8,oblast_cascade,,Kryvorizka TPP; Dnipro thermal/CHP sites,0,0.2442,0.2488
UA12040150000015189,Кам’янська,Дніпропетровська,Кам’янський,міська,48.5167748,34.6068797,3,136.3,233701,0.998904583206747,NA,NA,216.969345383682,513.481202323624,71,1,0,0,108.0,False,2026-09-09,714,5517,2026-08-29,0.8,oblast_cascade,,Kryvorizka TPP; Dnipro thermal/CHP sites,0,0.2442,0.2488
UA12040170000019083,Криничанська,Дніпропетровська,Кам’янський,селищна,48.3747353,34.4569858,46,689.5,18714,0.421716362081864,NA,NA,235.597805707817,494.520826068527,1,0,0,0,93.1,False,2026-09-09,714,5517,2026-08-29,0.8,oblast_cascade,,Kryvorizka TPP; Dnipro thermal/CHP sites,0,0.2442,0.2488
UA12040190000056469,Лихівська,Дніпропетровська,Кам’янський,селищна,48.68626,33.922,26,466.5,4708,0.387000849617672,NA,NA,222.344248570061,474.359687799097,NA,0,0,0,134.9,False,2026-09-09,714,5517,2026-08-29,0.8,oblast_cascade,,Kryvorizka TPP; Dnipro thermal/CHP sites,0,0.2442,0.2488
UA12040210000039759,П’ятихатська,Дніпропетровська,Кам’янський,міська,48.4124318,33.7016613,31,500.3,25367,0.715102298261521,NA,NA,242.757669926789,448.673588750925,16,1,0,0,113.2,False,2026-09-09,714,5517,2026-08-29,0.8,oblast_cascade,,Kryvorizka TPP; Dnipro thermal/CHP sites,0,0.2442,0.2488
UA12040230000099388,Саксаганська,Дніпропетровська,Кам’янський,сільська,48.345341,33.84235,19,406.3,6830,0,NA,NA,235.724059444657,456.249264534966,NA,0,0,0,103.7,False,2026-09-09,714,5517,2026-08-29,0.8,oblast_cascade,,Kryvorizka TPP; Dnipro thermal/CHP sites,0,0.2442,0.2488
UA12060010000090992,Апостолівська,Дніпропетровська,Криворізький,міська,47.6617478,33.7180001,20,676.5,21827,0.598753836990883,NA,NA,159.341792732645,400.076783266975,1,1,0,0,36.7,False,2026-09-09,714,5517,2026-08-29,0.8,oblast_cascade,,Kryvorizka TPP; Dnipro thermal/CHP sites,0,0.2442,0.2488
UA12060030000081794,Вакулівська,Дніпропетровська,Криворізький,сільська,47.89455,33.941921,18,285.3,2773,0,NA,NA,186.481069538624,429.955006589471,NA,0,0,0,53.1,False,2026-09-09,714,5517,2026-08-29,0.8,oblast_cascade,,Kryvorizka TPP; Dnipro thermal/CHP sites,0,0.2442,0.2488
UA12060050000031212,Глеюватська,Дніпропетровська,Криворізький,сільська,48.0477159,33.4276509,19,343.6,7500,0,NA,NA,202.845772823736,415.72425513498,NA,0,0,0,84.0,False,2026-09-09,714,5517,2026-08-29,0.8,oblast_cascade,,Kryvorizka TPP; Dnipro thermal/CHP sites,0,0.2442,0.2488
UA12060070000012840,Гречаноподівська,Дніпропетровська,Криворізький,сільська,47.785156,33.463089,15,257,4409,0,NA,NA,173.53208848679,395.974545108174,NA,0,0,0,59.9,False,2026-09-09,714,5517,2026-08-29,0.8,oblast_cascade,,Kryvorizka TPP; Dnipro thermal/CHP sites,0,0.2442,0.2488
UA12060090000074553,Грушівська,Дніпропетровська,Криворізький,сільська,47.588978,34.012913,7,268,6034,0,NA,NA,153.695438424184,411.492036196868,NA,0,0,0,18.7,False,2026-09-09,714,5517,2026-08-29,0.8,oblast_cascade,,Kryvorizka TPP; Dnipro thermal/CHP sites,0,0.2442,0.2488
UA12060110000015305,Девладівська,Дніпропетровська,Криворізький,сільська,48.103291,33.751369,34,408.6,5135,0,NA,NA,208.497426591744,436.411676267682,NA,1,0,0,79.4,False,2026-09-09,714,5517,2026-08-29,0.8,oblast_cascade,,Kryvorizka TPP; Dnipro thermal/CHP sites,0,0.2442,0.2488
UA12060130000012028,Зеленодольська,Дніпропетровська,Криворізький,міська,47.5668051,33.6474574,4,310.4,18324,0.692643527614058,NA,NA,148.692889440921,389.070519857527,1,0,0,1,34.4,False,2026-09-09,714,5517,2026-08-29,0.8,oblast_cascade,,Kryvorizka TPP; Dnipro thermal/CHP sites,0,0.2442,0.2488
UA12060150000015198,Карпівська,Дніпропетровська,Криворізький,сільська,47.66556,33.1152,26,366.2,5255,0,NA,NA,164.425296853538,368.470517055478,NA,0,0,0,86.5,False,2026-09-09,714,5517,2026-08-29,0.8,oblast_cascade,,Kryvorizka TPP; Dnipro thermal/CHP sites,0,0.2442,0.2488
UA12060170000091033,Криворізька,Дніпропетровська,Криворізький,міська,47.9102734,33.3917703,6,431.9,606584,0.995581815544096,NA,NA,187.87978246971,402.509006722752,619,1,0,0,73.5,False,2026-09-09,714,5517,2026-08-29,2,hosts_facility,Kryvorizka TPP,Kryvorizka TPP; Dnipro thermal/CHP sites,0,0.2442,0.5488
UA12060190000043514,Лозуватська,Дніпропетровська,Криворізький,сільська,48.061314,33.2810237,32,563.8,18464,0.0710571923743501,NA,NA,205.493235298039,407.45290448424,NA,1,0,0,91.7,False,2026-09-09,714,5517,2026-08-29,0.8,oblast_cascade,,Kryvorizka TPP; Dnipro thermal/CHP sites,0,0.2442,0.2488
UA12060210000077302,Нивотрудівська,Дніпропетровська,Криворізький,сільська,47.7285008,33.6215469,8,129.3,4529,0,NA,NA,166.683632085113,399.900223058862,NA,0,0,0,47.0,False,2026-09-09,714,5517,2026-08-29,0.8,oblast_cascade,,Kryvorizka TPP; Dnipro thermal/CHP sites,0,0.2442,0.2488
UA12060230000032833,Новолатівська,Дніпропетровська,Криворізький,сільська,47.7582211,33.2364554,11,267.3,2450,0,NA,NA,172.659982315534,382.196847678576,NA,0,0,0,83.0,False,2026-09-09,714,5517,2026-08-29,0.8,oblast_cascade,,Kryvorizka TPP; Dnipro thermal/CHP sites,0,0.2442,0.2488
UA12060250000064393,Новопільська,Дніпропетровська,Криворізький,сільська,47.9559565,33.525732,38,444.8,16312,0.232221677292791,NA,NA,192.183099455774,412.989352023166,NA,1,0,0,71.4,False,2026-09-09,714,5517,2026-08-29,0.8,oblast_cascade,,Kryvorizka TPP; Dnipro thermal/CHP sites,0,0.2442,0.2488
UA12060270000017282,Софіївська,Дніпропетровська,Криворізький,селищна,48.0482032,33.8668627,29,667.9,11824,0.535267253044655,NA,NA,202.905787145479,437.923389712148,7,0,0,0,70.9,False,2026-09-09,714,5517,2026-08-29,0.8,oblast_cascade,,Kryvorizka TPP; Dnipro thermal/CHP sites,0,0.2442,0.2488
UA12060290000039013,Широківська,Дніпропетровська,Криворізький,селищна,47.6846511,33.2645369,16,304.3,12514,0.768978743806936,NA,NA,164.241616519284,377.633861208715,1,0,0,1,75.1,False,2026-09-09,714,5517,2026-08-29,0.8,oblast_cascade,,Kryvorizka TPP; Dnipro thermal/CHP sites,0,0.2442,0.2488
UA12080010000029838,Марганецька,Дніпропетровська,Нікопольський,міська,47.6490555,34.649194,8,264.1,47688,0.950385841301795,NA,NA,172.246732490169,453.400419037444,132,1,0,1,11.6,False,2026-09-09,714,5517,2026-08-29,0.8,oblast_cascade,,Kryvorizka TPP; Dnipro thermal/CHP sites,0,0.2442,0.2488
UA12080030000022466,Мирівська,Дніпропетровська,Нікопольський,сільська,47.770885,34.729996,15,321,6990,0,NA,NA,187.061925729865,466.273284783809,NA,1,0,1,26.0,False,2026-09-09,714,5517,2026-08-29,0.8,oblast_cascade,,Kryvorizka TPP; Dnipro thermal/CHP sites,0,0.2442,0.2488
UA12080050000062712,Нікопольська,Дніпропетровська,Нікопольський,міська,47.5692061,34.3917272,1,50.7,105160,1,NA,NA,157.77811355192,432.57228375652,598,1,0,1,6.2,False,2026-09-09,714,5517,2026-08-29,0.8,oblast_cascade,,Kryvorizka TPP; Dnipro thermal/CHP sites,1,0.2442,0.2988
UA12080070000077032,Першотравневська,Дніпропетровська,Нікопольський,сільська,47.748482,34.380531,45,790.9,12099,0,NA,NA,176.883564786691,444.04936639296,NA,0,0,0,26.1,False,2026-09-09,714,5517,2026-08-29,0.8,oblast_cascade,,Kryvorizka TPP; Dnipro thermal/CHP sites,0,0.2442,0.2488
UA12080090000039979,Покровська,Дніпропетровська,Нікопольський,міська,47.6546589,34.1149341,6,170.1,42192,0.927284793325749,NA,NA,162.397810131961,422.035498905142,25,1,0,0,25.7,False,2026-09-09,714,5517,2026-08-29,0.8,oblast_cascade,,Kryvorizka TPP; Dnipro thermal/CHP sites,0,0.2442,0.2488
UA12080110000055958,Покровська,Дніпропетровська,Нікопольський,сільська,47.546421,34.15443,50,696.7,10126,0,NA,NA,151.422219626992,416.84441094512,NA,0,0,0,13.6,False,2026-09-09,714,5517,2026-08-29,0.8,oblast_cascade,,Kryvorizka TPP; Dnipro thermal/CHP sites,0,0.2442,0.2488
UA12080130000071360,Томаківська,Дніпропетровська,Нікопольський,селищна,47.8128265,34.7523182,35,669,14187,0.462324663424262,NA,NA,192.012905496408,470.39902016346,1,0,0,0,31.0,False,2026-09-09,714,5517,2026-08-29,0.8,oblast_cascade,,Kryvorizka TPP; Dnipro thermal/CHP sites,0,0.2442,0.2488
UA12080150000061416,Червоногригорівська,Дніпропетровська,Нікопольський,селищна,47.62161,34.52453,7,442.1,12304,0.490084525357607,NA,NA,166.237054561833,444.047242909936,19,0,0,1,10.0,False,2026-09-09,714,5517,2026-08-29,0.8,oblast_cascade,,Kryvorizka TPP; Dnipro thermal/CHP sites,1,0.2442,0.2988
UA12100010000093577,Губиниська,Дніпропетровська,Новомосковський,селищна,48.8082927,35.2563381,25,748.3,17914,0.297141900189796,NA,NA,173.711286064667,570.320097083427,NA,0,0,0,137.0,False,2026-09-09,714,5517,2026-08-29,0.8,oblast_cascade,,Kryvorizka TPP; Dnipro thermal/CHP sites,0,0.2442,0.2488
UA12100030000084605,Личківська,Дніпропетровська,Новомосковський,сільська,49.0814029,35.218048,8,298.1,5009,0,NA,NA,144.299719098554,578.611495565508,NA,0,0,0,167.5,False,2026-09-09,714,5517,2026-08-29,0.8,oblast_cascade,,Kryvorizka TPP; Dnipro thermal/CHP sites,0,0.2442,0.2488
UA12100050000045992,Магдалинівська,Дніпропетровська,Новомосковський,селищна,48.9145571,34.9291661,36,923.4,21151,0.289300742281689,NA,NA,167.534569607383,552.329752408118,21,0,0,0,153.8,False,2026-09-09,714,5517,2026-08-29,0.8,oblast_cascade,,Kryvorizka TPP; Dnipro thermal/CHP sites,0,0.2442,0.2488
UA12100070000011492,Новомосковська,Дніпропетровська,Новомосковський,міська,48.6358512,35.2595541,1,36,69855,1,NA,NA,192.65532766681,557.546609395018,61,0,0,0,117.8,False,2026-09-09,714,5517,2026-08-29,0.8,oblast_cascade,,Kryvorizka TPP; Dnipro thermal/CHP sites,0,0.2442,0.2488
UA12100090000022751,Перещепинська,Дніпропетровська,Новомосковський,міська,49.01825,35.35915,21,575.7,20393,0.472662188005688,NA,NA,149.54536306826,585.769122012424,2,0,0,0,160.0,False,2026-09-09,714,5517,2026-08-29,0.8,oblast_cascade,,Kryvorizka TPP; Dnipro thermal/CHP sites,0,0.2442,0.2488
UA12100110000043499,Піщанська,Дніпропетровська,Новомосковський,сільська,48.606949,35.331341,9,399.2,18391,0.215485835462998,NA,NA,195.206169666684,559.377915655701,2,0,0,0,114.3,False,2026-09-09,714,5517,2026-08-29,0.8,oblast_cascade,,Kryvorizka TPP; Dnipro thermal/CHP sites,0,0.2442,0.2488
UA12100130000095653,Черкаська,Дніпропетровська,Новомосковський,селищна,48.7061619,35.379844,2,190.3,10141,1,NA,NA,183.870033814434,569.342597205654,NA,0,0,0,125.3,False,2026-09-09,714,5517,2026-08-29,0.8,oblast_cascade,,Kryvorizka TPP; Dnipro thermal/CHP sites,0,0.2442,0.2488
UA12100150000039396,Чернеччинська,Дніпропетровська,Новомосковський,сільська,49.118382,34.773186,8,307.2,4672,0,NA,NA,150.248797974331,550.152475707368,NA,0,0,0,175.2,False,2026-09-09,714,5517,2026-08-29,0.8,oblast_cascade,,Kryvorizka TPP; Dnipro thermal/CHP sites,0,0.2442,0.2488
UA12120010000087180,Богданівська,Дніпропетровська,Павлоградський,сільська,48.494678,36.108971,10,496.9,9553,0,NA,NA,192.947969618759,596.393012041074,NA,0,0,0,79.2,False,2026-09-09,714,5517,2026-08-29,0.8,oblast_cascade,,Kryvorizka TPP; Dnipro thermal/CHP sites,0,0.2442,0.2488
UA12120030000075687,Вербківська,Дніпропетровська,Павлоградський,сільська,48.5881998,35.903293,16,583.2,7944,0,NA,NA,188.9674121932,590.534732693474,NA,0,0,0,92.9,False,2026-09-09,714,5517,2026-08-29,0.8,oblast_cascade,,Kryvorizka TPP; Dnipro thermal/CHP sites,0,0.2442,0.2488
UA12120050000027007,Межиріцька,Дніпропетровська,Павлоградський,сільська,48.550991,35.786591,12,270,6676,0,NA,NA,195.375934496092,581.220313570339,2,0,0,0,91.5,False,2026-09-09,714,5517,2026-08-29,0.8,oblast_cascade,,Kryvorizka TPP; Dnipro thermal/CHP sites,0,0.2442,0.2488
UA12120070000057518,Павлоградська,Дніпропетровська,Павлоградський,міська,48.5316759,35.8703695,1,58.8,101430,1,NA,NA,195.672521615275,584.775182603037,359,1,0,0,87.5,False,2026-09-09,714,5517,2026-08-29,0.8,oblast_cascade,,Kryvorizka TPP; Dnipro thermal/CHP sites,0,0.2442,0.2488
UA12120090000031622,Тернівська,Дніпропетровська,Павлоградський,міська,48.5222847,36.0713939,2,14.3,26976,0.999443950177936,NA,NA,193.072513383379,595.973602085217,10,0,0,0,82.6,False,2026-09-09,714,5517,2026-08-29,0.8,oblast_cascade,,Kryvorizka TPP; Dnipro thermal/CHP sites,0,0.2442,0.2488
UA12120110000010894,Троїцька,Дніпропетровська,Павлоградський,сільська,48.410221,35.868301,10,237.9,3385,0,NA,NA,204.007082062407,576.525644044496,NA,0,0,0,74.7,False,2026-09-09,714,5517,2026-08-29,0.8,oblast_cascade,,Kryvorizka TPP; Dnipro thermal/CHP sites,0,0.2442,0.2488
UA12120130000021632,Юр’ївська,Дніпропетровська,Павлоградський,селищна,48.74599,36.01833,47,769,10833,0.19625219237515,NA,NA,169.833171569823,608.024954269274,NA,0,0,0,107.8,False,2026-09-09,714,5517,2026-08-29,0.8,oblast_cascade,,Kryvorizka TPP; Dnipro thermal/CHP sites,0,0.2442,0.2488
UA12140010000024967,Брагинівська,Дніпропетровська,Синельниківський,сільська,48.482418,36.350155,18,323.7,3804,0,NA,NA,177.123432470914,610.096615635861,NA,1,0,0,55.9,False,2026-09-09,714,5517,2026-08-29,0.8,oblast_cascade,,Kryvorizka TPP; Dnipro thermal/CHP sites,0,0.2442,0.2488
UA12140030000091432,Васильківська,Дніпропетровська,Синельниківський,селищна,48.21041,36.03035,56,882.4,21574,0.574256048947808,NA,NA,183.714968088295,573.525007623306,4,1,0,0,49.9,False,2026-09-09,714,5517,2026-08-29,0.8,oblast_cascade,,Kryvorizka TPP; Dnipro thermal/CHP sites,0,0.2442,0.2488
UA12140050000051356,Великомихайлівська,Дніпропетровська,Синельниківський,сільська,47.9741006,36.4563294,16,271,3695,0,NA,NA,144.784105180985,585.876214040863,NA,0,0,1,12.3,False,2026-09-09,714,5517,2026-08-29,0.8,oblast_cascade,,Kryvorizka TPP; Dnipro thermal/CHP sites,0,0.2442,0.2488
UA12140070000025486,Дубовиківська,Дніпропетровська,Синельниківський,сільська,48.238911,36.217121,27,448.6,8532,0.425457102672293,NA,NA,172.419061850822,586.788389420384,2,1,0,0,48.9,False,2026-09-09,714,5517,2026-08-29,0.8,oblast_cascade,,Kryvorizka TPP; Dnipro thermal/CHP sites,0,0.2442,0.2488
UA12140090000053443,Зайцівська,Дніпропетровська,Синельниківський,сільська,48.4286465,35.6728255,15,257,3334,0,NA,NA,210.906275575543,566.248849174904,NA,0,0,0,83.7,False,2026-09-09,714,5517,2026-08-29,0.8,oblast_cascade,,Kryvorizka TPP; Dnipro thermal/CHP sites,0,0.2442,0.2488
UA12140110000060935,Іларіонівська,Дніпропетровська,Синельниківський,селищна,48.4043673,35.275539,17,235.4,12779,0.712575318882542,NA,NA,218.049107689429,541.657939342884,2,0,0,0,92.1,False,2026-09-09,714,5517,2026-08-29,0.8,oblast_cascade,,Kryvorizka TPP; Dnipro thermal/CHP sites,0,0.2442,0.2488
UA12140130000052990,Маломихайлівська,Дніпропетровська,Синельниківський,сільська,48.0905779,36.4104291,5,243.6,8501,0.534878249617692,NA,NA,152.556412386744,589.732202774326,NA,1,0,1,22.5,False,2026-09-09,714,5517,2026-08-29,0.8,oblast_cascade,,Kryvorizka TPP; Dnipro thermal/CHP sites,0,0.2442,0.2488
UA12140150000054570,Межівська,Дніпропетровська,Синельниківський,селищна,48.2553506,36.7322839,30,631.4,14646,0.545404888706814,NA,NA,139.791449103768,619.688984589953,NA,1,0,0,21.2,False,2026-09-09,714,5517,2026-08-29,0.8,oblast_cascade,,Kryvorizka TPP; Dnipro thermal/CHP sites,0,0.2442,0.2488
UA12140170000037152,Миколаївська,Дніпропетровська,Синельниківський,сільська,48.389278,36.315651,17,459.5,9545,0,NA,NA,173.848576885941,602.14166095884,NA,0,0,0,54.7,False,2026-09-09,714,5517,2026-08-29,0.8,oblast_cascade,,Kryvorizka TPP; Dnipro thermal/CHP sites,0,0.2442,0.2488
UA12140190000047361,Новопавлівська,Дніпропетровська,Синельниківський,сільська,48.13591,36.79047,11,327.1,3814,0,NA,NA,129.384972500019,616.424052547325,NA,0,0,1,7.8,False,2026-09-09,714,5517,2026-08-29,0.8,oblast_cascade,,Kryvorizka TPP; Dnipro thermal/CHP sites,1,0.2442,0.2988
UA12140210000089021,Першотравенська,Дніпропетровська,Синельниківський,міська,48.3505864,36.402296,1,2.9,27099,1,NA,NA,166.149842398273,605.075059271665,4,0,0,0,48.4,False,2026-09-09,714,5517,2026-08-29,0.8,oblast_cascade,,Kryvorizka TPP; Dnipro thermal/CHP sites,0,0.2442,0.2488
UA12140230000057328,Петропавлівська,Дніпропетровська,Синельниківський,селищна,48.45863,36.42483,8,207.1,8325,0.821621621621622,NA,NA,171.056849346741,613.137939720464,1,0,0,0,50.7,False,2026-09-09,714,5517,2026-08-29,0.8,oblast_cascade,,Kryvorizka TPP; Dnipro thermal/CHP sites,0,0.2442,0.2488
UA12140250000015858,Покровська,Дніпропетровська,Синельниківський,селищна,47.9808528,36.2333808,13,538.8,19683,0.482091144642585,NA,NA,160.823876538117,572.100912489904,2,1,0,1,20.4,False,2026-09-09,714,5517,2026-08-29,0.8,oblast_cascade,,Kryvorizka TPP; Dnipro thermal/CHP sites,0,0.2442,0.2488
UA12140270000072109,Раївська,Дніпропетровська,Синельниківський,сільська,48.352551,35.45631,47,677.3,10265,0,NA,NA,222.667993599434,548.435442608823,NA,0,0,0,86.2,False,2026-09-09,714,5517,2026-08-29,0.8,oblast_cascade,,Kryvorizka TPP; Dnipro thermal/CHP sites,0,0.2442,0.2488
UA12140290000032227,Роздорська,Дніпропетровська,Синельниківський,селищна,48.331689,35.7132916,10,145.6,3006,0.543246839654025,NA,NA,210.600817320492,562.127072616117,0,0,0,0,73.2,False,2026-09-09,714,5517,2026-08-29,0.8,oblast_cascade,,Kryvorizka TPP; Dnipro thermal/CHP sites,0,0.2442,0.2488
UA12140310000078816,Синельниківська,Дніпропетровська,Синельниківський,міська,48.3269304,35.5246984,1,23.9,29651,1,NA,NA,223.254124182801,550.680348565955,16,1,0,0,83.9,False,2026-09-09,714,5517,2026-08-29,0.8,oblast_cascade,,Kryvorizka TPP; Dnipro thermal/CHP sites,0,0.2442,0.2488
UA12140330000063909,Славгородська,Дніпропетровська,Синельниківський,селищна,48.1009562,35.5171714,24,239.8,4948,0.424211802748585,NA,NA,211.191014901839,535.288036020401,NA,0,0,0,59.0,False,2026-09-09,714,5517,2026-08-29,0.8,oblast_cascade,,Kryvorizka TPP; Dnipro thermal/CHP sites,0,0.2442,0.2488
UA12140350000058140,Слов’янська,Дніпропетровська,Синельниківський,сільська,48.399643,36.709404,11,293.3,3296,0,NA,NA,149.942503902987,626.966250663364,NA,0,0,0,24.7,False,2026-09-09,714,5517,2026-08-29,0.8,oblast_cascade,,Kryvorizka TPP; Dnipro thermal/CHP sites,0,0.2442,0.2488
UA12140370000059352,Українська,Дніпропетровська,Синельниківський,сільська,48.5033882,36.5733963,8,258.8,2477,0,NA,NA,164.807435746926,624.997616611404,NA,0,0,0,40.0,False,2026-09-09,714,5517,2026-08-29,0.8,oblast_cascade,,Kryvorizka TPP; Dnipro thermal/CHP sites,0,0.2442,0.2488
UA14020010000088496,Бахмутська,Донецька,Бахмутський,міська,48.5894123,38.0020994,19,439.8,78939,0.908017583197152,NA,NA,101.597595323034,719.149683709209,189,1,0,1,13.4,True,2026-09-09,1263,11107,2026-08-29,1.2,oblast_cascade,,Vuhlehirska TPP; Sloviansk TPP,1,0.4919,0.4484
UA14020030000023064,Званівська,Донецька,Бахмутський,сільська,48.8140035,38.0763916,6,115.5,2355,0,NA,NA,117.854142015136,736.529815896408,1,0,0,1,10.1,True,2026-09-09,1263,11107,2026-08-29,1.2,oblast_cascade,,Vuhlehirska TPP; Sloviansk TPP,1,0.4919,0.4484
UA14020050000019803,Світлодарська,Донецька,Бахмутський,міська,48.43803,38.22349,19,297.7,28727,0.849618825495179,NA,NA,78.3422814938252,725.317475285044,0,0,0,1,33.3,True,2026-09-09,1263,11107,2026-08-29,3,hosts_facility,Vuhlehirska TPP,Vuhlehirska TPP; Sloviansk TPP,1,0.4919,0.8984
UA14020070000070354,Сіверська,Донецька,Бахмутський,міська,48.8676267,38.0902435,7,195.4,12994,0.836924734492843,NA,NA,114.913644167845,740.501394076083,3,1,0,1,12.0,True,2026-09-09,1263,11107,2026-08-29,1.2,oblast_cascade,,Vuhlehirska TPP; Sloviansk TPP,1,0.4919,0.4484
UA14020090000073988,Соледарська,Донецька,Бахмутський,міська,48.6948731,38.0627964,37,567.1,19313,0.543157458706571,NA,NA,108.626955648291,728.889232598112,7,0,0,1,14.6,True,2026-09-09,1263,11107,2026-08-29,1.2,oblast_cascade,,Vuhlehirska TPP; Sloviansk TPP,1,0.4919,0.4484
UA14020110000075529,Торецька,Донецька,Бахмутський,міська,48.3970469,37.8501378,19,67.5,65071,0.952713190207619,NA,NA,94.2216710692118,698.906399041798,80,0,0,1,11.7,True,2026-09-09,1263,11107,2026-08-29,1.2,oblast_cascade,,Vuhlehirska TPP; Sloviansk TPP,1,0.4919,0.4484
UA14020130000080900,Часовоярська,Донецька,Бахмутський,міська,48.5873911,37.8373367,4,65.3,12876,0.951382416899658,NA,NA,109.307468746748,708.553408585061,18,0,0,1,1.4,True,2026-09-09,1263,11107,2026-08-29,1.2,oblast_cascade,,Vuhlehirska TPP; Sloviansk TPP,1,0.4919,0.4484
UA14040010000017239,Великоновосілківська,Донецька,Волноваський,селищна,47.84091,36.83012,29,907.9,18296,0.286128115435068,NA,NA,113.755635031589,602.866360573284,1,0,0,1,15.2,True,2026-09-09,1263,11107,2026-08-29,1.2,oblast_cascade,,Vuhlehirska TPP; Sloviansk TPP,1,0.4919,0.4484
UA14040030000025138,Волноваська,Донецька,Волноваський,міська,47.5984285,37.4998511,23,538.4,35564,0.723428185805871,NA,NA,59.1879486921128,636.380314276766,21,1,0,1,40.6,True,2026-09-09,1263,11107,2026-08-29,1.2,oblast_cascade,,Vuhlehirska TPP; Sloviansk TPP,1,0.4919,0.4484
UA14040050000064688,Вугледарська,Донецька,Волноваський,міська,47.7805058,37.2484374,15,596.5,25445,0.555865592454313,NA,NA,81.9302236260249,627.678671795494,90,0,0,1,29.3,True,2026-09-09,1263,11107,2026-08-29,1.2,oblast_cascade,,Vuhlehirska TPP; Sloviansk TPP,1,0.4919,0.4484
UA14040070000032181,Комарська,Донецька,Волноваський,сільська,47.97781,36.74678,24,423.2,6797,0,NA,NA,124.65256463924,604.763353090337,1,0,0,1,0.4,True,2026-09-09,1263,11107,2026-08-29,1.2,oblast_cascade,,Vuhlehirska TPP; Sloviansk TPP,1,0.4919,0.4484
UA14040090000061195,Мирненська,Донецька,Волноваський,селищна,47.4242451,37.7344444,15,415.6,11628,0.357671138630891,NA,NA,38.1210072243818,645.41896244579,9,0,0,1,37.6,True,2026-09-09,1263,11107,2026-08-29,1.2,oblast_cascade,,Vuhlehirska TPP; Sloviansk TPP,1,0.4919,0.4484
UA14040110000019914,Ольгинська,Донецька,Волноваський,селищна,47.6976728,37.5003415,11,341.8,18773,0.888243754328024,NA,NA,61.212024751996,640.855870040348,NA,0,0,1,29.6,True,2026-09-09,1263,11107,2026-08-29,1.2,oblast_cascade,,Vuhlehirska TPP; Sloviansk TPP,1,0.4919,0.4484
UA14040130000068575,Старомлинівська,Донецька,Волноваський,сільська,47.697415,36.8256785,14,571.8,10567,0,NA,NA,110.670075064415,595.239708524428,NA,0,0,1,30.1,True,2026-09-09,1263,11107,2026-08-29,1.2,oblast_cascade,,Vuhlehirska TPP; Sloviansk TPP,1,0.4919,0.4484
UA14040150000099558,Хлібодарівська,Донецька,Волноваський,сільська,47.4865084,37.4105964,27,662.2,11944,0,NA,NA,63.4337181998991,625.363374190736,NA,1,0,1,46.3,True,2026-09-09,1263,11107,2026-08-29,1.2,oblast_cascade,,Vuhlehirska TPP; Sloviansk TPP,1,0.4919,0.4484
UA14060010000010738,Вуглегірська,Донецька,Горлівський,міська,48.3119524,38.2609048,NA,NA,17445,0.903582688449412,NA,NA,65.6341635345301,721.341994455618,9,0,1,1,43.5,True,2026-09-09,1263,11107,2026-08-29,1.2,oblast_cascade,,Vuhlehirska TPP; Sloviansk TPP,1,0.4919,0.4484
UA14060030000084305,Горлівська,Донецька,Горлівський,міська,48.3058686,38.0027664,NA,NA,256209,0.992568567068292,NA,NA,79.086387649115,704.048264691081,41,0,1,1,26.4,True,2026-09-09,1263,11107,2026-08-29,1.2,oblast_cascade,,Vuhlehirska TPP; Sloviansk TPP,1,0.4919,0.4484
UA14060050000034979,Дебальцівська,Донецька,Горлівський,міська,48.3331084,38.4047549,NA,NA,25191,0.96101782382597,NA,NA,61.1654975591622,731.905915461314,10,0,1,1,50.7,True,2026-09-09,1263,11107,2026-08-29,1.2,oblast_cascade,,Vuhlehirska TPP; Sloviansk TPP,1,0.4919,0.4484
UA14060070000066382,Єнакієвська,Донецька,Горлівський,міська,48.2305107,38.185045,NA,NA,104158,0.988411835864744,NA,NA,63.3232979487216,712.271161337935,32,1,1,1,41.7,True,2026-09-09,1263,11107,2026-08-29,1.2,oblast_cascade,,Vuhlehirska TPP; Sloviansk TPP,1,0.4919,0.4484
UA14060090000054042,Жданівська,Донецька,Горлівський,міська,48.1570316,38.2565049,NA,NA,14239,0.88426153522017,NA,NA,54.1018029673253,713.459132778752,37,0,1,1,60.5,True,2026-09-09,1263,11107,2026-08-29,1.2,oblast_cascade,,Vuhlehirska TPP; Sloviansk TPP,1,0.4919,0.4484
UA14060110000052135,Сніжнянська,Донецька,Горлівський,міська,48.0220754,38.7634612,NA,NA,73406,0.908100155300657,NA,NA,18.2170808574402,741.656442163655,154,0,1,1,18.4,True,2026-09-09,1263,11107,2026-08-29,1.2,oblast_cascade,,Vuhlehirska TPP; Sloviansk TPP,1,0.4919,0.4484
UA14060130000085167,Хрестівська,Донецька,Горлівський,міська,48.1456309,38.3545249,NA,NA,33182,0.824844795370984,NA,NA,47.6350641404437,719.489486311926,93,0,1,1,56.3,True,2026-09-09,1263,11107,2026-08-29,1.2,oblast_cascade,,Vuhlehirska TPP; Sloviansk TPP,1,0.4919,0.4484
UA14060150000032950,Чистяківська,Донецька,Горлівський,міська,48.0261217,38.618137,NA,NA,77386,0.98586307600858,NA,NA,24.2794881377643,731.892405027734,69,0,1,1,26.6,True,2026-09-09,1263,11107,2026-08-29,1.2,oblast_cascade,,Vuhlehirska TPP; Sloviansk TPP,1,0.4919,0.4484
UA14060170000097532,Шахтарська,Донецька,Горлівський,міська,48.0550423,38.4459474,NA,NA,60853,0.921187123067063,NA,NA,36.0507597282416,721.466266243943,144,0,1,1,45.7,True,2026-09-09,1263,11107,2026-08-29,1.2,oblast_cascade,,Vuhlehirska TPP; Sloviansk TPP,1,0.4919,0.4484
UA14080010000095044,Амвросіївська,Донецька,Донецький,міська,47.7952806,38.4798317,NA,NA,36967,0.573971379879352,NA,NA,16.8040670475968,712.504969402203,3,0,1,1,16.8,True,2026-09-09,1263,11107,2026-08-29,1.2,oblast_cascade,,Vuhlehirska TPP; Sloviansk TPP,1,0.4919,0.4484
UA14080030000053877,Донецька,Донецька,Донецький,міська,48.0158753,37.8013407,NA,NA,926322,0.998324556687631,NA,NA,60.4302308640964,676.188029303748,245,0,1,1,20.7,True,2026-09-09,1263,11107,2026-08-29,1.2,oblast_cascade,,Vuhlehirska TPP; Sloviansk TPP,1,0.4919,0.4484
UA14080050000085820,Іловайська,Донецька,Донецький,міська,47.9248328,38.1976205,NA,NA,22549,0.754224134107943,NA,NA,36.1223603486869,698.697907591303,2,0,1,1,36.1,True,2026-09-09,1263,11107,2026-08-29,1.2,oblast_cascade,,Vuhlehirska TPP; Sloviansk TPP,1,0.4919,0.4484
UA14080070000011977,Макіївська,Донецька,Донецький,міська,48.0448144,37.9635093,NA,NA,376264,0.997600089299003,NA,NA,55.6872029153004,688.447117803135,691,0,1,1,33.2,True,2026-09-09,1263,11107,2026-08-29,1.2,oblast_cascade,,Vuhlehirska TPP; Sloviansk TPP,1,0.4919,0.4484
UA14080090000014360,Харцизька,Донецька,Донецький,міська,48.0339524,38.149804,NA,NA,84659,0.981797564346378,NA,NA,48.7605042982814,700.46000097091,128,0,1,1,48.7,True,2026-09-09,1263,11107,2026-08-29,1.2,oblast_cascade,,Vuhlehirska TPP; Sloviansk TPP,1,0.4919,0.4484
UA14080110000066209,Ясинуватська,Донецька,Донецький,міська,48.1270606,37.8590172,NA,NA,37753,0.904404947951156,NA,NA,67.5634988924951,685.504747761332,27,0,1,1,30.1,True,2026-09-09,1263,11107,2026-08-29,1.2,oblast_cascade,,Vuhlehirska TPP; Sloviansk TPP,1,0.4919,0.4484
UA14100010000054669,Бойківська,Донецька,Кальміуський,селищна,47.4124746,38.0187455,NA,NA,13610,0.309992652461425,NA,NA,17.6931928601983,665.00643792536,20,0,1,1,17.7,True,2026-09-09,1263,11107,2026-08-29,1.2,oblast_cascade,,Vuhlehirska TPP; Sloviansk TPP,1,0.4919,0.4484
UA14100030000067479,Докучаєвська,Донецька,Кальміуський,міська,47.7499257,37.6715943,NA,NA,31430,0.870124085268851,NA,NA,51.3064318698823,654.921784359132,39,0,1,1,26.0,True,2026-09-09,1263,11107,2026-08-29,1.2,oblast_cascade,,Vuhlehirska TPP; Sloviansk TPP,1,0.4919,0.4484
UA14100050000098906,Кальміуська,Донецька,Кальміуський,міська,47.6687951,38.0739208,NA,NA,25389,0.449879869234708,NA,NA,20.5255515627919,679.089896590299,3,0,1,1,21.0,True,2026-09-09,1263,11107,2026-08-29,1.2,oblast_cascade,,Vuhlehirska TPP; Sloviansk TPP,1,0.4919,0.4484
UA14100070000079873,Новоазовська,Донецька,Кальміуський,міська,47.1138718,38.0830911,NA,NA,26671,0.510667016609801,NA,1,11.0464815862896,659.07010357555,4,0,1,1,0.7,True,2026-09-09,1263,11107,2026-08-29,1.2,oblast_cascade,,Vuhlehirska TPP; Sloviansk TPP,1,0.4919,0.4484
UA14100090000050286,Старобешівська,Донецька,Кальміуський,селищна,47.749822,38.0252111,NA,NA,23669,0.635430309687777,NA,NA,28.4977582198202,679.166229019581,3,0,1,1,30.0,True,2026-09-09,1263,11107,2026-08-29,1.2,oblast_cascade,,Vuhlehirska TPP; Sloviansk TPP,1,0.4919,0.4484
UA14120010000096882,Андріївська,Донецька,Краматорський,сільська,48.6169422,37.2862984,5,159.6,2181,0,NA,NA,136.424359086245,675.760829117313,NA,0,0,1,15.9,False,2026-09-09,1263,11107,2026-08-29,1.2,oblast_cascade,,Vuhlehirska TPP; Sloviansk TPP,0,0.4919,0.3984
UA14120030000057882,Дружківська,Донецька,Краматорський,міська,48.6198614,37.524945,20,289.3,65483,0.94774216208787,NA,NA,127.274664759365,690.75763649409,13,1,0,1,15.5,False,2026-09-09,1263,11107,2026-08-29,1.2,oblast_cascade,,Vuhlehirska TPP; Sloviansk TPP,0,0.4919,0.3984
UA14120050000033910,Іллінівська,Донецька,Краматорський,сільська,48.49425,37.66654,25,523.3,8697,0,NA,NA,110.029539385388,692.468663203077,10,0,0,1,0.8,True,2026-09-09,1263,11107,2026-08-29,1.2,oblast_cascade,,Vuhlehirska TPP; Sloviansk TPP,1,0.4919,0.4484
UA14120070000090878,Костянтинівська,Донецька,Краматорський,міська,48.534859,37.6923705,24,467.4,72422,0.929966032421088,NA,NA,112.962889497925,696.396492796908,35,0,0,1,4.3,False,2026-09-09,1263,11107,2026-08-29,1.2,oblast_cascade,,Vuhlehirska TPP; Sloviansk TPP,1,0.4919,0.4484
UA14120090000098500,Краматорська,Донецька,Краматорський,міська,48.7389415,37.5843812,15,412.7,180922,0.992145786582063,NA,NA,133.176618053931,701.506688143387,96,1,0,1,15.8,False,2026-09-09,1263,11107,2026-08-29,1.2,oblast_cascade,,Vuhlehirska TPP; Sloviansk TPP,0,0.4919,0.3984
UA14120110000031497,Лиманська,Донецька,Краматорський,міська,48.9801314,37.8168012,40,1205.4,40195,0.745764398557034,NA,NA,103.515042748328,730.31680867569,7,0,0,1,5.5,False,2026-09-09,1263,11107,2026-08-29,1.2,oblast_cascade,,Vuhlehirska TPP; Sloviansk TPP,1,0.4919,0.4484
UA14120130000086767,Миколаївська,Донецька,Краматорський,міська,48.8610868,37.7619191,15,334.3,20568,0.872714896927266,NA,NA,117.219239345456,719.783312311357,4,0,0,1,7.9,False,2026-09-09,1263,11107,2026-08-29,1.2,oblast_cascade,,Vuhlehirska TPP; Sloviansk TPP,1,0.4919,0.4484
UA14120150000071686,Новодонецька,Донецька,Краматорський,селищна,48.6342604,36.9819183,20,280,10510,0.532540437678402,NA,NA,152.05312863046,658.091740904253,NA,0,0,1,29.9,False,2026-09-09,1263,11107,2026-08-29,1.2,oblast_cascade,,Vuhlehirska TPP; Sloviansk TPP,0,0.4919,0.3984
UA14120170000011133,Олександрівська,Донецька,Краматорський,селищна,48.7073967,36.9207752,42,732.8,12056,0.276874585268746,NA,NA,155.236710935855,658.855785827509,1,1,0,1,40.8,False,2026-09-09,1263,11107,2026-08-29,1.2,oblast_cascade,,Vuhlehirska TPP; Sloviansk TPP,0,0.4919,0.3984
UA14120190000021407,Святогірська,Донецька,Краматорський,міська,49.0355675,37.5653551,13,375.7,8718,0.484744207387015,NA,NA,101.927315173312,718.342655632747,1,1,0,1,10.9,False,2026-09-09,1263,11107,2026-08-29,1.2,oblast_cascade,,Vuhlehirska TPP; Sloviansk TPP,0,0.4919,0.3984
UA14120210000056793,Слов’янська,Донецька,Краматорський,міська,48.8522691,37.6058241,5,119,113097,0.988363970750771,NA,NA,120.57818803085,709.675406539832,79,1,0,1,19.4,False,2026-09-09,1263,11107,2026-08-29,2,hosts_facility,Sloviansk TPP,Vuhlehirska TPP; Sloviansk TPP,0,0.4919,0.5984
UA14120230000038918,Черкаська,Донецька,Краматорський,селищна,48.8354023,37.3884068,11,294.6,8522,0.369748885238207,NA,NA,127.285333023455,695.281108653916,3,0,0,1,37.7,False,2026-09-09,1263,11107,2026-08-29,1.2,oblast_cascade,,Vuhlehirska TPP; Sloviansk TPP,0,0.4919,0.3984
UA14140010000044623,Кальчицька,Донецька,Маріупольський,сільська,47.303725,37.5980463,16,440.1,9686,0,NA,1,46.963760373043,631.091745576369,9,0,0,1,23.4,True,2026-09-09,1263,11107,2026-08-29,1.2,oblast_cascade,,Vuhlehirska TPP; Sloviansk TPP,1,0.4919,0.4484
UA14140030000092230,Мангушська,Донецька,Маріупольський,селищна,47.0568106,37.3078191,17,637.8,20872,0.595582598696819,NA,1,34.6174537883407,601.257249437186,3,0,0,1,13.2,True,2026-09-09,1263,11107,2026-08-29,1.2,oblast_cascade,,Vuhlehirska TPP; Sloviansk TPP,1,0.4919,0.4484
UA14140050000020560,Маріупольська,Донецька,Маріупольський,міська,47.0957648,37.5499621,11,375.3,435176,0.991357519716161,NA,1,30.038833925559,620.019444236847,824,1,0,1,1.6,True,2026-09-09,1263,11107,2026-08-29,1.2,oblast_cascade,,Vuhlehirska TPP; Sloviansk TPP,1,0.4919,0.4484
UA14140070000060361,Нікольська,Донецька,Маріупольський,селищна,47.2004406,37.3162144,27,784.7,16740,0.466009557945042,NA,1,47.2058210140243,607.164749739493,16,0,0,1,22.4,True,2026-09-09,1263,11107,2026-08-29,1.2,oblast_cascade,,Vuhlehirska TPP; Sloviansk TPP,1,0.4919,0.4484
UA14140090000015932,Сартанська,Донецька,Маріупольський,селищна,47.1701321,37.6952892,18,396.3,20435,0.680303401027649,NA,1,37.1892097615013,633.070162809718,2,0,0,1,10.0,True,2026-09-09,1263,11107,2026-08-29,1.2,oblast_cascade,,Vuhlehirska TPP; Sloviansk TPP,1,0.4919,0.4484
UA14160010000086090,Авдіївська,Донецька,Покровський,міська,48.1338824,37.7466719,2,30.2,32018,0.980448497720032,NA,NA,73.0463115254261,678.410125124732,30,1,0,1,24.5,True,2026-09-09,1263,11107,2026-08-29,1.2,oblast_cascade,,Vuhlehirska TPP; Sloviansk TPP,1,0.4919,0.4484
UA14160030000019136,Білозерська,Донецька,Покровський,міська,48.53313,37.05791,7,68.7,15417,0.949211908931699,NA,NA,140.022229700828,656.591762517222,NA,0,0,1,17.5,False,2026-09-09,1263,11107,2026-08-29,1.2,oblast_cascade,,Vuhlehirska TPP; Sloviansk TPP,0,0.4919,0.3984
UA14160050000083011,Гродівська,Донецька,Покровський,селищна,48.26294,37.37892,32,340.3,9336,0.542202227934876,NA,NA,101.989015445543,661.223214134746,NA,0,0,1,18.7,True,2026-09-09,1263,11107,2026-08-29,1.2,oblast_cascade,,Vuhlehirska TPP; Sloviansk TPP,1,0.4919,0.4484
UA14160070000097326,Добропільська,Донецька,Покровський,міська,48.4683035,37.0903243,16,265.5,42954,0.910415793639708,NA,NA,133.204687861585,654.700485573832,226,0,0,1,10.0,False,2026-09-09,1263,11107,2026-08-29,1.2,oblast_cascade,,Vuhlehirska TPP; Sloviansk TPP,1,0.4919,0.4484
UA14160090000058463,Криворізька,Донецька,Покровський,сільська,48.4441378,36.9162268,22,276.5,3928,0,NA,NA,140.852239712617,642.444165473883,NA,0,0,1,13.8,False,2026-09-09,1263,11107,2026-08-29,1.2,oblast_cascade,,Vuhlehirska TPP; Sloviansk TPP,0,0.4919,0.3984
UA14160110000031920,Курахівська,Донецька,Покровський,міська,47.9835214,37.2826414,28,351.6,38081,0.844883275124078,NA,NA,89.1837323652351,640.096854944595,5,0,0,1,18.6,True,2026-09-09,1263,11107,2026-08-29,1.2,oblast_cascade,,Vuhlehirska TPP; Sloviansk TPP,1,0.4919,0.4484
UA14160130000011561,Мар’їнська,Донецька,Покровський,міська,47.9401242,37.5022312,17,485.3,33029,0.71921644615338,NA,NA,72.7403365921326,652.489204167986,3,0,0,1,3.4,True,2026-09-09,1263,11107,2026-08-29,1.2,oblast_cascade,,Vuhlehirska TPP; Sloviansk TPP,1,0.4919,0.4484
UA14160150000038750,Мирноградська,Донецька,Покровський,міська,48.30791,37.2591,5,66.7,48046,0.959455521791616,NA,NA,111.85314501114,656.041989146158,175,1,0,1,10.8,True,2026-09-09,1263,11107,2026-08-29,1.2,oblast_cascade,,Vuhlehirska TPP; Sloviansk TPP,1,0.4919,0.4484
UA14160170000023385,Новогродівська,Донецька,Покровський,міська,48.1997174,37.3399704,15,157.2,19027,0.7573448257739,NA,NA,99.3784459863275,655.261685048456,101,1,0,1,23.9,True,2026-09-09,1263,11107,2026-08-29,1.2,oblast_cascade,,Vuhlehirska TPP; Sloviansk TPP,1,0.4919,0.4484
UA14160190000059231,Очеретинська,Донецька,Покровський,селищна,48.24612,37.60311,40,726,21022,0.371515555132718,NA,NA,89.4387917009754,674.824605546638,11,0,0,1,21.8,True,2026-09-09,1263,11107,2026-08-29,1.2,oblast_cascade,,Vuhlehirska TPP; Sloviansk TPP,1,0.4919,0.4484
UA14160210000011148,Покровська,Донецька,Покровський,міська,48.2771086,37.1772482,41,515.5,81029,0.884016833479372,NA,NA,114.142331527857,649.085968052337,188,1,0,1,10.0,True,2026-09-09,1263,11107,2026-08-29,1.2,oblast_cascade,,Vuhlehirska TPP; Sloviansk TPP,1,0.4919,0.4484
UA14160230000060952,Селидівська,Донецька,Покровський,міська,48.15015,37.3018921,9,150.2,34785,0.982176225384505,NA,NA,98.1489515475945,650.117813680157,264,0,0,1,27.0,True,2026-09-09,1263,11107,2026-08-29,1.2,oblast_cascade,,Vuhlehirska TPP; Sloviansk TPP,1,0.4919,0.4484
UA14160250000075646,Удачненська,Донецька,Покровський,селищна,48.23942,36.98273,7,216,3841,0.425149700598802,NA,NA,123.205883670766,634.564988835371,NA,0,0,1,1.0,True,2026-09-09,1263,11107,2026-08-29,1.2,oblast_cascade,,Vuhlehirska TPP; Sloviansk TPP,1,0.4919,0.4484
UA14160270000099007,Шахівська,Донецька,Покровський,сільська,48.4594232,37.3488998,22,354.4,3938,0,NA,NA,119.693758336599,670.374056183624,NA,0,0,1,1.7,True,2026-09-09,1263,11107,2026-08-29,1.2,oblast_cascade,,Vuhlehirska TPP; Sloviansk TPP,1,0.4919,0.4484
UA18020010000059904,Андрушівська,Житомирська,Бердичівський,міська,50.0301392,29.0222111,25,615.4,19530,0.426267281105991,NA,NA,151.360437333972,253.916805217022,0,1,0,0,425.4,False,2026-09-09,17,89,2026-08-29,0,none,,,0,0.0037,0.0007
UA18020030000035625,Бердичівська,Житомирська,Бердичівський,міська,49.8940442,28.5814912,3,82.4,74257,0.983691773166166,NA,NA,169.505564373674,223.353900669269,162,1,0,0,427.6,False,2026-09-09,17,89,2026-08-29,0,none,,,0,0.0037,0.0007
UA18020050000058053,Вчорайшенська,Житомирська,Бердичівський,сільська,49.868717,29.14735,13,270.9,4997,0,NA,NA,168.262168891927,245.778539562638,NA,1,0,0,405.4,False,2026-09-09,17,89,2026-08-29,0,none,,,0,0.0037,0.0007
UA18020070000083539,Гришковецька,Житомирська,Бердичівський,селищна,49.9339875,28.5959514,17,216.6,9463,0.433160731269153,NA,NA,165.003879245547,227.59668977871,NA,0,0,0,430.8,False,2026-09-09,17,89,2026-08-29,0,none,,,0,0.0037,0.0007
UA18020090000092001,Краснопільська,Житомирська,Бердичівський,сільська,49.833641,28.0529,17,337.6,7406,0.39657034836619,NA,NA,182.592830671287,197.626314175221,NA,0,0,0,443.3,False,2026-09-09,17,89,2026-08-29,0,none,,,0,0.0037,0.0007
UA18020110000026941,Райгородоцька,Житомирська,Бердичівський,сільська,49.826771,28.377001,21,252,6898,0,NA,NA,178.534845683768,208.869624072517,NA,0,0,0,429.2,False,2026-09-09,17,89,2026-08-29,0,none,,,0,0.0037,0.0007
UA18020130000096761,Ружинська,Житомирська,Бердичівський,селищна,49.72172,29.20475,37,731.4,19416,0.216779975278121,NA,NA,184.333737941242,236.72901276453,NA,0,0,0,388.9,False,2026-09-09,17,89,2026-08-29,0,none,,,0,0.0037,0.0007
UA18020150000084693,Семенівська,Житомирська,Бердичівський,сільська,49.871059,28.66161,14,217.7,4991,0,NA,NA,171.750836762884,224.426619337673,NA,0,0,0,422.4,False,2026-09-09,17,89,2026-08-29,0,none,,,0,0.0037,0.0007
UA18020170000036711,Червоненська,Житомирська,Бердичівський,селищна,49.950294,28.869226,7,157.8,5362,0.505221932114883,NA,NA,161.951864463005,240.245222596617,2,0,0,0,422.6,False,2026-09-09,17,89,2026-08-29,0,none,,,0,0.0037,0.0007
UA18020190000022756,Швайківська,Житомирська,Бердичівський,сільська,49.996368,28.512609,8,132.2,4099,0,NA,NA,158.601618658618,229.955425832178,NA,0,0,0,439.8,False,2026-09-09,17,89,2026-08-29,0,none,,,0,0.0037,0.0007
UA18040010000031446,Андрушківська,Житомирська,Житомирський,сільська,49.886509,29.329029,6,138.2,3767,0,NA,NA,165.810374338062,256.061970254868,NA,1,0,0,401.6,False,2026-09-09,17,89,2026-08-29,0,none,,,0,0.0037,0.0007
UA18040030000089649,Березівська,Житомирська,Житомирський,сільська,50.314777,28.439041,16,229,9026,0,NA,NA,124.258816113409,257.802782285322,NA,0,0,0,473.0,False,2026-09-09,17,89,2026-08-29,0,none,,,0,0.0037,0.0007
UA18040050000049937,Брусилівська,Житомирська,Житомирський,селищна,50.28305,29.51889,37,626.9,13986,0.330830830830831,NA,NA,122.466762628074,297.989165185322,1,0,0,0,437.1,False,2026-09-09,17,89,2026-08-29,0,none,,,0,0.0037,0.0007
UA18040070000059677,Високівська,Житомирська,Житомирський,сільська,50.406223,28.809114,5,96.9,2303,0,NA,NA,112.191666267184,279.724058448719,NA,0,0,0,469.7,False,2026-09-09,17,89,2026-08-29,0,none,,,0,0.0037,0.0007
UA18040090000077574,Вишевицька,Житомирська,Житомирський,сільська,50.6280806,29.3990708,7,146.9,3077,0,NA,NA,83.5069395486441,323.503275262458,NA,0,0,0,476.1,False,2026-09-09,17,89,2026-08-29,0,none,,,0,0.0037,0.0007
UA18040110000034222,Вільшанська,Житомирська,Житомирський,сільська,50.019379,28.14423,12,222.7,6327,0,NA,NA,160.946265970108,218.977667871986,NA,0,0,0,456.3,False,2026-09-09,17,89,2026-08-29,0,none,,,0,0.0037,0.0007
UA18040130000075048,Волицька,Житомирська,Житомирський,сільська,50.08255,29.09866,8,160.8,5334,0,NA,NA,144.898992868841,261.863442096053,NA,0,0,0,428.3,False,2026-09-09,17,89,2026-08-29,0,none,,,0,0.0037,0.0007
UA18040150000019024,Глибочицька,Житомирська,Житомирський,сільська,50.2792524,28.7756002,13,184.8,10829,0,NA,NA,126.251040993468,266.540242998244,NA,1,0,0,458.1,False,2026-09-09,17,89,2026-08-29,0,none,,,0,0.0037,0.0007
UA18040170000089964,Городоцька,Житомирська,Житомирський,селищна,50.5929252,29.4530965,3,37.5,3597,0.989157631359466,NA,NA,87.711150430017,322.468118131399,NA,1,0,0,471.1,False,2026-09-09,17,89,2026-08-29,0,none,,,0,0.0037,0.0007
UA18040190000029215,Житомирська,Житомирська,Житомирський,міська,50.2598298,28.6692345,2,91.5,263237,0.993872441943952,NA,NA,128.535127311779,260.657804831152,325,1,0,0,459.7,False,2026-09-09,17,89,2026-08-29,0,none,,,0,0.0037,0.0007
UA18040210000044466,Квітнева,Житомирська,Житомирський,сільська,49.994308,29.5182,9,159.5,3981,0,NA,NA,154.416958358191,274.086947124992,NA,0,0,0,407.2,False,2026-09-09,17,89,2026-08-29,0,none,,,0,0.0037,0.0007
UA18040230000036046,Корнинська,Житомирська,Житомирський,селищна,50.09697,29.54018,10,240.3,5336,0.356634182908546,NA,NA,143.201784230351,283.451148693911,NA,0,0,0,417.3,False,2026-09-09,17,89,2026-08-29,0,none,,,0,0.0037,0.0007
UA18040250000068141,Коростишівська,Житомирська,Житомирський,міська,50.3201518,29.0584885,29,426.7,29318,0.823009755099256,NA,NA,119.083554859352,281.637920815772,12,1,0,0,453.4,False,2026-09-09,17,89,2026-08-29,0,none,,,0,0.0037,0.0007
UA18040270000050167,Курненська,Житомирська,Житомирський,сільська,50.4538104,28.0951359,27,325.2,7802,0,NA,NA,115.844523757864,261.697159238279,NA,0,0,0,498.7,False,2026-09-09,17,89,2026-08-29,0,none,,,0,0.0037,0.0007
UA18040290000063354,Любарська,Житомирська,Житомирський,селищна,49.9231632,27.7487535,48,756.7,25297,0.0786654544017077,NA,NA,172.45412105642,197.773577795333,NA,0,0,0,464.4,False,2026-09-09,17,89,2026-08-29,0,none,,,0,0.0037,0.0007
UA18040310000093693,Миропільська,Житомирська,Житомирський,селищна,50.1099029,27.697456,8,164.4,6932,0.64469128678592,NA,NA,151.749896695849,216.188410359501,NA,1,0,0,483.1,False,2026-09-09,17,89,2026-08-29,0,none,,,0,0.0037,0.0007
UA18040330000027310,Новоборівська,Житомирська,Житомирський,селищна,50.6933301,28.6396035,18,210.3,8150,0.648588957055215,NA,NA,80.5878049919567,301.715136552331,3,1,0,0,503.6,False,2026-09-09,17,89,2026-08-29,0,none,,,0,0.0037,0.0007
UA18040350000040746,Новогуйвинська,Житомирська,Житомирський,селищна,50.206917,28.6918455,24,423.3,23675,0.532756071805702,NA,NA,134.352911526338,256.550689142221,1,1,0,0,453.8,False,2026-09-09,17,89,2026-08-29,0,none,,,0,0.0037,0.0007
UA18040370000055940,Оліївська,Житомирська,Житомирський,сільська,50.3439043,28.6854007,21,302.3,8145,0,NA,NA,119.146258852918,269.231461976219,3,0,0,0,467.4,False,2026-09-09,17,89,2026-08-29,0,none,,,0,0.0037,0.0007
UA18040390000055900,Попільнянська,Житомирська,Житомирський,селищна,49.9452873,29.4594464,23,499.5,16071,0.331217721361459,NA,NA,159.55100024139,267.24991980769,6,1,0,0,403.8,False,2026-09-09,17,89,2026-08-29,0,none,,,0,0.0037,0.0007
UA18040410000025491,Потіївська,Житомирська,Житомирський,сільська,50.620277,28.976706,24,258.8,3359,0,NA,NA,87.6978512425976,306.19889665066,NA,0,0,0,486.3,False,2026-09-09,17,89,2026-08-29,0,none,,,0,0.0037,0.0007
UA18040430000080827,Пулинська,Житомирська,Житомирський,селищна,50.4690331,28.270617,40,528.3,13809,0.372293431819828,NA,NA,110.435097424501,268.032947466174,16,0,0,0,493.8,False,2026-09-09,17,89,2026-08-29,0,none,,,0,0.0037,0.0007
UA18040450000079138,Радомишльська,Житомирська,Житомирський,міська,50.4961812,29.2289588,49,855.1,25033,0.546678384532417,NA,NA,98.2542150506602,304.622663992533,NA,0,0,0,466.7,False,2026-09-09,17,89,2026-08-29,0,none,,,0,0.0037,0.0007
UA18040470000074046,Романівська,Житомирська,Житомирський,селищна,50.146945,27.9214928,51,718.6,18355,0.483573958049578,NA,NA,148.009508115728,225.427522837967,2,1,0,0,477.0,False,2026-09-09,17,89,2026-08-29,0,none,,,0,0.0037,0.0007
UA18040490000014752,Станишівська,Житомирська,Житомирський,сільська,50.2175753,28.7234963,21,286.1,16766,0,NA,NA,133.115261618955,258.772290365163,3,1,0,0,453.7,False,2026-09-09,17,89,2026-08-29,0,none,,,0,0.0037,0.0007
UA18040510000013419,Старосілецька,Житомирська,Житомирський,сільська,50.4075891,28.9990795,16,261.5,4978,0,NA,NA,110.28148158239,287.214952996719,NA,0,0,0,464.0,False,2026-09-09,17,89,2026-08-29,0,none,,,0,0.0037,0.0007
UA18040530000045696,Тетерівська,Житомирська,Житомирський,сільська,50.237041,28.574751,15,295.8,9610,0,NA,NA,131.531368763692,254.998097151803,NA,0,0,0,460.7,False,2026-09-09,17,89,2026-08-29,0,none,,,0,0.0037,0.0007
UA18040550000062361,Харитонівська,Житомирська,Житомирський,сільська,50.285454,29.016209,13,207.1,1793,0,NA,NA,123.385080719068,276.761112395667,NA,0,0,0,451.2,False,2026-09-09,17,89,2026-08-29,0,none,,,0,0.0037,0.0007
UA18040570000099817,Хорошівська,Житомирська,Житомирський,селищна,50.5959845,28.445337,57,595.5,17575,0.417354196301565,NA,NA,93.5315678757524,285.995264073618,2,0,0,0,500.1,False,2026-09-09,17,89,2026-08-29,0,none,,,0,0.0037,0.0007
UA18040590000064402,Черняхівська,Житомирська,Житомирський,селищна,50.45299,28.66573,37,537.4,19560,0.556441717791411,NA,NA,107.096696127757,279.004650467616,2,1,0,0,478.8,False,2026-09-09,17,89,2026-08-29,0,none,,,0,0.0037,0.0007
UA18040610000049084,Чуднівська,Житомирська,Житомирський,міська,50.0524287,28.1153765,35,520.6,19405,0.477145065704715,NA,NA,157.967541264311,221.354433237897,NA,1,0,0,460.5,False,2026-09-09,17,89,2026-08-29,0,none,,,0,0.0037,0.0007
UA18060010000047628,Білокоровицька,Житомирська,Коростенський,сільська,51.106682,28.01548,3,106.7,5683,0.63469998240366,NA,NA,44.4902305300037,272.119416935424,1,1,0,0,564.5,False,2026-09-09,17,89,2026-08-29,0,none,,,0,0.0037,0.0007
UA18060030000039943,Гладковицька,Житомирська,Коростенський,сільська,51.337784,28.897268,11,184.4,4706,0.494262643433914,NA,NA,13.1625736818278,335.765860763528,NA,0,0,0,375.8,False,2026-09-09,17,89,2026-08-29,0,none,,,0,0.0037,0.0007
UA18060050000027575,Горщиківська,Житомирська,Коростенський,сільська,50.8977565,28.3085694,10,133.9,2718,0,NA,NA,65.2648821697264,292.01284593289,NA,0,0,0,534.3,False,2026-09-09,17,89,2026-08-29,0,none,,,0,0.0037,0.0007
UA18060070000095797,Іршанська,Житомирська,Коростенський,селищна,50.7504379,28.721134,14,245.3,8913,0.711993717042522,NA,NA,73.8808831554071,309.976558304968,NA,0,0,0,506.9,False,2026-09-09,17,89,2026-08-29,0,none,,,0,0.0037,0.0007
UA18060090000061708,Коростенська,Житомирська,Коростенський,міська,51.0060511,28.5875505,44,806.3,71498,0.860107975048253,NA,NA,46.8626207601065,311.570046617151,70,1,0,0,536.6,False,2026-09-09,17,89,2026-08-29,0,none,,,0,0.0037,0.0007
UA18060110000061631,Лугинська,Житомирська,Коростенський,селищна,51.07853,28.3976,49,998.9,15104,0.294226694915254,NA,NA,44.7643661760706,298.570406633011,NA,0,0,0,549.5,False,2026-09-09,17,89,2026-08-29,0,none,,,0,0.0037,0.0007
UA18060130000061781,Малинська,Житомирська,Коростенський,міська,50.7677902,29.2414346,77,1128.2,36723,0.722054298396101,NA,NA,68.0741846794241,330.032488457644,17,1,0,0,494.5,False,2026-09-09,17,89,2026-08-29,0,none,,,0,0.0037,0.0007
UA18060150000038188,Народицька,Житомирська,Коростенський,селищна,51.2037677,29.0913215,65,1275,9282,0.313186813186813,NA,NA,25.3120729300274,347.737669519453,0,1,0,0,543.6,False,2026-09-09,17,89,2026-08-29,0,none,,,0,0.0037,0.0007
UA18060170000069581,Овруцька,Житомирська,Коростенський,міська,51.3259771,28.8026718,91,1545.5,36374,0.419255512179029,NA,NA,10.4380016478329,329.082118342514,3,1,0,0,563.4,False,2026-09-09,17,89,2026-08-29,0,none,,,0,0.0037,0.0007
UA18060190000071101,Олевська,Житомирська,Коростенський,міська,51.22272,27.64881,57,2144.1,34193,0.326558067440704,NA,NA,28.978825958692,248.006573081989,10,1,0,0,588.2,False,2026-09-09,17,89,2026-08-29,0,none,,,0,0.0037,0.0007
UA18060210000083283,Словечанська,Житомирська,Коростенський,сільська,51.377941,28.358181,35,1315.8,10875,0,NA,NA,17.9519102947211,299.342709711432,NA,1,0,0,580.9,False,2026-09-09,17,89,2026-08-29,0,none,,,0,0.0037,0.0007
UA18060230000071114,Ушомирська,Житомирська,Коростенський,сільська,50.8625582,28.5891905124692,46,650.3,9382,0,NA,NA,62.4342493756315,311.791504568723,0,0,0,0,522.1,False,2026-09-09,17,89,2026-08-29,0,none,,,0,0.0037,0.0007
UA18060250000078729,Чоповицька,Житомирська,Коростенський,селищна,50.8268121,28.9467176,27,357.8,5757,0.30745179781136,NA,NA,66.7381517844457,324.950354789911,NA,0,0,0,508.2,False,2026-09-09,17,89,2026-08-29,0,none,,,0,0.0037,0.0007
UA18080010000090720,Баранівська,Житомирська,Новоград-Волинський,міська,50.29369,27.66666,35,602.4,24837,0.644280710230704,NA,NA,131.411884586776,235.134922291434,1,0,0,0,500.8,False,2026-09-09,17,89,2026-08-29,0,none,,,0,0.0037,0.0007
UA18080030000019784,Барашівська,Житомирська,Новоград-Волинський,сільська,50.712551,28.029209,36,491.3,6600,0.163333333333333,NA,NA,86.7302036648721,273.495842217244,NA,1,0,0,525.8,False,2026-09-09,17,89,2026-08-29,0,none,,,0,0.0037,0.0007
UA18080050000083590,Брониківська,Житомирська,Новоград-Волинський,сільська,50.575901,27.76726,33,445.5,7721,0,NA,NA,99.8729679319548,256.957666110072,1,0,0,0,522.6,False,2026-09-09,17,89,2026-08-29,0,none,,,0,0.0037,0.0007
UA18080070000029133,Городницька,Житомирська,Новоград-Волинський,селищна,50.80627,27.31407,13,479.9,8113,0.641809441636879,NA,NA,80.3778093205504,222.575076589057,NA,0,0,0,561.7,False,2026-09-09,17,89,2026-08-29,0,none,,,0,0.0037,0.0007
UA18080090000055832,Довбиська,Житомирська,Новоград-Волинський,селищна,50.371498,27.985924,16,225.3,8693,0.905326124467963,NA,NA,123.622391068014,250.387898521577,NA,0,0,0,495.1,False,2026-09-09,17,89,2026-08-29,0,none,,,0,0.0037,0.0007
UA18080110000095378,Дубрівська,Житомирська,Новоград-Волинський,сільська,50.347229,27.412647,12,173,3661,0,NA,NA,127.630880268893,236.178802826968,NA,1,0,0,516.4,False,2026-09-09,17,89,2026-08-29,0,none,,,0,0.0037,0.0007
UA18080130000032098,Ємільчинська,Житомирська,Новоград-Волинський,селищна,50.872091,27.8047443,72,1478.1,21095,0.292107134392036,NA,NA,67.0120579994902,256.733243639084,NA,0,0,0,549.1,False,2026-09-09,17,89,2026-08-29,0,none,,,0,0.0037,0.0007
UA18080150000022496,Новоград-Волинська,Житомирська,Новоград-Волинський,міська,50.5917622,27.6066973,15,249,61105,0.90149742246952,NA,NA,98.6847039575379,245.485245624148,49,1,0,0,530.4,False,2026-09-09,17,89,2026-08-29,0,none,,,0,0.0037,0.0007
UA18080170000023999,Піщівська,Житомирська,Новоград-Волинський,сільська,50.605431,27.32197,11,192.7,3790,0,NA,NA,101.301250308601,225.385249148777,NA,0,0,0,543.2,False,2026-09-09,17,89,2026-08-29,0,none,,,0,0.0037,0.0007
UA18080190000029932,Стриївська,Житомирська,Новоград-Волинський,сільська,50.52647,27.624781,9,206.8,4870,0,NA,NA,105.786151434731,247.914478095614,NA,0,0,0,523.7,False,2026-09-09,17,89,2026-08-29,0,none,,,0,0.0037,0.0007
UA18080210000038722,Чижівська,Житомирська,Новоград-Волинський,сільська,50.6675866,27.618603,27,437.1,6737,0,NA,NA,90.2119798745683,245.223072541315,2,0,0,0,536.9,False,2026-09-09,17,89,2026-08-29,0,none,,,0,0.0037,0.0007
UA18080230000071226,Ярунська,Житомирська,Новоград-Волинський,сільська,50.546719,27.4617,14,256.2,7750,0,NA,NA,105.1941701808,236.173068628783,NA,0,0,0,532.1,False,2026-09-09,17,89,2026-08-29,0,none,,,0,0.0037,0.0007
UA21020010000055068,Батівська,Закарпатська,Берегівський,селищна,48.3637408,22.3994631,9,117,11971,0.24342160220533,NA,NA,359.967690208864,6.06405574892678,NA,1,0,0,712.6,False,2026-09-09,0,7,2026-08-29,0,none,,,0,0.0,0.0
UA21020030000019624,Берегівська,Закарпатська,Берегівський,міська,48.2050985,22.6453246,18,255.6,43779,0.532789693688755,NA,NA,373.422721576598,5.58727730902331,60,0,0,0,691.1,False,2026-09-09,0,7,2026-08-29,0,none,,,0,0.0,0.0
UA21020050000065800,Великоберезька,Закарпатська,Берегівський,сільська,48.23307,22.748911,5,126.5,6139,0,NA,NA,369.029917537762,12.4895854789793,NA,0,0,0,684.2,False,2026-09-09,0,7,2026-08-29,0,none,,,0,0.0,0.0
UA21020070000015036,Великобийганська,Закарпатська,Берегівський,сільська,48.248535,22.576393,7,97.4,7530,0,NA,NA,369.646215984724,4.61343835843575,NA,0,0,0,697.1,False,2026-09-09,0,7,2026-08-29,0,none,,,0,0.0,0.0
UA21020090000083647,Вилоцька,Закарпатська,Берегівський,селищна,48.111071,22.8378912,11,137.4,14722,0.211723950550197,NA,NA,381.395480298193,0.506682449168614,2,0,0,0,675.0,False,2026-09-09,0,7,2026-08-29,0,none,,,0,0.0,0.0
UA21020110000091104,Виноградівська,Закарпатська,Берегівський,міська,48.1403967,23.036008,14,248.7,63099,0.401226643845386,NA,NA,376.19658620355,8.27415080916801,13,1,0,0,661.3,False,2026-09-09,0,7,2026-08-29,0,none,,,0,0.0,0.0
UA21020130000047547,Кам’янська,Закарпатська,Берегівський,сільська,48.280163,22.946646,8,71.6,9378,0,NA,NA,361.624711090499,20.2184833812711,NA,0,0,0,671.1,False,2026-09-09,0,7,2026-08-29,0,none,,,0,0.0,0.0
UA21020150000043098,Королівська,Закарпатська,Берегівський,селищна,48.1541387,23.1322333,9,116.3,22846,0.454565350608422,NA,NA,373.906643219169,4.57876009184342,NA,1,0,0,654.6,False,2026-09-09,0,7,2026-08-29,0,none,,,0,0.0,0.0
UA21020170000069101,Косоньська,Закарпатська,Берегівський,сільська,48.253601,22.45598,8,97.1,7655,0,NA,NA,370.945416276263,1.08747610533637,NA,1,0,0,705.9,False,2026-09-09,0,7,2026-08-29,0,none,,,0,0.0,0.0
UA21020190000086409,Пийтерфолвівська,Закарпатська,Берегівський,сільська,48.06741,22.927752,16,192.6,19577,0,NA,NA,385.253025881404,3.71382966263779,NA,0,0,0,667.5,False,2026-09-09,0,7,2026-08-29,0,none,,,0,0.0,0.0
UA21040010000055885,Великолучківська,Закарпатська,Мукачівський,сільська,48.418812,22.57279,17,178.5,21562,0,NA,NA,351.156660324026,19.3828896675745,1,0,0,0,701.6,False,2026-09-09,0,7,2026-08-29,0,none,,,0,0.0,0.0
UA21040030000026359,Верхньокоропецька,Закарпатська,Мукачівський,сільська,48.4322513,22.791054,12,82.3,7207,0,NA,NA,346.671861396686,29.5369786140383,NA,0,0,0,686.3,False,2026-09-09,0,7,2026-08-29,0,none,,,0,0.0,0.0
UA21040050000032164,Воловецька,Закарпатська,Мукачівський,селищна,48.7146406,23.1888322,4,181.7,8776,0.565291704649043,1,NA,311.482772672418,39.165886946107,2,1,0,0,666.8,False,2026-09-09,0,7,2026-08-29,0,none,,,0,0.0,0.0
UA21040070000029344,Горондівська,Закарпатська,Мукачівський,сільська,48.3802983,22.5659121,3,77.2,9251,0,NA,NA,355.451515392003,15.1851735366232,NA,0,0,0,701.1,False,2026-09-09,0,7,2026-08-29,0,none,,,0,0.0,0.0
UA21040090000072363,Жденіївська,Закарпатська,Мукачівський,селищна,48.77243,22.9796199,11,204.8,4661,0.230422656082386,1,NA,307.122006165882,26.8616226865602,NA,0,0,0,683.4,False,2026-09-09,0,7,2026-08-29,0,none,,,0,0.0,0.0
UA21040110000099623,Івановецька,Закарпатська,Мукачівський,сільська,48.472019,22.647631,13,95.2,9227,0,NA,NA,344.246089451432,26.9547493553727,NA,0,0,0,697.6,False,2026-09-09,0,7,2026-08-29,0,none,,,0,0.0,0.0
UA21040130000019237,Кольчинська,Закарпатська,Мукачівський,селищна,48.4706501,22.7526899,12,137.8,9522,0.440873766015543,1,NA,342.950675266415,30.8360655057289,NA,0,0,0,690.1,False,2026-09-09,0,7,2026-08-29,0,none,,,0,0.0,0.0
UA21040150000092428,Мукачівська,Закарпатська,Мукачівський,міська,48.4421438,22.7185112,18,266.9,110037,0.77763843070967,NA,NA,346.520061001168,26.7877513901359,69,1,0,0,691.8,False,2026-09-09,0,7,2026-08-29,0,none,,,0,0.0,0.0
UA21040170000092506,Неліпинська,Закарпатська,Мукачівський,сільська,48.557854,23.027519,4,127,5240,0,1,NA,330.221255448715,49.7645557539912,1,0,0,0,673.1,False,2026-09-09,0,7,2026-08-29,0,none,,,0,0.0,0.0
UA21040190000088960,Нижньоворітська,Закарпатська,Мукачівський,сільська,48.770844,23.096771,11,156.5,9825,0,1,NA,306.073670912119,30.2978885942896,NA,0,0,0,675.2,False,2026-09-09,0,7,2026-08-29,0,none,,,0,0.0,0.0
UA21040210000079273,Полянська,Закарпатська,Мукачівський,сільська,48.624252,22.967024,13,232.1,13678,0,1,NA,323.546482817797,42.7222412925808,2,0,0,0,679.4,False,2026-09-09,0,7,2026-08-29,0,none,,,0,0.0,0.0
UA21040230000091606,Свалявська,Закарпатська,Мукачівський,міська,48.5460735,22.9895489,10,147.2,27445,0.621898342138823,1,NA,331.904651002473,48.869292966747,26,1,0,0,675.4,False,2026-09-09,0,7,2026-08-29,0,none,,,0,0.0,0.0
UA21040250000010914,Чинадіївська,Закарпатська,Мукачівський,селищна,48.5005201,22.84435,14,169.3,14714,0.454533097730053,1,NA,338.540846986866,37.7141879509286,3,1,0,0,684.4,False,2026-09-09,0,7,2026-08-29,0,none,,,0,0.0,0.0
UA21060010000011784,Богданська,Закарпатська,Рахівський,сільська,48.0405394,24.3609175,6,488,10499,0,1,NA,387.748213189791,9.52566865823184,NA,0,0,0,562.9,False,2026-09-09,0,7,2026-08-29,0,none,,,0,0.0,0.0
UA21060030000020114,Великобичківська,Закарпатська,Рахівський,селищна,47.973549,24.0147396,9,574.6,29375,0.428731914893617,1,NA,392.789740135405,0.834580791711792,NA,0,0,0,586.2,False,2026-09-09,0,7,2026-08-29,0,none,,,0,0.0,0.0
UA21060050000029937,Рахівська,Закарпатська,Рахівський,міська,48.0556765,24.2057063,4,252.5,23497,0.661190790313657,1,NA,384.804237570509,15.3631233893758,3,1,0,0,574.5,False,2026-09-09,0,7,2026-08-29,0,none,,,0,0.0,0.0
UA21060070000049340,Ясінянська,Закарпатська,Рахівський,селищна,48.2722802,24.3611884,7,528.6,18663,0.458929432567111,1,NA,362.19408467976,34.0273239839612,NA,1,0,0,569.7,False,2026-09-09,0,7,2026-08-29,0,none,,,0,0.0,0.0
UA21080010000097427,Бедевлянська,Закарпатська,Тячівський,сільська,48.003201,23.663486,5,30.6,6520,0,NA,NA,388.706695933022,1.59030672161367,NA,0,0,0,612.5,False,2026-09-09,0,7,2026-08-29,0,none,,,0,0.0,0.0
UA21080030000084057,Буштинська,Закарпатська,Тячівський,селищна,48.0486521,23.4862834,9,142.7,25686,0.328739391107997,1,NA,383.876143083537,4.3996309476593,NA,1,0,0,626.4,False,2026-09-09,0,7,2026-08-29,0,none,,,0,0.0,0.0
UA21080050000056542,Вільховецька,Закарпатська,Тячівський,сільська,48.10638,23.74729,6,74.2,12393,0,1,NA,377.275447561189,12.0154533779234,NA,0,0,0,608.9,False,2026-09-09,0,7,2026-08-29,0,none,,,0,0.0,0.0
UA21080070000025254,Дубівська,Закарпатська,Тячівський,селищна,48.17917,23.88599,5,196.3,20295,0.485242670608524,1,NA,369.467445926729,22.1456800027691,1,0,0,0,600.9,False,2026-09-09,0,7,2026-08-29,0,none,,,0,0.0,0.0
UA21080090000024861,Нересницька,Закарпатська,Тячівський,сільська,48.123211,23.773041,12,333.9,30464,0,1,NA,375.436320350594,13.9781616393321,NA,0,0,0,607.5,False,2026-09-09,0,7,2026-08-29,0,none,,,0,0.0,0.0
UA21080110000054940,Солотвинська,Закарпатська,Тячівський,селищна,47.9470202,23.8747013,9,164.4,34944,0.24012706043956,1,NA,395.230202465332,0.637810239396691,3,1,0,0,595.8,False,2026-09-09,0,7,2026-08-29,0,none,,,0,0.0,0.0
UA21080130000093757,Тересвянська,Закарпатська,Тячівський,селищна,47.9978901,23.6995699,3,47,16582,0.451091545048848,NA,NA,389.303299515458,0.66035885599423,NA,1,0,0,609.7,False,2026-09-09,0,7,2026-08-29,0,none,,,0,0.0,0.0
UA21080150000014443,Тячівська,Закарпатська,Тячівський,міська,48.01163,23.5783799,5,97.8,19378,0.458612859944267,NA,NA,387.823611860887,0.778525001925129,5,1,0,0,618.9,False,2026-09-09,0,7,2026-08-29,0,none,,,0,0.0,0.0
UA21080170000093911,Углянська,Закарпатська,Тячівський,сільська,48.15136,23.625759,6,145.2,10617,0,1,NA,372.244764031317,15.8801828944391,NA,0,0,0,618.9,False,2026-09-09,0,7,2026-08-29,0,none,,,0,0.0,0.0
UA21080190000094580,Усть-Чорнянська,Закарпатська,Тячівський,селищна,48.3249324,23.9348815,4,641.8,6877,0.224952741020794,1,NA,353.444591905063,38.634697693855,0,0,0,0,601.6,False,2026-09-09,0,7,2026-08-29,0,none,,,0,0.0,0.0
UA21100010000070243,Баранинська,Закарпатська,Ужгородський,сільська,48.57021,22.326281,12,152.6,10784,0,NA,NA,339.092384852322,8.98131310637003,NA,0,0,0,723.3,False,2026-09-09,0,7,2026-08-29,0,none,,,0,0.0,0.0
UA21100030000089881,Великоберезнянська,Закарпатська,Ужгородський,селищна,48.88985,22.45812,8,110.5,9969,0.773698465242251,1,NA,302.25839273863,2.66744808998285,9,1,0,0,723.7,False,2026-09-09,0,7,2026-08-29,0,none,,,0,0.0,0.0
UA21100050000042361,Великодобронська,Закарпатська,Ужгородський,сільська,48.4222699,22.3914888,5,103,11536,0,NA,NA,353.78832938378,9.29024656340797,NA,0,0,0,714.7,False,2026-09-09,0,7,2026-08-29,0,none,,,0,0.0,0.0
UA21100070000018509,Дубриницько-Малоберезнянська,Закарпатська,Ужгородський,сільська,48.805729,22.492451,9,260.8,6655,0,1,NA,310.637306690584,7.70167168822796,NA,0,0,0,718.6,False,2026-09-09,0,7,2026-08-29,0,none,,,0,0.0,0.0
UA21100090000012128,Костринська,Закарпатська,Ужгородський,сільська,48.942177,22.594275,6,211.5,5061,0,1,NA,294.092732043914,7.989007669449,NA,1,0,0,716.0,False,2026-09-09,0,7,2026-08-29,0,none,,,0,0.0,0.0
UA21100110000018765,Оноківська,Закарпатська,Ужгородський,сільська,48.654358,22.344803,5,117.3,6541,0,NA,NA,329.711894331731,3.28786605993481,1,0,0,0,724.3,False,2026-09-09,0,7,2026-08-29,0,none,,,0,0.0,0.0
UA21100130000055002,Перечинська,Закарпатська,Ужгородський,міська,48.73707,22.48764,5,120.2,12399,0.522380837164287,NA,NA,318.117283969537,9.20264835794124,4,1,0,0,716.7,False,2026-09-09,0,7,2026-08-29,0,none,,,0,0.0,0.0
UA21100150000019483,Середнянська,Закарпатська,Ужгородський,селищна,48.5413858,22.5043823,15,217.2,14424,0.302343316694398,NA,NA,338.956503592087,19.9457308513675,NA,0,0,0,709.8,False,2026-09-09,0,7,2026-08-29,0,none,,,0,0.0,0.0
UA21100170000051803,Ставненська,Закарпатська,Ужгородський,сільська,48.992908,22.695318,12,299.5,6910,0,1,NA,286.883582853275,5.18432172533259,NA,0,0,0,710.8,False,2026-09-09,0,7,2026-08-29,0,none,,,0,0.0,0.0
UA21100190000078736,Сюртівська,Закарпатська,Ужгородський,сільська,48.50428,22.228897,12,145.2,9457,0,NA,NA,348.095693312449,5.51065065881565,NA,0,0,0,728.5,False,2026-09-09,0,7,2026-08-29,0,none,,,0,0.0,0.0
UA21100210000026937,Тур’є-Реметівська,Закарпатська,Ужгородський,сільська,48.71956,22.59613,17,437.3,16057,0,1,NA,318.131764071767,17.2297596445669,NA,0,0,0,708.6,False,2026-09-09,0,7,2026-08-29,0,none,,,0,0.0,0.0
UA21100230000083101,Ужгородська,Закарпатська,Ужгородський,міська,48.6223732,22.3022569,1,37.7,115449,1,NA,NA,333.984122165026,4.30689155861725,401,1,0,0,726.4,False,2026-09-09,0,7,2026-08-29,0,none,,,0,0.0,0.0
UA21100250000028639,Холмківська,Закарпатська,Ужгородський,сільська,48.5629932,22.2682457,10,65.5,14348,0,NA,NA,341.020211791865,6.99109870193286,3,0,0,0,727.2,False,2026-09-09,0,7,2026-08-29,0,none,,,0,0.0,0.0
UA21100270000015047,Чопська,Закарпатська,Ужгородський,міська,48.4313665,22.2063694,8,84.1,15410,0.559766385463984,NA,NA,356.346228144601,0.632956241330241,3,1,0,0,728.2,False,2026-09-09,0,7,2026-08-29,0,none,,,0,0.0,0.0
UA21120010000011654,Білківська,Закарпатська,Хустський,сільська,48.32439,23.131029,6,149.2,20571,0,1,NA,355.08359862075,22.8823884816592,NA,0,0,0,659.0,False,2026-09-09,0,7,2026-08-29,0,none,,,0,0.0,0.0
UA21120030000076462,Вишківська,Закарпатська,Хустський,селищна,48.0460598,23.4277425,6,179.9,16017,0.511519011050759,NA,NA,384.330410829386,5.416360001939,1,0,0,0,630.6,False,2026-09-09,0,7,2026-08-29,0,none,,,0,0.0,0.0
UA21120050000055437,Горінчівська,Закарпатська,Хустський,сільська,48.266369,23.42869,16,223.6,12717,0,1,NA,359.854568559747,22.0108536157625,1,0,0,0,636.1,False,2026-09-09,0,7,2026-08-29,0,none,,,0,0.0,0.0
UA21120070000032447,Довжанська,Закарпатська,Хустський,сільська,48.36731,23.28072,8,257.5,16734,0,1,NA,349.324264145187,28.5804064766053,NA,0,0,0,649.5,False,2026-09-09,0,7,2026-08-29,0,none,,,0,0.0,0.0
UA21120090000025804,Драгівська,Закарпатська,Хустський,сільська,48.235985,23.548994,7,148.1,13753,0,1,NA,362.923595038587,23.8605004242693,NA,0,0,0,626.6,False,2026-09-09,0,7,2026-08-29,0,none,,,0,0.0,0.0
UA21120110000065395,Зарічанська,Закарпатська,Хустський,сільська,48.280449,22.99473,4,41.6,8302,0,NA,NA,361.117099557142,21.9274962229982,NA,0,0,0,667.7,False,2026-09-09,0,7,2026-08-29,0,none,,,0,0.0,0.0
UA21120130000025618,Іршавська,Закарпатська,Хустський,міська,48.31924,23.0417599,20,309.5,35732,0.256436807343558,1,NA,356.400987321872,24.0125309389657,2,0,0,0,665.3,False,2026-09-09,0,7,2026-08-29,0,none,,,0,0.0,0.0
UA21120150000079563,Керецьківська,Закарпатська,Хустський,сільська,48.481628,23.217199,4,298.9,14870,0,1,NA,337.055938417653,40.3366243692494,NA,0,0,0,657.4,False,2026-09-09,0,7,2026-08-29,0,none,,,0,0.0,0.0
UA21120170000080579,Колочавська,Закарпатська,Хустський,сільська,48.426567,23.698563,5,161.5,8678,0,1,NA,341.636884499515,46.7148591337358,NA,0,0,0,621.6,False,2026-09-09,0,7,2026-08-29,0,none,,,0,0.0,0.0
UA21120190000082169,Міжгірська,Закарпатська,Хустський,селищна,48.5281184,23.5009289,22,554.1,24696,0.381924198250729,1,NA,330.555838433663,50.6060521117491,NA,0,0,0,638.7,False,2026-09-09,0,7,2026-08-29,0,none,,,0,0.0,0.0
UA21120210000094884,Пилипецька,Закарпатська,Хустський,сільська,48.670811,23.341829,11,199.6,7032,0,1,NA,315.334998506047,49.88556647835,NA,0,0,0,654.6,False,2026-09-09,0,7,2026-08-29,0,none,,,0,0.0,0.0
UA21120230000041982,Синевирська,Закарпатська,Хустський,сільська,48.61651805,23.6842894030738,6,254.5,6319,0,1,NA,320.510547837419,65.156470919784,NA,0,0,0,628.8,False,2026-09-09,0,7,2026-08-29,0,none,,,0,0.0,0.0
UA21120250000077532,Хустська,Закарпатська,Хустський,міська,48.1764917,23.291166,28,402.3,80424,0.348639709539441,1,NA,370.427557513268,8.63423088478637,73,1,0,0,643.7,False,2026-09-09,0,7,2026-08-29,0,none,,,0,0.0,0.0
UA23020010000034566,Андрівська,Запорізька,Бердянський,сільська,46.8986755,36.625049,4,194.8,3193,0,NA,1,65.0969681966828,546.555377176178,NA,0,0,1,14.1,True,2026-09-09,2813,14944,2026-08-29,0.8,oblast_cascade,,DniproHES (Zaporizhzhia dam/HPP); Zaporizhzhia NPP,1,0.6619,0.3824
UA23020030000059558,Андріївська,Запорізька,Бердянський,селищна,47.09392,36.59031,14,498.7,6863,0.380591578027102,NA,1,76.8804193066217,551.637070011956,NA,0,0,1,36.0,True,2026-09-09,2813,14944,2026-08-29,0.8,oblast_cascade,,DniproHES (Zaporizhzhia dam/HPP); Zaporizhzhia NPP,1,0.6619,0.3824
UA23020050000046501,Бердянська,Запорізька,Бердянський,міська,46.755678,36.7887623,5,252.2,111070,0.957153146664266,NA,1,49.6445498830554,553.426724841786,222,1,0,1,0.8,True,2026-09-09,2813,14944,2026-08-29,0.8,oblast_cascade,,DniproHES (Zaporizhzhia dam/HPP); Zaporizhzhia NPP,1,0.6619,0.3824
UA23020070000049788,Берестівська,Запорізька,Бердянський,сільська,47.1404461,36.8029994,11,498.7,4380,0,NA,NA,67.4638919565617,568.510100501456,NA,0,0,1,34.9,True,2026-09-09,2813,14944,2026-08-29,0.8,oblast_cascade,,DniproHES (Zaporizhzhia dam/HPP); Zaporizhzhia NPP,1,0.6619,0.3824
UA23020090000069977,Коларівська,Запорізька,Бердянський,сільська,46.904072,36.33041,11,418.6,5489,0,NA,NA,86.8211202973656,525.692703354843,NA,1,0,0,20.8,True,2026-09-09,2813,14944,2026-08-29,0.8,oblast_cascade,,DniproHES (Zaporizhzhia dam/HPP); Zaporizhzhia NPP,1,0.6619,0.3824
UA23020110000062653,Осипенківська,Запорізька,Бердянський,сільська,46.91643,36.81999,7,419.6,7219,0,NA,1,52.0211414418032,561.199757948843,NA,0,0,1,13.1,True,2026-09-09,2813,14944,2026-08-29,0.8,oblast_cascade,,DniproHES (Zaporizhzhia dam/HPP); Zaporizhzhia NPP,1,0.6619,0.3824
UA23020130000081044,Приморська,Запорізька,Бердянський,міська,46.7343149,36.3472151,20,985.7,22332,0.499596990865126,NA,1,83.1376847876981,520.655682365178,7,0,0,1,4.3,True,2026-09-09,2813,14944,2026-08-29,0.8,oblast_cascade,,DniproHES (Zaporizhzhia dam/HPP); Zaporizhzhia NPP,1,0.6619,0.3824
UA23020150000063371,Чернігівська,Запорізька,Бердянський,селищна,47.19486,36.2075,41,1201.2,15500,0.354838709677419,NA,NA,107.485982031976,529.274672742578,NA,1,0,1,39.3,True,2026-09-09,2813,14944,2026-08-29,0.8,oblast_cascade,,DniproHES (Zaporizhzhia dam/HPP); Zaporizhzhia NPP,1,0.6619,0.3824
UA23040010000033945,Благовіщенська,Запорізька,Василівський,сільська,47.461262,34.821815,7,299.7,6077,0,NA,NA,158.615631567058,452.068054273242,NA,0,0,1,0.4,True,2026-09-09,2813,14944,2026-08-29,0.8,oblast_cascade,,DniproHES (Zaporizhzhia dam/HPP); Zaporizhzhia NPP,1,0.6619,0.3824
UA23040030000061166,Василівська,Запорізька,Василівський,міська,47.4431859,35.2803026,18,721.5,20563,0.611146233526236,NA,NA,169.229185123092,480.045141517774,13,0,0,1,3.2,True,2026-09-09,2813,14944,2026-08-29,0.8,oblast_cascade,,DniproHES (Zaporizhzhia dam/HPP); Zaporizhzhia NPP,1,0.6619,0.3824
UA23040050000076136,Великобілозерська,Запорізька,Василівський,сільська,47.26936,34.684521,8,470.9,7404,0,NA,NA,134.925650640466,431.720290170203,NA,0,0,1,24.7,True,2026-09-09,2813,14944,2026-08-29,0.8,oblast_cascade,,DniproHES (Zaporizhzhia dam/HPP); Zaporizhzhia NPP,1,0.6619,0.3824
UA23040070000097076,Водянська,Запорізька,Василівський,сільська,47.479115,34.517452,8,365.2,11499,0,NA,NA,151.087263425081,434.440372037016,NA,0,0,1,2.6,True,2026-09-09,2813,14944,2026-08-29,0.8,oblast_cascade,,DniproHES (Zaporizhzhia dam/HPP); Zaporizhzhia NPP,1,0.6619,0.3824
UA23040090000031823,Дніпрорудненська,Запорізька,Василівський,міська,47.3899205,35.0028481,3,47.6,18160,0.976651982378855,NA,NA,155.908904453957,459.162496624068,20,0,0,1,1.5,True,2026-09-09,2813,14944,2026-08-29,0.8,oblast_cascade,,DniproHES (Zaporizhzhia dam/HPP); Zaporizhzhia NPP,1,0.6619,0.3824
UA23040110000019947,Енергодарська,Запорізька,Василівський,міська,47.4900575,34.6602709,1,63.4,52237,1,NA,NA,156.196051643925,443.900186649568,51,0,0,1,2.4,True,2026-09-09,2813,14944,2026-08-29,2,hosts_facility,DniproHES (Zaporizhzhia dam/HPP); Zaporizhzhia NPP,DniproHES (Zaporizhzhia dam/HPP); Zaporizhzhia NPP,1,0.6619,0.6824
UA23040130000044084,Кам’янсько-Дніпровська,Запорізька,Василівський,міська,47.4900938,34.4109101,3,435.9,19607,0.61799357372367,NA,NA,149.723734801183,428.578922179547,2,0,0,1,1.1,True,2026-09-09,2813,14944,2026-08-29,0.8,oblast_cascade,,DniproHES (Zaporizhzhia dam/HPP); Zaporizhzhia NPP,1,0.6619,0.3824
UA23040150000063069,Малобілозерська,Запорізька,Василівський,сільська,47.24419,34.939514,8,623.4,12189,0,NA,NA,139.047275438364,446.64607519389,9,0,0,1,16.3,True,2026-09-09,2813,14944,2026-08-29,0.8,oblast_cascade,,DniproHES (Zaporizhzhia dam/HPP); Zaporizhzhia NPP,1,0.6619,0.3824
UA23040170000022547,Михайлівська,Запорізька,Василівський,селищна,47.2686779,35.2182687546317,12,612.3,18970,0.766842382709541,NA,NA,149.335572029791,466.216181393666,NA,0,0,1,19.6,True,2026-09-09,2813,14944,2026-08-29,0.8,oblast_cascade,,DniproHES (Zaporizhzhia dam/HPP); Zaporizhzhia NPP,1,0.6619,0.3824
UA23040190000047410,Роздольська,Запорізька,Василівський,сільська,47.2817378,35.3955872,32,418.3,6433,0,NA,NA,155.444476402096,478.613175557807,NA,0,0,1,22.9,True,2026-09-09,2813,14944,2026-08-29,0.8,oblast_cascade,,DniproHES (Zaporizhzhia dam/HPP); Zaporizhzhia NPP,1,0.6619,0.3824
UA23040210000019462,Степногірська,Запорізька,Василівський,селищна,47.58694,35.35606,9,235.3,8132,0.52803738317757,NA,NA,184.811042167085,493.295854359116,1,0,0,1,1.0,False,2026-09-09,2813,14944,2026-08-29,0.8,oblast_cascade,,DniproHES (Zaporizhzhia dam/HPP); Zaporizhzhia NPP,1,0.6619,0.3824
UA23060010000052992,Біленьківська,Запорізька,Запорізький,сільська,47.621609,35.030251,9,357.2,9636,0,NA,NA,180.977249985367,475.037949439887,NA,0,0,0,19.4,False,2026-09-09,2813,14944,2026-08-29,0.8,oblast_cascade,,DniproHES (Zaporizhzhia dam/HPP); Zaporizhzhia NPP,0,0.6619,0.3324
UA23060030000037089,Вільнянська,Запорізька,Запорізький,міська,47.9433,35.43159,16,158.4,16531,0.866493255096485,NA,NA,203.667620332736,520.038316666896,11,0,0,0,40.7,False,2026-09-09,2813,14944,2026-08-29,0.8,oblast_cascade,,DniproHES (Zaporizhzhia dam/HPP); Zaporizhzhia NPP,0,0.6619,0.3324
UA23060050000065959,Долинська,Запорізька,Запорізький,сільська,47.788471,34.956089,9,170.1,5615,0,NA,NA,195.610223273652,481.092721938449,NA,0,0,0,38.2,False,2026-09-09,2813,14944,2026-08-29,0.8,oblast_cascade,,DniproHES (Zaporizhzhia dam/HPP); Zaporizhzhia NPP,0,0.6619,0.3324
UA23060070000082704,Запорізька,Запорізька,Запорізький,міська,47.8507859,35.1182867,1,311.7,710052,1,NA,NA,207.262086652095,494.981356665846,1041,1,0,1,35.1,False,2026-09-09,2813,14944,2026-08-29,0.8,oblast_cascade,,DniproHES (Zaporizhzhia dam/HPP); Zaporizhzhia NPP,0,0.6619,0.3324
UA23060090000082326,Комишуваська,Запорізька,Запорізький,селищна,47.7141975,35.5322725,30,531,12450,0.421767068273092,NA,NA,181.741184406868,512.036183557503,NA,0,0,1,17.5,False,2026-09-09,2813,14944,2026-08-29,0.8,oblast_cascade,,DniproHES (Zaporizhzhia dam/HPP); Zaporizhzhia NPP,0,0.6619,0.3324
UA23060110000049870,Кушугумська,Запорізька,Запорізький,селищна,47.71671,35.20981,3,216.2,16938,1,NA,NA,195.373588261816,492.109314946207,NA,0,0,1,18.7,False,2026-09-09,2813,14944,2026-08-29,0.8,oblast_cascade,,DniproHES (Zaporizhzhia dam/HPP); Zaporizhzhia NPP,0,0.6619,0.3324
UA23060130000058533,Матвіївська,Запорізька,Запорізький,сільська,47.905201,35.301819,12,153.6,6767,0.165065760307374,NA,NA,208.357815003731,509.66980540922,NA,0,0,1,36.6,False,2026-09-09,2813,14944,2026-08-29,0.8,oblast_cascade,,DniproHES (Zaporizhzhia dam/HPP); Zaporizhzhia NPP,0,0.6619,0.3324
UA23060150000085288,Михайлівська,Запорізька,Запорізький,сільська,47.951923,35.253956,15,164.1,6317,0,NA,NA,214.393597321621,509.731922288551,NA,0,0,0,42.2,False,2026-09-09,2813,14944,2026-08-29,0.8,oblast_cascade,,DniproHES (Zaporizhzhia dam/HPP); Zaporizhzhia NPP,0,0.6619,0.3324
UA23060170000046208,Михайло-Лукашівська,Запорізька,Запорізький,сільська,47.958382,35.591595,26,368,5370,0,NA,NA,196.050124239724,530.839507084636,NA,0,0,0,44.6,False,2026-09-09,2813,14944,2026-08-29,0.8,oblast_cascade,,DniproHES (Zaporizhzhia dam/HPP); Zaporizhzhia NPP,0,0.6619,0.3324
UA23060190000080843,Новомиколаївська,Запорізька,Запорізький,селищна,47.97146,35.89886,54,659.3,11045,0.451154368492531,NA,NA,181.169637747066,550.580618311864,20,0,0,1,31.9,False,2026-09-09,2813,14944,2026-08-29,0.8,oblast_cascade,,DniproHES (Zaporizhzhia dam/HPP); Zaporizhzhia NPP,0,0.6619,0.3324
UA23060210000064233,Новоолександрівська,Запорізька,Запорізький,сільська,47.751041,35.36739,7,142.8,4791,0,NA,NA,194.107139533366,503.996419522713,NA,0,0,1,19.1,False,2026-09-09,2813,14944,2026-08-29,0.8,oblast_cascade,,DniproHES (Zaporizhzhia dam/HPP); Zaporizhzhia NPP,0,0.6619,0.3324
UA23060230000071243,Павлівська,Запорізька,Запорізький,сільська,47.946049,35.463181,21,169.8,4563,0,NA,NA,202.110943663998,522.154908709964,NA,0,0,0,41.3,False,2026-09-09,2813,14944,2026-08-29,0.8,oblast_cascade,,DniproHES (Zaporizhzhia dam/HPP); Zaporizhzhia NPP,0,0.6619,0.3324
UA23060250000058722,Петро-Михайлівська,Запорізька,Запорізький,сільська,48.060032,35.229721,18,278.4,4838,0,NA,NA,223.518129606907,515.341908449341,NA,0,0,0,54.3,False,2026-09-09,2813,14944,2026-08-29,0.8,oblast_cascade,,DniproHES (Zaporizhzhia dam/HPP); Zaporizhzhia NPP,0,0.6619,0.3324
UA23060270000087706,Степненська,Запорізька,Запорізький,сільська,47.79911,35.305592,8,94.6,5354,0,NA,NA,200.979902342513,503.212904796886,1,0,0,1,24.8,False,2026-09-09,2813,14944,2026-08-29,0.8,oblast_cascade,,DniproHES (Zaporizhzhia dam/HPP); Zaporizhzhia NPP,0,0.6619,0.3324
UA23060290000024046,Таврійська,Запорізька,Запорізький,сільська,47.652512,35.69733,3,184.1,4113,0,NA,NA,167.756879764845,518.876384582314,NA,0,0,1,15.9,False,2026-09-09,2813,14944,2026-08-29,0.8,oblast_cascade,,DniproHES (Zaporizhzhia dam/HPP); Zaporizhzhia NPP,0,0.6619,0.3324
UA23060310000081443,Тернуватська,Запорізька,Запорізький,селищна,47.82932,36.12682,16,257,3524,0.354710556186152,NA,NA,158.007129073085,556.53137607105,NA,1,0,0,9.1,False,2026-09-09,2813,14944,2026-08-29,0.8,oblast_cascade,,DniproHES (Zaporizhzhia dam/HPP); Zaporizhzhia NPP,1,0.6619,0.3824
UA23060330000027462,Широківська,Запорізька,Запорізький,сільська,47.910351,34.901161,35,477.4,12962,0,NA,NA,206.248745336376,485.791947434862,5,0,0,1,47.8,False,2026-09-09,2813,14944,2026-08-29,0.8,oblast_cascade,,DniproHES (Zaporizhzhia dam/HPP); Zaporizhzhia NPP,0,0.6619,0.3324
UA23080010000036379,Веселівська,Запорізька,Мелітопольський,селищна,47.0179164,34.9211323,11,567.4,13468,0.693495693495694,NA,NA,115.175086699382,433.109335278107,58,0,0,1,41.5,True,2026-09-09,2813,14944,2026-08-29,0.8,oblast_cascade,,DniproHES (Zaporizhzhia dam/HPP); Zaporizhzhia NPP,1,0.6619,0.3824
UA23080030000064349,Кирилівська,Запорізька,Мелітопольський,селищна,46.3717985,35.3696143,8,662.1,6510,0.524731182795699,NA,1,65.3505180013731,437.165359481685,NA,0,0,1,0.6,True,2026-09-09,2813,14944,2026-08-29,0.8,oblast_cascade,,DniproHES (Zaporizhzhia dam/HPP); Zaporizhzhia NPP,1,0.6619,0.3824
UA23080050000095009,Костянтинівська,Запорізька,Мелітопольський,сільська,46.833878,35.425159,2,230.3,14178,0,NA,NA,112.235729113905,458.855943947987,NA,0,0,1,37.5,True,2026-09-09,2813,14944,2026-08-29,0.8,oblast_cascade,,DniproHES (Zaporizhzhia dam/HPP); Zaporizhzhia NPP,1,0.6619,0.3824
UA23080070000068953,Мелітопольська,Запорізька,Мелітопольський,міська,46.8467267,35.3827281,1,49.7,148851,1,NA,NA,111.775926379611,456.455447300824,84,1,0,1,44.4,True,2026-09-09,2813,14944,2026-08-29,0.8,oblast_cascade,,DniproHES (Zaporizhzhia dam/HPP); Zaporizhzhia NPP,1,0.6619,0.3824
UA23080090000051553,Мирненська,Запорізька,Мелітопольський,селищна,46.9464984,35.4405448,9,196.3,5374,0.532005954596204,NA,NA,123.549456636043,464.972994353325,NA,0,0,1,45.4,True,2026-09-09,2813,14944,2026-08-29,0.8,oblast_cascade,,DniproHES (Zaporizhzhia dam/HPP); Zaporizhzhia NPP,1,0.6619,0.3824
UA23080110000020314,Новенська,Запорізька,Мелітопольський,сільська,46.785141,35.28067,12,252,4958,0,NA,NA,101.931456422508,446.615092158733,2,0,0,1,37.8,True,2026-09-09,2813,14944,2026-08-29,0.8,oblast_cascade,,DniproHES (Zaporizhzhia dam/HPP); Zaporizhzhia NPP,1,0.6619,0.3824
UA23080130000083188,Новобогданівська,Запорізька,Мелітопольський,сільська,47.085339,35.328941,6,198.4,4900,0,NA,NA,133.423161962043,464.001875103395,NA,0,0,1,41.1,True,2026-09-09,2813,14944,2026-08-29,0.8,oblast_cascade,,DniproHES (Zaporizhzhia dam/HPP); Zaporizhzhia NPP,1,0.6619,0.3824
UA23080150000073640,Нововасилівська,Запорізька,Мелітопольський,селищна,46.834721,35.749512,20,723.1,7485,0.291649966599866,NA,1,122.561395513467,481.703602572081,NA,0,0,1,23.7,True,2026-09-09,2813,14944,2026-08-29,0.8,oblast_cascade,,DniproHES (Zaporizhzhia dam/HPP); Zaporizhzhia NPP,1,0.6619,0.3824
UA23080170000033256,Новоуспенівська,Запорізька,Мелітопольський,сільська,47.050869,35.034115,9,296.2,3411,0,NA,NA,122.079695194786,442.39180161831,NA,0,0,1,37.9,True,2026-09-09,2813,14944,2026-08-29,0.8,oblast_cascade,,DniproHES (Zaporizhzhia dam/HPP); Zaporizhzhia NPP,1,0.6619,0.3824
UA23080190000065134,Олександрівська,Запорізька,Мелітопольський,сільська,46.538078,35.483089,14,639.5,6018,0,NA,1,85.1883566806321,451.166832705747,NA,0,0,1,9.2,True,2026-09-09,2813,14944,2026-08-29,0.8,oblast_cascade,,DniproHES (Zaporizhzhia dam/HPP); Zaporizhzhia NPP,1,0.6619,0.3824
UA23080210000060255,Плодородненська,Запорізька,Мелітопольський,сільська,47.166019,35.323101,12,155.8,3310,0,NA,NA,141.461179285238,467.708437836346,NA,0,0,1,32.3,True,2026-09-09,2813,14944,2026-08-29,0.8,oblast_cascade,,DniproHES (Zaporizhzhia dam/HPP); Zaporizhzhia NPP,1,0.6619,0.3824
UA23080230000097340,Приазовська,Запорізька,Мелітопольський,селищна,46.73,35.63896,18,570.7,11906,0.52872501259869,NA,1,108.889261217728,469.631573347119,3,0,0,1,17.2,True,2026-09-09,2813,14944,2026-08-29,0.8,oblast_cascade,,DniproHES (Zaporizhzhia dam/HPP); Zaporizhzhia NPP,1,0.6619,0.3824
UA23080250000043914,Семенівська,Запорізька,Мелітопольський,сільська,46.894451,35.416489,21,591.9,9191,0,NA,NA,117.643700606509,460.936585166541,NA,0,0,1,42.6,True,2026-09-09,2813,14944,2026-08-29,0.8,oblast_cascade,,DniproHES (Zaporizhzhia dam/HPP); Zaporizhzhia NPP,1,0.6619,0.3824
UA23080270000086363,Терпіннівська,Запорізька,Мелітопольський,сільська,46.975765,35.421688,19,367.5,8990,0,NA,NA,125.659737445984,465.030608348371,NA,0,0,1,49.0,True,2026-09-09,2813,14944,2026-08-29,0.8,oblast_cascade,,DniproHES (Zaporizhzhia dam/HPP); Zaporizhzhia NPP,1,0.6619,0.3824
UA23080290000096336,Чкаловська,Запорізька,Мелітопольський,сільська,47.06955,34.71302,10,265.4,3084,0,NA,NA,115.325578302154,422.069738958373,NA,0,0,1,39.6,True,2026-09-09,2813,14944,2026-08-29,0.8,oblast_cascade,,DniproHES (Zaporizhzhia dam/HPP); Zaporizhzhia NPP,1,0.6619,0.3824
UA23080310000097001,Якимівська,Запорізька,Мелітопольський,селищна,46.69636,35.15522,36,1242.2,25004,0.442689169732843,NA,1,88.6939858850893,433.976105463282,6,0,0,1,28.1,True,2026-09-09,2813,14944,2026-08-29,0.8,oblast_cascade,,DniproHES (Zaporizhzhia dam/HPP); Zaporizhzhia NPP,1,0.6619,0.3824
UA23100010000094236,Більмацька,Запорізька,Пологівський,селищна,47.3624,36.65108,22,641.3,11195,0.567932112550246,NA,NA,93.2517632205937,567.424805877413,1,0,0,0,51.7,True,2026-09-09,2813,14944,2026-08-29,0.8,oblast_cascade,,DniproHES (Zaporizhzhia dam/HPP); Zaporizhzhia NPP,1,0.6619,0.3824
UA23100030000016840,Воздвижівська,Запорізька,Пологівський,сільська,47.747269,36.079788,13,246.2,2693,0,NA,NA,153.797153361007,548.853758754589,NA,0,0,1,5.6,False,2026-09-09,2813,14944,2026-08-29,0.8,oblast_cascade,,DniproHES (Zaporizhzhia dam/HPP); Zaporizhzhia NPP,1,0.6619,0.3824
UA23100050000041545,Воскресенська,Запорізька,Пологівський,сільська,47.474331,36.35342,4,264.9,5242,0,NA,NA,117.680424903942,552.46821735935,4,0,0,1,24.3,True,2026-09-09,2813,14944,2026-08-29,0.8,oblast_cascade,,DniproHES (Zaporizhzhia dam/HPP); Zaporizhzhia NPP,1,0.6619,0.3824
UA23100070000026535,Гуляйпільська,Запорізька,Пологівський,міська,47.6655382,36.2656849,32,677.3,18506,0.747757484059224,NA,NA,137.637994094401,556.471711220856,7,0,0,1,7.2,True,2026-09-09,2813,14944,2026-08-29,0.8,oblast_cascade,,DniproHES (Zaporizhzhia dam/HPP); Zaporizhzhia NPP,1,0.6619,0.3824
UA23100090000029171,Комиш-Зорянська,Запорізька,Пологівський,селищна,47.32944,36.70292,10,371.1,5850,0.357264957264957,NA,NA,87.9075931461844,569.520150468544,7,1,0,1,58.6,True,2026-09-09,2813,14944,2026-08-29,0.8,oblast_cascade,,DniproHES (Zaporizhzhia dam/HPP); Zaporizhzhia NPP,1,0.6619,0.3824
UA23100110000028240,Малинівська,Запорізька,Пологівський,сільська,47.671391,36.476318,13,377.6,3133,0,NA,NA,127.308330929442,570.668360014529,NA,0,0,1,15.2,True,2026-09-09,2813,14944,2026-08-29,0.8,oblast_cascade,,DniproHES (Zaporizhzhia dam/HPP); Zaporizhzhia NPP,1,0.6619,0.3824
UA23100130000058758,Малотокмачанська,Запорізька,Пологівський,сільська,47.532688,35.896801,4,174.3,2930,0,NA,NA,147.777237364792,525.117904790451,NA,0,0,1,3.1,False,2026-09-09,2813,14944,2026-08-29,0.8,oblast_cascade,,DniproHES (Zaporizhzhia dam/HPP); Zaporizhzhia NPP,1,0.6619,0.3824
UA23100150000023366,Молочанська,Запорізька,Пологівський,міська,47.20653,35.59742,23,567.4,11540,0.528509532062392,NA,NA,149.926578373236,488.19939826008,10,1,0,1,32.8,True,2026-09-09,2813,14944,2026-08-29,0.8,oblast_cascade,,DniproHES (Zaporizhzhia dam/HPP); Zaporizhzhia NPP,1,0.6619,0.3824
UA23100170000031289,Оріхівська,Запорізька,Пологівський,міська,47.5691902,35.7789871,8,342.8,18155,0.765408978242908,NA,NA,157.284227340134,519.422963460445,4,1,0,1,9.3,False,2026-09-09,2813,14944,2026-08-29,0.8,oblast_cascade,,DniproHES (Zaporizhzhia dam/HPP); Zaporizhzhia NPP,1,0.6619,0.3824
UA23100190000020018,Пологівська,Запорізька,Пологівський,міська,47.4784803,36.2531412,23,804.9,28939,0.625833650091572,NA,NA,123.408294167122,545.938265666382,4,1,0,1,16.1,True,2026-09-09,2813,14944,2026-08-29,0.8,oblast_cascade,,DniproHES (Zaporizhzhia dam/HPP); Zaporizhzhia NPP,1,0.6619,0.3824
UA23100210000086911,Преображенська,Запорізька,Пологівський,сільська,47.583126,35.792824,15,366,5233,0,NA,NA,157.382617680038,521.097091063957,NA,0,0,1,10.9,False,2026-09-09,2813,14944,2026-08-29,0.8,oblast_cascade,,DniproHES (Zaporizhzhia dam/HPP); Zaporizhzhia NPP,0,0.6619,0.3324
UA23100230000021603,Розівська,Запорізька,Пологівський,селищна,47.3866992,37.0675861,28,610.5,7910,0.371554993678888,NA,NA,74.7103295228221,597.280307243681,NA,0,0,1,50.1,True,2026-09-09,2813,14944,2026-08-29,0.8,oblast_cascade,,DniproHES (Zaporizhzhia dam/HPP); Zaporizhzhia NPP,1,0.6619,0.3824
UA23100250000073490,Смирновська,Запорізька,Пологівський,сільська,47.2136817,36.5431264,8,324.3,3090,0,NA,NA,87.5876121817572,553.364911067975,NA,0,0,1,49.9,True,2026-09-09,2813,14944,2026-08-29,0.8,oblast_cascade,,DniproHES (Zaporizhzhia dam/HPP); Zaporizhzhia NPP,1,0.6619,0.3824
UA23100270000073418,Токмацька,Запорізька,Пологівський,міська,47.2557432,35.7021159,26,728.3,36013,0.821175686557632,NA,NA,144.683339065452,497.724484717524,91,1,0,1,25.9,True,2026-09-09,2813,14944,2026-08-29,0.8,oblast_cascade,,DniproHES (Zaporizhzhia dam/HPP); Zaporizhzhia NPP,1,0.6619,0.3824
UA23100290000069212,Федорівська,Запорізька,Пологівський,сільська,47.550541,36.54945,11,275,3212,0,NA,NA,113.753297030693,569.423146257697,NA,0,0,1,29.5,True,2026-09-09,2813,14944,2026-08-29,0.8,oblast_cascade,,DniproHES (Zaporizhzhia dam/HPP); Zaporizhzhia NPP,1,0.6619,0.3824
UA26020010000096556,Білоберізька,Івано-Франківська,Верховинський,сільська,48.1469,25.067711,17,353.8,8581,0,1,NA,385.976584786318,30.6338418225825,NA,0,0,0,515.6,False,2026-09-09,3,32,2026-08-29,0.8,oblast_cascade,,Burshtynska TPP,0,0.0012,0.2002
UA26020030000088465,Верховинська,Івано-Франківська,Верховинський,селищна,48.1538102,24.82793,20,407.2,19711,0.292882147024504,1,NA,381.125232453309,27.124737433919,1,0,0,0,532.8,False,2026-09-09,3,32,2026-08-29,0.8,oblast_cascade,,Burshtynska TPP,0,0.0012,0.2002
UA26020050000098694,Зеленська,Івано-Франківська,Верховинський,сільська,48.052479,24.74876,6,487.3,1903,0,1,NA,390.98188981761,14.5722440020437,NA,0,0,0,535.4,False,2026-09-09,3,32,2026-08-29,0.8,oblast_cascade,,Burshtynska TPP,0,0.0012,0.2002
UA26040010000011271,Більшівцівська,Івано-Франківська,Івано-Франківський,селищна,49.18373,24.74602,16,152.4,7592,0.242755532139094,NA,NA,268.53041672929,135.179229209054,NA,0,0,0,581.6,False,2026-09-09,3,32,2026-08-29,0.8,oblast_cascade,,Burshtynska TPP,0,0.0012,0.2002
UA26040030000091528,Богородчанська,Івано-Франківська,Івано-Франківський,селищна,48.8092602,24.5456201,17,255.8,28219,0.291789220029058,1,NA,305.524181002303,93.4502821757305,16,0,0,0,577.1,False,2026-09-09,3,32,2026-08-29,0.8,oblast_cascade,,Burshtynska TPP,0,0.0012,0.2002
UA26040050000080752,Букачівська,Івано-Франківська,Івано-Франківський,селищна,49.2620345,24.4962275,13,139.3,4728,0.244500846023689,NA,NA,255.550245443145,118.030801866027,NA,1,0,0,601.7,False,2026-09-09,3,32,2026-08-29,0.8,oblast_cascade,,Burshtynska TPP,0,0.0012,0.2002
UA26040070000065724,Бурштинська,Івано-Франківська,Івано-Франківський,міська,49.2516287,24.6341893,19,201.8,24008,0.613837054315228,NA,NA,259.084056518766,127.792582466265,5,1,0,0,592.3,False,2026-09-09,3,32,2026-08-29,2,hosts_facility,Burshtynska TPP,Burshtynska TPP,0,0.0012,0.5002
UA26040090000025932,Галицька,Івано-Франківська,Івано-Франківський,міська,49.123317,24.7299495,26,244.4,19475,0.312503209242619,NA,NA,274.677097520786,128.901781787515,4,1,0,0,579.6,False,2026-09-09,3,32,2026-08-29,0.8,oblast_cascade,,Burshtynska TPP,0,0.0012,0.2002
UA26040110000023512,Дзвиняцька,Івано-Франківська,Івано-Франківський,сільська,48.743591,24.42226,5,80,8241,0,1,NA,311.046918708181,85.9830422283086,NA,0,0,0,582.7,False,2026-09-09,3,32,2026-08-29,0.8,oblast_cascade,,Burshtynska TPP,0,0.0012,0.2002
UA26040130000010870,Дубовецька,Івано-Франківська,Івано-Франківський,сільська,49.085541,24.778629,15,172.2,7264,0,NA,NA,279.679568590628,125.111530381593,1,0,0,0,574.5,False,2026-09-09,3,32,2026-08-29,0.8,oblast_cascade,,Burshtynska TPP,0,0.0012,0.2002
UA26040150000053322,Єзупільська,Івано-Франківська,Івано-Франківський,селищна,49.0416938,24.7802375,5,86.2,7421,0.37097426222881,NA,NA,284.403185203837,120.290820975341,NA,0,0,0,572.2,False,2026-09-09,3,32,2026-08-29,0.8,oblast_cascade,,Burshtynska TPP,0,0.0012,0.2002
UA26040170000097347,Загвіздянська,Івано-Франківська,Івано-Франківський,сільська,48.92363,24.665743,2,31.3,5728,0,NA,NA,295.005704350883,106.391576168015,1,0,0,0,574.2,False,2026-09-09,3,32,2026-08-29,0.8,oblast_cascade,,Burshtynska TPP,0,0.0012,0.2002
UA26040190000081578,Івано-Франківська,Івано-Франківська,Івано-Франківський,міська,48.9225224,24.7103188,19,263.8,287550,0.828363762823857,NA,NA,295.902255045159,106.539898386202,350,1,0,0,571.2,False,2026-09-09,3,32,2026-08-29,0.8,oblast_cascade,,Burshtynska TPP,0,0.0012,0.2002
UA26040210000094444,Лисецька,Івано-Франківська,Івано-Франківський,селищна,48.87028,24.61075,4,81.3,7304,0.398411829134721,NA,NA,299.879091904595,100.267197401961,NA,0,0,0,575.4,False,2026-09-09,3,32,2026-08-29,0.8,oblast_cascade,,Burshtynska TPP,0,0.0012,0.2002
UA26040230000035526,Обертинська,Івано-Франківська,Івано-Франківський,селищна,48.6983959,25.1712272,9,161.3,8841,0.330279380160615,NA,NA,329.289384213955,87.8002713775588,NA,0,0,0,530.2,False,2026-09-09,3,32,2026-08-29,0.8,oblast_cascade,,Burshtynska TPP,0,0.0012,0.2002
UA26040250000061081,Олешанська,Івано-Франківська,Івано-Франківський,сільська,48.834229,25.13191,15,156.2,8741,0,NA,NA,314.05404481609,103.145333030155,NA,0,0,0,539.1,False,2026-09-09,3,32,2026-08-29,0.8,oblast_cascade,,Burshtynska TPP,0,0.0012,0.2002
UA26040270000047749,Рогатинська,Івано-Франківська,Івано-Франківський,міська,49.4092703,24.6105811,72,632.6,31211,0.240972733971997,NA,NA,241.722401936367,119.842441407717,12,0,0,0,602.1,False,2026-09-09,3,32,2026-08-29,0.8,oblast_cascade,,Burshtynska TPP,0,0.0012,0.2002
UA26040290000025886,Солотвинська,Івано-Франківська,Івано-Франківський,селищна,48.7054933,24.4235647,14,374.6,25848,0.142835035592696,1,NA,315.239839734732,81.7459332623349,NA,0,0,0,581.1,False,2026-09-09,3,32,2026-08-29,0.8,oblast_cascade,,Burshtynska TPP,0,0.0012,0.2002
UA26040310000066064,Старобогородчанська,Івано-Франківська,Івано-Франківський,сільська,48.829906,24.5278225,5,84.1,5886,0,1,NA,303.016329907159,95.7770629646698,1,0,0,0,579.2,False,2026-09-09,3,32,2026-08-29,0.8,oblast_cascade,,Burshtynska TPP,0,0.0012,0.2002
UA26040330000019235,Тисменицька,Івано-Франківська,Івано-Франківський,міська,48.9018102,24.8484719,19,246.3,28241,0.317198399490103,NA,NA,300.724928250312,105.750768524673,11,0,0,0,561.1,False,2026-09-09,3,32,2026-08-29,0.8,oblast_cascade,,Burshtynska TPP,0,0.0012,0.2002
UA26040350000024417,Тлумацька,Івано-Франківська,Івано-Франківський,міська,48.8665866,25.0011978,35,363.5,27245,0.318920902917967,NA,NA,307.664243586382,104.744357176298,24,0,0,0,549.3,False,2026-09-09,3,32,2026-08-29,0.8,oblast_cascade,,Burshtynska TPP,0,0.0012,0.2002
UA26040370000057019,Угринівська,Івано-Франківська,Івано-Франківський,сільська,48.959202,24.68594,2,17.9,3343,0,NA,NA,291.513730405937,110.444494135012,3,0,0,0,574.5,False,2026-09-09,3,32,2026-08-29,0.8,oblast_cascade,,Burshtynska TPP,0,0.0012,0.2002
UA26040390000023006,Ямницька,Івано-Франківська,Івано-Франківський,сільська,48.990276,24.708786,7,128,9218,0,NA,NA,288.572913062837,114.029116387165,NA,0,0,0,574.5,False,2026-09-09,3,32,2026-08-29,0.8,oblast_cascade,,Burshtynska TPP,0,0.0012,0.2002
UA26060010000037638,Болехівська,Івано-Франківська,Калуський,міська,49.0663203,23.8598949,11,287,19501,0.526075585867391,1,NA,270.832982541447,70.5087208688809,1,1,0,0,634.4,False,2026-09-09,3,32,2026-08-29,0.8,oblast_cascade,,Burshtynska TPP,0,0.0012,0.2002
UA26060030000011364,Брошнів-Осадська,Івано-Франківська,Калуський,селищна,48.9958991,24.1858656,5,88.5,11039,0.490895914485008,1,NA,280.738793350213,94.2530358303194,3,0,0,0,609.5,False,2026-09-09,3,32,2026-08-29,0.8,oblast_cascade,,Burshtynska TPP,0,0.0012,0.2002
UA26060050000042523,Верхнянська,Івано-Франківська,Калуський,сільська,49.097856,24.3006429,12,139.9,10100,0,NA,NA,270.728592429958,102.506739409204,NA,0,0,0,606.5,False,2026-09-09,3,32,2026-08-29,0.8,oblast_cascade,,Burshtynska TPP,0,0.0012,0.2002
UA26060070000011203,Вигодська,Івано-Франківська,Калуський,селищна,48.9349502,23.9126266,17,797.6,18028,0.125194142445085,1,NA,285.627244273961,74.8961653890924,NA,0,0,0,625.3,False,2026-09-09,3,32,2026-08-29,0.8,oblast_cascade,,Burshtynska TPP,0,0.0012,0.2002
UA26060090000054411,Витвицька,Івано-Франківська,Калуський,сільська,48.99128,23.85424,9,154.4,5689,0,1,NA,279.148170715294,70.0982669053182,NA,0,0,0,631.6,False,2026-09-09,3,32,2026-08-29,0.8,oblast_cascade,,Burshtynska TPP,0,0.0012,0.2002
UA26060110000025739,Войнилівська,Івано-Франківська,Калуський,селищна,49.1303725,24.4995375,16,163.4,10277,0.253089422983361,NA,NA,269.889740304699,117.016250032025,2,0,0,0,594.9,False,2026-09-09,3,32,2026-08-29,0.8,oblast_cascade,,Burshtynska TPP,0,0.0012,0.2002
UA26060130000047466,Долинська,Івано-Франківська,Калуський,міська,48.9782308,23.9789588,22,351.6,48009,0.425274427711471,1,NA,281.153604809022,79.2647568498291,45,0,0,0,622.6,False,2026-09-09,3,32,2026-08-29,0.8,oblast_cascade,,Burshtynska TPP,0,0.0012,0.2002
UA26060150000074921,Дубівська,Івано-Франківська,Калуський,сільська,48.848362,24.160015,11,91.9,6888,0,1,NA,296.795236337919,94.3400901684348,NA,0,0,0,604.9,False,2026-09-09,3,32,2026-08-29,0.8,oblast_cascade,,Burshtynska TPP,0,0.0012,0.2002
UA26060170000091466,Калуська,Івано-Франківська,Калуський,міська,49.028894,24.3613198,17,265.5,87203,0.746396339575473,NA,NA,279.026661076332,106.991108856451,32,1,0,0,599.3,False,2026-09-09,3,32,2026-08-29,0.8,oblast_cascade,,Burshtynska TPP,0,0.0012,0.2002
UA26060190000099075,Новицька,Івано-Франківська,Калуський,сільська,48.954788,24.334322,10,140.9,13798,0,NA,NA,286.824853921328,105.323556765104,1,0,0,0,597.7,False,2026-09-09,3,32,2026-08-29,0.8,oblast_cascade,,Burshtynska TPP,0,0.0012,0.2002
UA26060210000091421,Перегінська,Івано-Франківська,Калуський,селищна,48.8115525,24.1938558,16,668.6,23587,0.537626658752703,1,NA,301.151322336914,94.8501044689836,0,0,0,0,601.1,False,2026-09-09,3,32,2026-08-29,0.8,oblast_cascade,,Burshtynska TPP,0,0.0012,0.2002
UA26060230000053464,Рожнятівська,Івано-Франківська,Калуський,селищна,48.9402225,24.1580976,10,179.1,19998,0.193669366936694,1,NA,286.633894157555,92.6441092220299,2,1,0,0,608.9,False,2026-09-09,3,32,2026-08-29,0.8,oblast_cascade,,Burshtynska TPP,0,0.0012,0.2002
UA26060250000064599,Спаська,Івано-Франківська,Калуський,сільська,48.8888154,24.0625108,6,234.3,5750,0,1,NA,291.579054541402,86.4979759686669,1,0,0,0,613.2,False,2026-09-09,3,32,2026-08-29,0.8,oblast_cascade,,Burshtynska TPP,0,0.0012,0.2002
UA26080010000036750,Гвіздецька,Івано-Франківська,Коломийський,селищна,48.5787681,25.281836,8,65.7,7039,0.260122176445518,NA,NA,344.490501986154,73.5268890143211,1,1,0,0,517.4,False,2026-09-09,3,32,2026-08-29,0.8,oblast_cascade,,Burshtynska TPP,0,0.0012,0.2002
UA26080030000014307,Городенківська,Івано-Франківська,Коломийський,міська,48.6720598,25.4952722,40,615.4,43620,0.202017423200367,NA,NA,340.210425888896,80.9988844853523,4,0,0,0,507.3,False,2026-09-09,3,32,2026-08-29,0.8,oblast_cascade,,Burshtynska TPP,0,0.0012,0.2002
UA26080050000081474,Заболотівська,Івано-Франківська,Коломийський,селищна,48.466829,25.2830554,20,213.6,19542,0.200286562276123,NA,NA,356.319131736794,61.2358992978254,1,1,0,0,512.5,False,2026-09-09,3,32,2026-08-29,0.8,oblast_cascade,,Burshtynska TPP,0,0.0012,0.2002
UA26080070000092582,Коломийська,Івано-Франківська,Коломийський,міська,48.5259211,25.0380538,11,182.5,74019,0.821694429808563,NA,NA,344.731219050659,70.8161381923016,320,1,0,0,531.7,False,2026-09-09,3,32,2026-08-29,0.8,oblast_cascade,,Burshtynska TPP,0,0.0012,0.2002
UA26080090000095729,Коршівська,Івано-Франківська,Коломийський,сільська,48.66016,25.018961,8,131,8174,0,NA,NA,330.004308638808,83.6392792975104,NA,0,0,0,538.7,False,2026-09-09,3,32,2026-08-29,0.8,oblast_cascade,,Burshtynska TPP,0,0.0012,0.2002
UA26080110000076323,Матеївецька,Івано-Франківська,Коломийський,сільська,48.503502,25.1644023,17,104.1,7924,0,1,NA,349.773941497271,66.4132379798088,NA,0,0,0,522.2,False,2026-09-09,3,32,2026-08-29,0.8,oblast_cascade,,Burshtynska TPP,0,0.0012,0.2002
UA26080130000058024,Нижньовербізька,Івано-Франківська,Коломийський,сільська,48.508106,25.00415,6,97.8,13028,0,1,NA,345.96238337708,67.8875442414121,NA,0,0,0,533.3,False,2026-09-09,3,32,2026-08-29,0.8,oblast_cascade,,Burshtynska TPP,0,0.0012,0.2002
UA26080150000032640,Отинійська,Івано-Франківська,Коломийський,селищна,48.7344514,24.8637681,19,202.3,19879,0.268675486694502,NA,NA,318.966456232691,87.8490656803541,4,0,0,0,552.4,False,2026-09-09,3,32,2026-08-29,0.8,oblast_cascade,,Burshtynska TPP,0,0.0012,0.2002
UA26080170000041182,Печеніжинська,Івано-Франківська,Коломийський,селищна,48.5132253,24.8803552,9,183.9,16820,0.3089774078478,1,NA,343.082112140927,64.6856614115376,1,0,0,0,542.1,False,2026-09-09,3,32,2026-08-29,0.8,oblast_cascade,,Burshtynska TPP,0,0.0012,0.2002
UA26080190000080618,Підгайчиківська,Івано-Франківська,Коломийський,сільська,48.562679,25.178782,6,58.3,4869,0,NA,NA,343.8125052337,72.7605820699386,NA,0,0,0,523.7,False,2026-09-09,3,32,2026-08-29,0.8,oblast_cascade,,Burshtynska TPP,0,0.0012,0.2002
UA26080210000049380,П’ядицька,Івано-Франківська,Коломийський,сільська,48.5618431,25.0677583,9,126.2,10816,0,NA,NA,341.504999175994,74.2259456143392,NA,1,0,0,531.2,False,2026-09-09,3,32,2026-08-29,0.8,oblast_cascade,,Burshtynska TPP,0,0.0012,0.2002
UA26080230000035462,Снятинська,Івано-Франківська,Коломийський,міська,48.4523142,25.5518046,27,366.1,40459,0.240193776415631,NA,NA,364.483562490352,56.2553809074846,18,1,0,0,493.6,False,2026-09-09,3,32,2026-08-29,0.8,oblast_cascade,,Burshtynska TPP,0,0.0012,0.2002
UA26080250000056546,Чернелицька,Івано-Франківська,Коломийський,селищна,48.8128655,25.4257481,10,129.8,6439,0.231402391675726,NA,NA,323.781850054324,96.6863884152924,NA,0,0,0,518.7,False,2026-09-09,3,32,2026-08-29,0.8,oblast_cascade,,Burshtynska TPP,0,0.0012,0.2002
UA26100010000076570,Косівська,Івано-Франківська,Косівський,міська,48.315802,25.0983417,15,337.3,32281,0.2586970663858,1,NA,368.426090384347,47.3581206590671,14,0,0,0,519.4,False,2026-09-09,3,32,2026-08-29,0.8,oblast_cascade,,Burshtynska TPP,0,0.0012,0.2002
UA26100030000012148,Космацька,Івано-Франківська,Косівський,сільська,48.3307391,24.8143791,3,114,8056,0,1,NA,361.695038340507,44.0328152737857,NA,0,0,0,539.8,False,2026-09-09,3,32,2026-08-29,0.8,oblast_cascade,,Burshtynska TPP,0,0.0012,0.2002
UA26100050000019570,Кутська,Івано-Франківська,Косівський,селищна,48.26268,25.18187,7,113.5,15789,0.25340426879473,1,NA,375.797169327578,39.910956824802,5,0,0,0,511.6,False,2026-09-09,3,32,2026-08-29,0.8,oblast_cascade,,Burshtynska TPP,0,0.0012,0.2002
UA26100070000078132,Рожнівська,Івано-Франківська,Косівський,сільська,48.3648867,25.2285814,4,105.9,11891,0,NA,NA,365.898130484584,50.4768889739445,NA,0,0,0,512.2,False,2026-09-09,3,32,2026-08-29,0.8,oblast_cascade,,Burshtynska TPP,0,0.0012,0.2002
UA26100090000038366,Яблунівська,Івано-Франківська,Косівський,селищна,48.405278,24.941667,11,206.5,15683,0.13033220684818,1,NA,355.828494138533,55.6371598935965,NA,0,0,0,533.6,False,2026-09-09,3,32,2026-08-29,0.8,oblast_cascade,,Burshtynska TPP,0,0.0012,0.2002
UA26120010000096774,Ворохтянська,Івано-Франківська,Надвірнянський,селищна,48.2929828,24.5635786,2,249.7,5990,0.702337228714524,1,NA,362.191572556891,36.0295581475516,NA,1,0,0,556.1,False,2026-09-09,3,32,2026-08-29,0.8,oblast_cascade,,Burshtynska TPP,0,0.0012,0.2002
UA26120030000018265,Делятинська,Івано-Франківська,Надвірнянський,селищна,48.5277174,24.6286388,5,206.9,21187,0.387643366215132,1,NA,337.417692082514,62.2852308141984,NA,1,0,0,560.0,False,2026-09-09,3,32,2026-08-29,0.8,oblast_cascade,,Burshtynska TPP,0,0.0012,0.2002
UA26120050000087602,Ланчинська,Івано-Франківська,Надвірнянський,селищна,48.5554737,24.7523396,5,84.5,11067,0.70895454956176,1,NA,336.312139436587,66.6069534981429,NA,0,0,0,552.5,False,2026-09-09,3,32,2026-08-29,0.8,oblast_cascade,,Burshtynska TPP,0,0.0012,0.2002
UA26120070000067596,Надвірнянська,Івано-Франківська,Надвірнянський,міська,48.6335887,24.5684038,13,190.8,42927,0.524238824050132,1,NA,325.008606156081,73.9010124235201,39,1,0,0,568.3,False,2026-09-09,3,32,2026-08-29,0.8,oblast_cascade,,Burshtynska TPP,0,0.0012,0.2002
UA26120090000072057,Пасічнянська,Івано-Франківська,Надвірнянський,сільська,48.574501,24.445093,11,420,20726,0.20795136543472,1,NA,329.867441764324,67.1782224545405,NA,0,0,0,574.5,False,2026-09-09,3,32,2026-08-29,0.8,oblast_cascade,,Burshtynska TPP,0,0.0012,0.2002
UA26120110000086381,Переріслянська,Івано-Франківська,Надвірнянський,сільська,48.6970086,24.6362192,5,96.5,9142,0,NA,NA,319.100074331684,81.1052157333449,NA,0,0,0,566.2,False,2026-09-09,3,32,2026-08-29,0.8,oblast_cascade,,Burshtynska TPP,0,0.0012,0.2002
UA26120130000088448,Поляницька,Івано-Франківська,Надвірнянський,сільська,48.347744,24.4400596,7,342.9,4739,0,1,NA,354.712240023546,41.9616932041539,NA,1,0,0,566.6,False,2026-09-09,3,32,2026-08-29,0.8,oblast_cascade,,Burshtynska TPP,0,0.0012,0.2002
UA26120150000021671,Яремчанська,Івано-Франківська,Надвірнянський,міська,48.4504129,24.550955,2,270.8,13550,0.583542435424354,1,NA,344.791110346612,53.5483923610551,16,1,0,0,562.5,False,2026-09-09,3,32,2026-08-29,0.8,oblast_cascade,,Burshtynska TPP,0,0.0012,0.2002
UA32020010000093088,Білоцерківська,Київська,Білоцерківський,міська,49.7969703,30.1158069,17,394.4,217385,0.9614738827426,NA,NA,165.697203303154,291.203144171907,121,0,0,0,372.3,False,2026-09-09,73,410,2026-08-29,1.2,oblast_cascade,,Trypilska TPP,0,0.0179,0.3036
UA32020030000029575,Володарська,Київська,Білоцерківський,селищна,49.5224979,29.9280475,34,619.2,15394,0.370793815772379,NA,NA,198.225583449599,262.096555129621,1,0,0,0,347.7,False,2026-09-09,73,410,2026-08-29,1.2,oblast_cascade,,Trypilska TPP,0,0.0179,0.3036
UA32020050000062595,Гребінківська,Київська,Білоцерківський,селищна,49.95346,30.1763499,12,260.2,13417,0.561079227845271,NA,NA,147.806631535447,305.599947354873,NA,0,0,0,387.8,False,2026-09-09,73,410,2026-08-29,1.2,oblast_cascade,,Trypilska TPP,0,0.0179,0.3036
UA32020070000027895,Ковалівська,Київська,Білоцерківський,сільська,49.98402,30.007441,9,231.6,6455,0,NA,NA,146.788488842801,298.750213146892,NA,0,0,0,394.5,False,2026-09-09,73,410,2026-08-29,1.2,oblast_cascade,,Trypilska TPP,0,0.0179,0.3036
UA32020090000022264,Маловільшанська,Київська,Білоцерківський,сільська,49.694134,30.082663,21,362.9,10457,0,NA,NA,177.373463417495,282.333241335441,1,0,0,0,362.1,False,2026-09-09,73,410,2026-08-29,1.2,oblast_cascade,,Trypilska TPP,0,0.0179,0.3036
UA32020110000085875,Медвинська,Київська,Білоцерківський,сільська,49.385948,30.7806,12,231.4,5418,0,NA,NA,209.389610979415,307.190871867676,NA,0,0,0,316.6,False,2026-09-09,73,410,2026-08-29,1.2,oblast_cascade,,Trypilska TPP,0,0.0179,0.3036
UA32020130000010013,Рокитнянська,Київська,Білоцерківський,селищна,49.6867282,30.473034,23,664.8,24822,0.418781725888325,NA,NA,175.300272354259,304.841936318439,3,0,0,0,353.9,False,2026-09-09,73,410,2026-08-29,1.2,oblast_cascade,,Trypilska TPP,0,0.0179,0.3036
UA32020150000040878,Сквирська,Київська,Білоцерківський,міська,49.7337685,29.6624138,45,873,31180,0.486369467607441,NA,NA,180.111496746822,261.750451660039,4,0,0,0,376.5,False,2026-09-09,73,410,2026-08-29,1.2,oblast_cascade,,Trypilska TPP,0,0.0179,0.3036
UA32020170000020698,Ставищенська,Київська,Білоцерківський,селищна,49.3897213,30.1921389,30,673.2,20274,0.298707704449048,NA,NA,209.711282865107,270.231652668805,1,0,0,0,327.4,False,2026-09-09,73,410,2026-08-29,1.2,oblast_cascade,,Trypilska TPP,0,0.0179,0.3036
UA32020190000084133,Таращанська,Київська,Білоцерківський,міська,49.555498,30.5023421,35,757.3,25539,0.379380555229257,NA,NA,189.848391631308,298.892383417817,NA,1,0,0,339.2,False,2026-09-09,73,410,2026-08-29,1.2,oblast_cascade,,Trypilska TPP,0,0.0179,0.3036
UA32020210000064694,Тетіївська,Київська,Білоцерківський,міська,49.3686166,29.6771098,33,756.6,30192,0.418653948065713,NA,NA,218.858946281334,237.432462566247,NA,0,0,0,338.8,False,2026-09-09,73,410,2026-08-29,1.2,oblast_cascade,,Trypilska TPP,0,0.0179,0.3036
UA32020230000012716,Узинська,Київська,Білоцерківський,міська,49.8284745,30.4197205,20,407.9,20091,0.593350256333682,NA,NA,159.698440351932,310.679311762901,NA,0,0,0,370.1,False,2026-09-09,73,410,2026-08-29,1.2,oblast_cascade,,Trypilska TPP,0,0.0179,0.3036
UA32020250000099079,Фурсівська,Київська,Білоцерківський,сільська,49.797401,30.000383,11,277.8,10548,0,NA,NA,167.22293077123,284.790244269691,2,0,0,0,374.8,False,2026-09-09,73,410,2026-08-29,1.2,oblast_cascade,,Trypilska TPP,0,0.0179,0.3036
UA32040010000010116,Бориспільська,Київська,Бориспільський,міська,50.3512101,30.95077,19,527.3,81211,0.789511273103397,NA,NA,105.346034352759,376.297716251653,40,1,0,0,261.6,False,2026-09-09,73,410,2026-08-29,1.2,oblast_cascade,,Trypilska TPP,0,0.0179,0.3036
UA32040030000083910,Вороньківська,Київська,Бориспільський,сільська,50.222279,30.90111,10,667.7,13808,0,NA,NA,118.466165374812,364.55348252674,NA,0,0,0,271.0,False,2026-09-09,73,410,2026-08-29,1.2,oblast_cascade,,Trypilska TPP,0,0.0179,0.3036
UA32040050000077950,Гірська,Київська,Бориспільський,сільська,50.374039,30.86204,4,60.9,6180,0,NA,NA,101.391354857784,373.094947363565,2,0,0,0,266.4,False,2026-09-09,73,410,2026-08-29,1.2,oblast_cascade,,Trypilska TPP,0,0.0179,0.3036
UA32040070000056247,Дівичківська,Київська,Бориспільський,сільська,50.08548,31.28166,7,262.6,4368,0,NA,NA,140.67951086407,377.619524753004,NA,0,0,0,254.9,False,2026-09-09,73,410,2026-08-29,1.2,oblast_cascade,,Trypilska TPP,0,0.0179,0.3036
UA32040090000083028,Золочівська,Київська,Бориспільський,сільська,50.328709,30.705759,3,148.4,5852,0,NA,NA,104.515881283358,361.398618101299,8,0,0,0,278.6,False,2026-09-09,73,410,2026-08-29,1.2,oblast_cascade,,Trypilska TPP,0,0.0179,0.3036
UA32040110000047477,Переяславська,Київська,Бориспільський,міська,50.0643984,31.4447327,13,260.9,31645,0.830241744351398,NA,NA,147.303601199802,386.122581417103,15,0,0,0,246.5,False,2026-09-09,73,410,2026-08-29,1.2,oblast_cascade,,Trypilska TPP,0,0.0179,0.3036
UA32040130000049927,Пристолична,Київська,Бориспільський,сільська,50.378151,30.79125,8,104.3,10996,0,NA,NA,99.9439978899441,369.582939050016,23,0,0,0,270.8,False,2026-09-09,73,410,2026-08-29,1.2,oblast_cascade,,Trypilska TPP,0,0.0179,0.3036
UA32040150000073245,Студениківська,Київська,Бориспільський,сільська,50.2026673,31.6137276,11,324.8,6965,0,NA,NA,139.182678309444,404.552755054707,NA,0,0,0,228.0,False,2026-09-09,73,410,2026-08-29,1.2,oblast_cascade,,Trypilska TPP,0,0.0179,0.3036
UA32040170000034173,Ташанська,Київська,Бориспільський,сільська,50.0474861,31.8452576,16,335.3,5309,0,NA,NA,162.480572355782,409.70902733643,NA,0,0,0,224.5,False,2026-09-09,73,410,2026-08-29,1.2,oblast_cascade,,Trypilska TPP,0,0.0179,0.3036
UA32040190000043384,Циблівська,Київська,Бориспільський,сільська,49.993633,31.569056,7,389.4,5939,0,NA,NA,158.208685743568,389.623262333092,0,0,0,0,243.8,False,2026-09-09,73,410,2026-08-29,1.2,oblast_cascade,,Trypilska TPP,0,0.0179,0.3036
UA32040210000086086,Яготинська,Київська,Бориспільський,міська,50.2758913,31.7634861,42,791.6,30881,0.615103137851754,NA,NA,138.112930082211,417.919698686987,13,0,0,0,214.6,False,2026-09-09,73,410,2026-08-29,1.2,oblast_cascade,,Trypilska TPP,0,0.0179,0.3036
UA32060010000086043,Баришівська,Київська,Броварський,селищна,50.3645295,31.3256722,28,695.4,26803,0.384061485654591,NA,NA,113.580750832588,398.101726104536,2,0,0,0,237.0,False,2026-09-09,73,410,2026-08-29,1.2,oblast_cascade,,Trypilska TPP,0,0.0179,0.3036
UA32060030000048241,Березанська,Київська,Броварський,міська,50.3132713,31.4689158,10,210.2,21747,0.737894882052697,NA,NA,123.405217489072,402.944041903927,4,0,0,0,230.6,False,2026-09-09,73,410,2026-08-29,1.2,oblast_cascade,,Trypilska TPP,0,0.0179,0.3036
UA32060050000030591,Броварська,Київська,Броварський,міська,50.5111168,30.7900482,4,125.2,119872,0.916027095568606,NA,NA,85.411474845116,379.266619274484,84,1,0,0,265.5,False,2026-09-09,73,410,2026-08-29,1.2,oblast_cascade,,Trypilska TPP,0,0.0179,0.3036
UA32060070000092009,Великодимерська,Київська,Броварський,селищна,50.5913563,30.9016229,23,530.3,30124,0.312641083521445,NA,NA,78.6991921517649,391.078467474494,2,0,0,0,255.1,False,2026-09-09,73,410,2026-08-29,1.2,oblast_cascade,,Trypilska TPP,0,0.0179,0.3036
UA32060090000096236,Зазимська,Київська,Броварський,сільська,50.5667713,30.6791472,7,255.8,9159,0,NA,NA,78.0068750769074,377.59255198715,1,0,0,0,270.9,False,2026-09-09,73,410,2026-08-29,1.2,oblast_cascade,,Trypilska TPP,0,0.0179,0.3036
UA32060110000050416,Згурівська,Київська,Броварський,селищна,50.4950666,31.7691817,41,760.3,15141,0.321511128723334,NA,NA,119.395946929674,432.009823421547,3,0,0,0,202.4,False,2026-09-09,73,410,2026-08-29,1.2,oblast_cascade,,Trypilska TPP,0,0.0179,0.3036
UA32060130000095223,Калинівська,Київська,Броварський,селищна,50.5637731,30.8228756,6,65.8,8408,0.44279257849667,NA,NA,80.2253250865414,384.88241014673,NA,0,0,0,261.4,False,2026-09-09,73,410,2026-08-29,1.2,oblast_cascade,,Trypilska TPP,0,0.0179,0.3036
UA32060150000031409,Калитянська,Київська,Броварський,селищна,50.7498578,31.0249121,6,245.2,10523,0.448161170768792,NA,NA,65.7773632653016,409.313871837366,NA,0,0,0,241.7,False,2026-09-09,73,410,2026-08-29,1.2,oblast_cascade,,Trypilska TPP,0,0.0179,0.3036
UA32080010000060215,Білогородська,Київська,Бучанський,сільська,50.390171,30.22785,10,151.1,27047,0,NA,NA,99.4444611135046,340.925811980122,28,0,0,0,434.0,False,2026-09-09,73,410,2026-08-29,1.2,oblast_cascade,,Trypilska TPP,0,0.0179,0.3036
UA32080030000070006,Бородянська,Київська,Бучанський,селищна,50.6437677,29.9278296,32,512.7,25921,0.495042629528182,NA,NA,79.1067960510964,347.336960046623,4,0,0,0,466.5,False,2026-09-09,73,410,2026-08-29,1.2,oblast_cascade,,Trypilska TPP,0,0.0179,0.3036
UA32080050000052660,Борщагівська,Київська,Бучанський,сільська,50.437199,30.345961,3,38.7,23321,0,NA,NA,92.7812384260328,350.571635162817,46,0,0,0,437.3,False,2026-09-09,73,410,2026-08-29,1.2,oblast_cascade,,Trypilska TPP,0,0.0179,0.3036
UA32080070000050759,Бучанська,Київська,Бучанський,міська,50.5503127,30.2106925,14,260.8,58286,0.805596541193425,NA,NA,82.1908190008398,352.782387128032,31,0,0,0,451.7,False,2026-09-09,73,410,2026-08-29,1.2,oblast_cascade,,Trypilska TPP,0,0.0179,0.3036
UA32080090000011038,Вишнева,Київська,Бучанський,міська,50.3917497,30.3678999,2,17.6,49243,0.872875332534573,NA,NA,97.5833792934166,348.213002501348,39,0,0,0,432.1,False,2026-09-09,73,410,2026-08-29,1.2,oblast_cascade,,Trypilska TPP,0,0.0179,0.3036
UA32080110000056605,Гостомельська,Київська,Бучанський,селищна,50.58826,30.25909,4,66.5,30306,0.609318286807893,NA,NA,77.3976693235816,358.1970275107,3,0,0,0,298.5,False,2026-09-09,73,410,2026-08-29,1.2,oblast_cascade,,Trypilska TPP,0,0.0179,0.3036
UA32080130000056481,Дмитрівська,Київська,Бучанський,сільська,50.4605965,30.1757337,14,138.8,19114,0,NA,NA,92.4626310041233,343.86882541553,2,1,0,0,442.5,False,2026-09-09,73,410,2026-08-29,1.2,oblast_cascade,,Trypilska TPP,0,0.0179,0.3036
UA32080150000035443,Ірпінська,Київська,Бучанський,міська,50.5206777,30.2448725,5,117.2,73162,0.890721959487165,NA,NA,84.9730289868674,352.06982561616,225,0,0,0,447.9,False,2026-09-09,73,410,2026-08-29,1.2,oblast_cascade,,Trypilska TPP,0,0.0179,0.3036
UA32080170000086616,Коцюбинська,Київська,Бучанський,селищна,50.4904717,30.3337903,1,2.4,17623,1,NA,NA,87.0608259350163,354.098571379562,NA,0,0,0,443.3,False,2026-09-09,73,410,2026-08-29,1.2,oblast_cascade,,Trypilska TPP,0,0.0179,0.3036
UA32080190000081428,Макарівська,Київська,Бучанський,селищна,50.4639897,29.8068986,49,1012.3,28189,0.381638227677463,NA,NA,100.797317596573,326.542282922958,10,0,0,0,449.7,False,2026-09-09,73,410,2026-08-29,1.2,oblast_cascade,,Trypilska TPP,0,0.0179,0.3036
UA32080210000074136,Немішаївська,Київська,Бучанський,селищна,50.56801,30.1015029,4,80,15407,0.839293827481015,NA,NA,82.2297913474529,348.990393966442,2,0,0,0,455.3,False,2026-09-09,73,410,2026-08-29,1.2,oblast_cascade,,Trypilska TPP,0,0.0179,0.3036
UA32080230000026180,Пісківська,Київська,Бучанський,селищна,50.6968561,29.5931036,3,157.4,7917,0.847795882278641,NA,NA,77.969854333258,337.608328092175,NA,0,0,0,478.9,False,2026-09-09,73,410,2026-08-29,1.2,oblast_cascade,,Trypilska TPP,0,0.0179,0.3036
UA32100010000094393,Вишгородська,Київська,Вишгородський,міська,50.5824332,30.485121,3,93.7,33988,0.974137931034483,NA,NA,75.7337305369523,368.89340212778,20,0,0,0,283.4,False,2026-09-09,73,410,2026-08-29,1.2,oblast_cascade,,Trypilska TPP,0,0.0179,0.3036
UA32100030000066252,Димерська,Київська,Вишгородський,селищна,50.7835487,30.3078042,34,956,20987,0.266450659932339,NA,NA,55.4186812219004,376.545403306705,2,0,0,0,296.4,False,2026-09-09,73,410,2026-08-29,1.2,oblast_cascade,,Trypilska TPP,0,0.0179,0.3036
UA32100050000082904,Іванківська,Київська,Вишгородський,селищна,50.93301,29.9042867,81,1779.6,28573,0.349735764532951,NA,NA,53.8839650615086,371.70033650898,NA,0,0,0,317.4,False,2026-09-09,73,410,2026-08-29,1.2,oblast_cascade,,Trypilska TPP,0,0.0179,0.3036
UA32100070000076283,Петрівська,Київська,Вишгородський,сільська,50.6219956,30.444609,4,192.3,11983,0,NA,NA,71.5455424681042,369.984838372986,4,0,0,0,284.9,False,2026-09-09,73,410,2026-08-29,1.2,oblast_cascade,,Trypilska TPP,0,0.0179,0.3036
UA32100090000060111,Пірнівська,Київська,Вишгородський,сільська,50.752785,30.668587,10,727.1,6754,0,NA,NA,57.4230089325414,391.421118783738,1,0,0,0,265.9,False,2026-09-09,73,410,2026-08-29,1.2,oblast_cascade,,Trypilska TPP,0,0.0179,0.3036
UA32100110000030685,Поліська,Київська,Вишгородський,селищна,51.0782874,29.6377868,30,563.8,5387,0.120289586040468,NA,NA,36.7692280603777,374.160580855262,NA,0,0,0,330.9,False,2026-09-09,73,410,2026-08-29,1.2,oblast_cascade,,Trypilska TPP,0,0.0179,0.3036
UA32100130000093505,Славутицька,Київська,Вишгородський,міська,51.5201397,30.7562301,1,20.5,24464,1,NA,NA,10.8463671857915,459.561536758185,2,1,0,0,245.4,False,2026-09-09,73,410,2026-08-29,1.2,oblast_cascade,,Trypilska TPP,0,0.0179,0.3036
UA32120010000062762,Богуславська,Київська,Обухівський,міська,49.54765,30.8733,26,492.6,25587,0.617071168952984,NA,NA,192.172393494131,321.804693794632,14,0,0,0,333.3,False,2026-09-09,73,410,2026-08-29,1.2,oblast_cascade,,Trypilska TPP,0,0.0179,0.3036
UA32120030000030458,Васильківська,Київська,Обухівський,міська,50.17387,30.32158,20,356.5,45125,0.821451523545706,NA,NA,122.031333791816,329.536513877572,17,1,0,0,409.1,False,2026-09-09,73,410,2026-08-29,1.2,oblast_cascade,,Trypilska TPP,0,0.0179,0.3036
UA32120050000067577,Кагарлицька,Київська,Обухівський,міська,49.8650658,30.8226786,36,671.4,26565,0.494372294372294,NA,NA,156.697992800254,336.720126649824,12,0,0,0,368.8,False,2026-09-09,73,410,2026-08-29,1.2,oblast_cascade,,Trypilska TPP,0,0.0179,0.3036
UA32120070000050717,Козинська,Київська,Обухівський,селищна,50.228951,30.647875,13,168.6,5707,0.619589977220957,NA,NA,115.203010491203,351.062877134533,2,0,0,0,410.6,False,2026-09-09,73,410,2026-08-29,1.2,oblast_cascade,,Trypilska TPP,0,0.0179,0.3036
UA32120090000034281,Миронівська,Київська,Обухівський,міська,49.6583412,30.9824887,40,797.5,31784,0.349326705260508,NA,NA,181.140194578515,334.589644726746,NA,0,0,0,344.5,False,2026-09-09,73,410,2026-08-29,1.2,oblast_cascade,,Trypilska TPP,0,0.0179,0.3036
UA32120110000025177,Обухівська,Київська,Обухівський,міська,50.1101633,30.6269696,25,396.8,42438,0.784367783590179,NA,NA,128.305935675885,341.510949965097,15,0,0,0,397.9,False,2026-09-09,73,410,2026-08-29,3,hosts_facility,Trypilska TPP,Trypilska TPP,0,0.0179,0.7536
UA32120130000012946,Ржищівська,Київська,Обухівський,міська,49.96822,31.04118,24,430.2,14288,0.502169652855543,NA,NA,148.239882702064,356.097064059969,1,0,0,0,378.3,False,2026-09-09,73,410,2026-08-29,1.2,oblast_cascade,,Trypilska TPP,0,0.0179,0.3036
UA32120150000062718,Українська,Київська,Обухівський,міська,50.1537167,30.7420742,8,206.7,20589,0.781048132497936,NA,NA,124.141265688658,350.943443748043,18,0,0,0,401.3,False,2026-09-09,73,410,2026-08-29,1.2,oblast_cascade,,Trypilska TPP,0,0.0179,0.3036
UA32120170000094084,Феодосіївська,Київська,Обухівський,сільська,50.272751,30.522079,8,115,15126,0,NA,NA,110.082116205194,347.49512067728,5,0,0,0,417.0,False,2026-09-09,73,410,2026-08-29,1.2,oblast_cascade,,Trypilska TPP,0,0.0179,0.3036
UA32140010000049369,Бишівська,Київська,Фастівський,сільська,50.266571,29.88693,15,279.5,6225,0,NA,NA,118.836815657465,314.119283167586,3,0,0,0,427.0,False,2026-09-09,73,410,2026-08-29,1.2,oblast_cascade,,Trypilska TPP,0,0.0179,0.3036
UA32140030000074165,Боярська,Київська,Фастівський,міська,50.3356709,30.2847595,11,207.8,53161,0.646978047817009,NA,NA,104.612065379422,339.645394306442,27,1,0,0,427.2,False,2026-09-09,73,410,2026-08-29,1.2,oblast_cascade,,Trypilska TPP,0,0.0179,0.3036
UA32140050000046018,Гатненська,Київська,Фастівський,сільська,50.358547,30.396284,3,36.6,9653,0,NA,NA,101.032047558853,347.17697044395,10,0,0,0,428.0,False,2026-09-09,73,410,2026-08-29,1.2,oblast_cascade,,Trypilska TPP,0,0.0179,0.3036
UA32140070000012102,Глевахівська,Київська,Фастівський,селищна,50.259673,30.3059171,13,96.6,12935,0.680324700425203,NA,NA,112.724672687988,335.035707515564,NA,0,0,0,418.6,False,2026-09-09,73,410,2026-08-29,1.2,oblast_cascade,,Trypilska TPP,0,0.0179,0.3036
UA32140090000085800,Калинівська,Київська,Фастівський,селищна,50.2257254,30.2261781,15,193.3,16014,0.32259273136006,NA,NA,117.381789359608,328.296888397554,4,0,0,0,416.3,False,2026-09-09,73,410,2026-08-29,1.2,oblast_cascade,,Trypilska TPP,0,0.0179,0.3036
UA32140110000089620,Кожанська,Київська,Фастівський,селищна,49.9711841,29.75373922348,15,334.9,8167,0.2335006734419,NA,NA,152.986340270501,284.331376096912,8,0,0,0,398.8,False,2026-09-09,73,410,2026-08-29,1.2,oblast_cascade,,Trypilska TPP,0,0.0179,0.3036
UA32140130000030648,Томашівська,Київська,Фастівський,сільська,50.18726,29.80797,17,262,4056,0,NA,NA,129.040289355081,303.880191505651,1,0,0,0,420.3,False,2026-09-09,73,410,2026-08-29,1.2,oblast_cascade,,Trypilska TPP,0,0.0179,0.3036
UA32140150000040954,Фастівська,Київська,Фастівський,міська,50.0799307,29.9162821,18,336.2,62088,0.824362195593351,NA,NA,138.005057098386,301.069170807423,29,1,0,0,406.6,False,2026-09-09,73,410,2026-08-29,1.2,oblast_cascade,,Trypilska TPP,0,0.0179,0.3036
UA32140170000038368,Чабанівська,Київська,Фастівський,селищна,50.341434,30.427101,2,12.8,11796,0.452187182095626,NA,NA,102.738091779883,347.515222037336,7,0,0,0,425.8,False,2026-09-09,73,410,2026-08-29,1.2,oblast_cascade,,Trypilska TPP,0,0.0179,0.3036
UA35020010000028961,Благовіщенська,Кіровоградська,Голованівський,міська,48.327711,30.2344886,27,702.9,21052,0.276695800874026,NA,NA,327.083386676283,218.561371416869,NA,0,0,0,216.7,False,2026-09-09,5,85,2026-08-29,0,none,,,0,0.0035,0.0007
UA35020030000022644,Вільшанська,Кіровоградська,Голованівський,селищна,48.235415,30.8745445,23,589.9,10957,0.413069270785799,NA,NA,304.010226757397,250.801467780448,NA,0,0,0,190.2,False,2026-09-09,5,85,2026-08-29,0,none,,,0,0.0035,0.0007
UA35020050000014205,Гайворонська,Кіровоградська,Голованівський,міська,48.3366182,29.8677468,17,440.2,24286,0.57687556616981,NA,NA,328.904014764008,196.685845680701,0,0,0,0,231.1,False,2026-09-09,5,85,2026-08-29,0,none,,,0,0.0035,0.0007
UA35020070000018243,Голованівська,Кіровоградська,Голованівський,селищна,48.3830239,30.4655894,32,663.4,15897,0.355161351198339,NA,NA,320.247178403515,235.615394784616,1,0,0,0,215.3,False,2026-09-09,5,85,2026-08-29,0,none,,,0,0.0035,0.0007
UA35020090000039429,Заваллівська,Кіровоградська,Голованівський,селищна,48.2082486,30.0137333,12,256,10738,0.557645744086422,NA,NA,337.398023897484,197.513430443869,NA,0,0,0,213.3,False,2026-09-09,5,85,2026-08-29,0,none,,,0,0.0035,0.0007
UA35020110000013511,Надлацька,Кіровоградська,Голованівський,сільська,48.7330559,31.1271498,13,270.8,4142,0,NA,NA,284.408039334726,297.94817344435,NA,0,0,0,241.1,False,2026-09-09,5,85,2026-08-29,0,none,,,0,0.0035,0.0007
UA35020130000045875,Новоархангельська,Кіровоградська,Голованівський,селищна,48.6644983,30.8048464,21,487.6,12161,0.483677329167009,NA,NA,289.532117497124,274.762649077025,6,0,0,0,237.7,False,2026-09-09,5,85,2026-08-29,0,none,,,0,0.0035,0.0007
UA35020150000027557,Перегонівська,Кіровоградська,Голованівський,сільська,48.5350601,30.5208753,10,190.2,4404,0,NA,NA,303.301344143267,249.531140777292,NA,0,0,0,229.7,False,2026-09-09,5,85,2026-08-29,0,none,,,0,0.0035,0.0007
UA35020170000076448,Підвисоцька,Кіровоградська,Голованівський,сільська,48.583656,30.676588,17,447.7,6330,0,NA,NA,298.058584454655,261.836159542787,NA,0,0,0,231.4,False,2026-09-09,5,85,2026-08-29,0,none,,,0,0.0035,0.0007
UA35020190000025203,Побузька,Кіровоградська,Голованівський,селищна,48.1632356,30.5949322,9,195.3,8836,0.64440923494794,NA,NA,307.841973933154,229.081543046401,NA,0,0,0,189.1,False,2026-09-09,5,85,2026-08-29,0,none,,,0,0.0035,0.0007
UA35040010000022631,Аджамська,Кіровоградська,Кропивницький,сільська,48.550907,32.52924,11,291.4,5851,0,NA,NA,271.082885759414,374.553806575209,NA,0,0,0,205.9,False,2026-09-09,5,85,2026-08-29,0,none,,,0,0.0035,0.0007
UA35040030000074104,Бобринецька,Кіровоградська,Кропивницький,міська,48.05729,32.15938,9,194.7,11158,0.931708191432156,NA,NA,231.463014968303,327.815382318683,1,0,0,0,164.5,False,2026-09-09,5,85,2026-08-29,0,none,,,0,0.0035,0.0007
UA35040050000013889,Великосеверинівська,Кіровоградська,Кропивницький,сільська,48.61031,32.228249,11,223.7,6045,0,NA,NA,284.886706294327,357.967532036147,9,0,0,0,216.7,False,2026-09-09,5,85,2026-08-29,0,none,,,0,0.0035,0.0007
UA35040070000034432,Гурівська,Кіровоградська,Кропивницький,сільська,48.0984525,33.0997636,16,628.7,5471,0,NA,NA,211.711068874594,395.628594292866,NA,0,0,0,103.6,False,2026-09-09,5,85,2026-08-29,0,none,,,0,0.0035,0.0007
UA35040090000082553,Дмитрівська,Кіровоградська,Кропивницький,сільська,48.781361,32.715912,14,545.7,6316,0,NA,NA,272.720093007644,398.496338963861,3,0,0,0,181.0,False,2026-09-09,5,85,2026-08-29,0,none,,,0,0.0035,0.0007
UA35040110000055821,Долинська,Кіровоградська,Кропивницький,міська,48.1164313,32.7638204,32,649.6,26087,0.740445432590946,NA,NA,219.783654931958,372.405960826231,12,1,0,0,154.7,False,2026-09-09,5,85,2026-08-29,0,none,,,0,0.0035,0.0007
UA35040130000021732,Знам’янська,Кіровоградська,Кропивницький,міська,48.7199609,32.6659476,6,113.1,27602,0.950329686254619,NA,NA,279.995585619654,392.04419390605,73,1,0,0,177.5,False,2026-09-09,5,85,2026-08-29,0,none,,,0,0.0035,0.0007
UA35040150000097644,Катеринівська,Кіровоградська,Кропивницький,сільська,48.563087,32.098663,13,293.7,5481,0,NA,NA,283.803525885959,347.085295884661,11,0,0,0,214.6,False,2026-09-09,5,85,2026-08-29,0,none,,,0,0.0035,0.0007
UA35040170000065192,Кетрисанівська,Кіровоградська,Кропивницький,сільська,47.90897,32.172771,73,1301.8,12689,0,NA,NA,216.663778717521,323.515860512499,NA,0,0,0,148.3,False,2026-09-09,5,85,2026-08-29,0,none,,,0,0.0035,0.0007
UA35040190000012514,Компаніївська,Кіровоградська,Кропивницький,селищна,48.2497235,32.2043672,51,967.8,14237,0.303645430919435,NA,NA,248.931283692784,338.777342014777,10,1,0,0,179.0,False,2026-09-09,5,85,2026-08-29,0,none,,,0,0.0035,0.0007
UA35040210000014072,Кропивницька,Кіровоградська,Кропивницький,міська,48.5105805,32.2656283,2,105,228007,1,NA,NA,273.578580763265,355.191007966393,94,1,0,0,205.3,False,2026-09-09,5,85,2026-08-29,0,none,,,0,0.0035,0.0007
UA35040230000015609,Новгородківська,Кіровоградська,Кропивницький,селищна,48.3658045,32.6572986,27,996.1,14256,0.38054152637486,NA,NA,248.602558784572,374.659007153177,7,1,0,0,184.3,False,2026-09-09,5,85,2026-08-29,0,none,,,0,0.0035,0.0007
UA35040250000048915,Олександрівська,Кіровоградська,Кропивницький,селищна,48.9656487,32.2383382,53,1155.3,24709,0.414019183293537,NA,NA,282.232426235904,379.089027373845,2,1,0,0,255.1,False,2026-09-09,5,85,2026-08-29,0,none,,,0,0.0035,0.0007
UA35040270000084621,Первозванівська,Кіровоградська,Кропивницький,сільська,48.445049,32.306721,19,382.5,8398,0,NA,NA,265.687400410596,354.658626816,2,0,0,0,197.5,False,2026-09-09,5,85,2026-08-29,0,none,,,0,0.0035,0.0007
UA35040290000046019,Соколівська,Кіровоградська,Кропивницький,сільська,48.473549,32.192291,22,399.9,9946,0,NA,NA,271.902694181402,348.505875798502,6,0,0,0,203.1,False,2026-09-09,5,85,2026-08-29,0,none,,,0,0.0035,0.0007
UA35040310000035890,Суботцівська,Кіровоградська,Кропивницький,сільська,48.6527798,32.5156646,23,532.6,11568,0,NA,NA,282.173129165272,378.800822561547,2,1,0,0,178.4,False,2026-09-09,5,85,2026-08-29,0,none,,,0,0.0035,0.0007
UA35040330000014430,Устинівська,Кіровоградська,Кропивницький,селищна,47.9576049,32.5361354,36,941.6,11764,0.274821489289357,NA,NA,209.13150265222,350.995771873738,NA,0,0,0,140.9,False,2026-09-09,5,85,2026-08-29,0,none,,,0,0.0035,0.0007
UA35060010000018331,Ганнівська,Кіровоградська,Новоукраїнський,сільська,48.196823,31.896624,14,295.3,3473,0,NA,NA,254.672079939592,315.528089345891,NA,0,0,0,183.6,False,2026-09-09,5,85,2026-08-29,0,none,,,0,0.0035,0.0007
UA35060030000099117,Глодоська,Кіровоградська,Новоукраїнський,сільська,48.45417,31.32271,11,244.5,4057,0,NA,NA,301.985116839629,291.824223169668,NA,0,0,0,208.8,False,2026-09-09,5,85,2026-08-29,0,none,,,0,0.0035,0.0007
UA35060050000025668,Добровеличківська,Кіровоградська,Новоукраїнський,селищна,48.38791,31.17748,31,591.2,13173,0.406741061261672,NA,NA,302.555592628747,278.823135521744,NA,0,0,0,202.5,False,2026-09-09,5,85,2026-08-29,0,none,,,0,0.0035,0.0007
UA35060070000071148,Злинська,Кіровоградська,Новоукраїнський,сільська,48.479229,31.54278,6,274,5603,0,NA,NA,295.163138235568,307.027838212513,NA,1,0,0,211.1,False,2026-09-09,5,85,2026-08-29,0,none,,,0,0.0035,0.0007
UA35060090000091976,Маловисківська,Кіровоградська,Новоукраїнський,міська,48.6404935,31.634205,16,384.3,14828,0.671702185055301,NA,NA,301.865779228451,322.306423894512,8,1,0,0,229.2,False,2026-09-09,5,85,2026-08-29,0,none,,,0,0.0035,0.0007
UA35060110000056063,Мар’янівська,Кіровоградська,Новоукраїнський,сільська,48.566271,31.855744,15,299.1,5051,0,NA,NA,291.947644898131,331.758636844028,1,0,0,0,222.3,False,2026-09-09,5,85,2026-08-29,0,none,,,0,0.0035,0.0007
UA35060130000087718,Новомиргородська,Кіровоградська,Новоукраїнський,міська,48.7969701,31.6523837,47,1004.9,26239,0.500971835816914,NA,NA,285.378852924732,333.078492511305,1,1,0,0,246.6,False,2026-09-09,5,85,2026-08-29,0,none,,,0,0.0035,0.0007
UA35060150000073710,Новоукраїнська,Кіровоградська,Новоукраїнський,міська,48.3250616,31.522047,16,449.5,19429,0.827628802305831,NA,NA,281.762721463769,297.054755899009,1,1,0,0,194.0,False,2026-09-09,5,85,2026-08-29,0,none,,,0,0.0035,0.0007
UA35060170000071056,Піщанобрідська,Кіровоградська,Новоукраїнський,сільська,48.284325,31.31205,20,424.2,5868,0,NA,NA,287.352722970381,281.30034316349,NA,0,0,0,190.0,False,2026-09-09,5,85,2026-08-29,0,none,,,0,0.0035,0.0007
UA35060190000079777,Помічнянська,Кіровоградська,Новоукраїнський,міська,48.243309,31.4037217,4,77.4,9738,0.883959745327583,NA,NA,279.59093075205,285.012655762877,28,1,0,0,185.0,False,2026-09-09,5,85,2026-08-29,0,none,,,0,0.0035,0.0007
UA35060210000019042,Рівнянська,Кіровоградська,Новоукраїнський,сільська,48.2450076,31.7477038,29,569.5,10033,0,NA,NA,265.06880628443,307.780642041197,NA,0,0,0,185.9,False,2026-09-09,5,85,2026-08-29,0,none,,,0,0.0035,0.0007
UA35060230000086264,Смолінська,Кіровоградська,Новоукраїнський,селищна,48.6014602,31.2957107,22,317.3,14614,0.63247570822499,NA,NA,300.831400836463,299.177008254591,4,0,0,0,225.3,False,2026-09-09,5,85,2026-08-29,0,none,,,0,0.0035,0.0007
UA35060250000057436,Тишківська,Кіровоградська,Новоукраїнський,сільська,48.492229,30.932384,11,271.7,3736,0,NA,NA,309.349420568251,270.334492942701,NA,0,0,0,217.0,False,2026-09-09,5,85,2026-08-29,0,none,,,0,0.0035,0.0007
UA35080010000032386,Великоандрусівська,Кіровоградська,Олександрійський,сільська,49.057732,32.949711,25,964,7670,0,NA,NA,239.897453033545,428.547347565056,1,0,0,0,199.6,False,2026-09-09,5,85,2026-08-29,0,none,,,0,0.0035,0.0007
UA35080030000042560,Новопразька,Кіровоградська,Олександрійський,селищна,48.5691102,32.9043787,12,380.6,8669,0.722805398546545,NA,NA,265.873829299515,400.383680286846,1,0,0,0,153.7,False,2026-09-09,5,85,2026-08-29,0,none,,,0,0.0035,0.0007
UA35080050000038829,Олександрійська,Кіровоградська,Олександрійський,міська,48.670609,33.1169742,14,260.3,85307,0.945901274221342,NA,NA,260.287411070154,419.289905975179,65,1,0,0,155.5,False,2026-09-09,5,85,2026-08-29,0,none,,,0,0.0035,0.0007
UA35080070000016791,Онуфріївська,Кіровоградська,Олександрійський,селищна,48.9046489,33.4472744,28,889.4,16626,0.491158426560808,NA,NA,224.751719490704,452.339073247773,NA,1,0,0,171.2,False,2026-09-09,5,85,2026-08-29,0,none,,,0,0.0035,0.0007
UA35080090000078673,Пантаївська,Кіровоградська,Олександрійський,селищна,48.6776501,32.8970803,6,173,5060,0.501185770750988,NA,NA,270.910906732369,405.037495168515,NA,0,0,0,164.1,False,2026-09-09,5,85,2026-08-29,0,none,,,0,0.0035,0.0007
UA35080110000063919,Петрівська,Кіровоградська,Олександрійський,селищна,48.33607,33.26626,38,1196,22134,0.345125146832927,NA,NA,235.951135192366,415.502966937627,2,0,0,0,117.5,False,2026-09-09,5,85,2026-08-29,0,none,,,0,0.0035,0.0007
UA35080130000048304,Попельнастівська,Кіровоградська,Олександрійський,сільська,48.6592675,33.7216381,30,742.1,8234,0,NA,NA,233.097077747394,459.577423524171,NA,0,0,0,139.7,False,2026-09-09,5,85,2026-08-29,0,none,,,0,0.0035,0.0007
UA35080150000074379,Приютівська,Кіровоградська,Олександрійський,селищна,48.721619,33.067471,25,519.9,12200,0.249590163934426,NA,NA,258.653371340518,418.422735117359,2,1,0,0,162.2,False,2026-09-09,5,85,2026-08-29,0,none,,,0,0.0035,0.0007
UA35080170000077673,Світловодська,Кіровоградська,Олександрійський,міська,49.04537,33.20721,10,292.6,53582,0.940390429621888,NA,NA,226.37470481338,444.109089762416,108,0,0,0,191.4,False,2026-09-09,5,85,2026-08-29,0,none,,,0,0.0035,0.0007
UA44020010000067642,Алчевська,Луганська,Алчевський,міська,48.4806933,38.7921332944146,NA,NA,182520,0.984089414858646,NA,NA,65.4734935200609,764.813845180223,35,0,1,1,68.6,True,2026-09-09,278,838,2026-08-29,0,none,,,1,0.0369,0.0574
UA44020030000055937,Зимогір’ївська,Луганська,Алчевський,міська,48.5782151,38.9451299,NA,NA,37333,0.836043178956955,NA,NA,52.7198579909066,779.727862057088,NA,0,1,1,79.1,True,2026-09-09,278,838,2026-08-29,0,none,,,1,0.0369,0.0574
UA44020050000061272,Кадіївська,Луганська,Алчевський,міська,48.5595971,38.6499847,NA,NA,215431,0.979199836606616,NA,NA,74.5298048085516,759.428960617659,166,0,1,1,78.6,True,2026-09-09,278,838,2026-08-29,0,none,,,1,0.0369,0.0574
UA44040010000091230,Довжанська,Луганська,Довжанський,міська,48.0811324,39.642561,NA,NA,116546,0.915046419439535,NA,NA,10.9643230406222,804.746010772403,70,1,1,1,11.2,True,2026-09-09,278,838,2026-08-29,0,none,,,1,0.0369,0.0574
UA44040030000034083,Сорокинська,Луганська,Довжанський,міська,48.2951439,39.7296772,NA,NA,88919,0.844847557889765,NA,NA,8.41102478569382,819.489433559477,68,0,1,1,8.4,True,2026-09-09,278,838,2026-08-29,0,none,,,1,0.0369,0.0574
UA44060010000059164,Луганська,Луганська,Луганський,міська,48.64418345,39.4948508175621,NA,NA,440485,0.954377561097427,NA,NA,12.7915023904981,819.282654069912,114,0,1,1,12.8,True,2026-09-09,278,838,2026-08-29,0,none,,,1,0.0369,0.0574
UA44060030000019360,Лутугинська,Луганська,Луганський,міська,48.4008342,39.1981259,NA,NA,47273,0.811308780910879,NA,NA,40.948276768613,788.068321846211,3,0,1,1,41.4,True,2026-09-09,278,838,2026-08-29,0,none,,,1,0.0369,0.0574
UA44060050000028333,Молодогвардійська,Луганська,Луганський,міська,48.3459067,39.6524188,NA,NA,39609,0.836173596909793,NA,NA,14.0480944876576,816.369496256639,5,0,1,1,14.0,True,2026-09-09,278,838,2026-08-29,0,none,,,1,0.0369,0.0574
UA44080010000030435,Антрацитівська,Луганська,Ровеньківський,міська,48.1164285,39.0886375,NA,NA,93837,0.908266462056545,NA,NA,27.4567287431918,767.995877083866,19,0,1,1,27.4,True,2026-09-09,278,838,2026-08-29,0,none,,,1,0.0369,0.0574
UA44080030000048115,Ровеньківська,Луганська,Ровеньківський,міська,48.0897987,39.368029,NA,NA,65924,0.901447120927128,NA,NA,24.1572699987102,786.092452871663,8,0,1,1,24.9,True,2026-09-09,278,838,2026-08-29,0,none,,,1,0.0369,0.0574
UA44080050000055882,Хрустальненська,Луганська,Ровеньківський,міська,48.1790971,38.8818684,NA,NA,134364,0.977739573099938,NA,NA,33.5153092605498,756.640457111508,95,0,1,1,34.9,True,2026-09-09,278,838,2026-08-29,0,none,,,1,0.0369,0.0574
UA44100010000048313,Білокуракинська,Луганська,Сватівський,селищна,49.52637,38.73539,38,1124.3,14712,0.431552474170745,NA,NA,33.1951664596039,819.238621674104,29,0,0,1,33.2,True,2026-09-09,278,838,2026-08-29,0,none,,,1,0.0369,0.0574
UA44100030000094890,Коломийчиська,Луганська,Сватівський,сільська,49.44706,37.97184,21,390.6,3138,0,NA,NA,50.599952018409,768.596177965661,NA,1,0,1,7.9,True,2026-09-09,278,838,2026-08-29,0,none,,,1,0.0369,0.0574
UA44100050000027880,Красноріченська,Луганська,Сватівський,селищна,49.2161675,38.2038682,10,443,7766,0.483517898532063,NA,NA,77.0751766292713,768.200734538653,1,1,0,1,15.0,True,2026-09-09,278,838,2026-08-29,0,none,,,1,0.0369,0.0574
UA44100070000070448,Лозно-Олександрівська,Луганська,Сватівський,селищна,49.83742,38.74226,25,533.9,4297,0.192925296718641,NA,NA,5.70923385463842,838.93590143017,NA,0,0,1,5.9,True,2026-09-09,278,838,2026-08-29,0,none,,,1,0.0369,0.0574
UA44100090000087782,Нижньодуванська,Луганська,Сватівський,селищна,49.58027,38.16582,17,561.4,5204,0.365488086087625,NA,NA,36.8548716004025,788.582254371846,NA,1,0,1,27.7,True,2026-09-09,278,838,2026-08-29,0,none,,,1,0.0369,0.0574
UA44100110000061602,Сватівська,Луганська,Сватівський,міська,49.4176663,38.1456729,24,1038.7,25923,0.622806002391698,NA,NA,54.2869669029943,777.061118064479,1,0,0,1,17.6,True,2026-09-09,278,838,2026-08-29,0,none,,,1,0.0369,0.0574
UA44100130000017965,Троїцька,Луганська,Сватівський,селищна,49.9074486,38.2868192,46,1222.2,15653,0.456398134542899,NA,NA,8.81161306396884,817.06521302563,2,0,0,1,10.2,True,2026-09-09,278,838,2026-08-29,0,none,,,1,0.0369,0.0574
UA44120010000044132,Гірська,Луганська,Сєвєродонецький,міська,48.7395184,38.4919701,11,169.8,32495,0.92771195568549,NA,NA,87.0280267603112,758.680801370425,NA,0,0,1,40.9,True,2026-09-09,278,838,2026-08-29,0,none,,,1,0.0369,0.0574
UA44120030000094047,Кремінська,Луганська,Сєвєродонецький,міська,49.0463189,38.2178525,11,532.9,21588,0.83916990920882,NA,NA,95.9042485377151,758.927007431609,27,0,0,1,18.4,True,2026-09-09,278,838,2026-08-29,0,none,,,1,0.0369,0.0574
UA44120050000066819,Лисичанська,Луганська,Сєвєродонецький,міська,48.917267,38.4285981,17,407.6,111716,0.976243331304379,NA,NA,90.6523991141451,764.529034470361,6,1,0,1,33.7,True,2026-09-09,278,838,2026-08-29,0,none,,,1,0.0369,0.0574
UA44120070000073915,Попаснянська,Луганська,Сєвєродонецький,міська,48.6322687,38.3777033,13,468.6,24593,0.895498719147725,NA,NA,91.7527461281452,745.562553478972,18,1,0,1,37.0,True,2026-09-09,278,838,2026-08-29,0,none,,,1,0.0369,0.0574
UA44120090000062828,Рубіжанська,Луганська,Сєвєродонецький,міська,49.0329045,38.3725819,14,401.5,58824,0.939191486468108,NA,NA,94.0486862088077,767.695327644404,50,0,0,1,29.0,True,2026-09-09,278,838,2026-08-29,0,none,,,1,0.0369,0.0574
UA44120110000010163,Сєвєродонецька,Луганська,Сєвєродонецький,міська,48.9478698,38.4936475,20,712.8,113323,0.951236730407772,NA,NA,85.6022099596101,770.352163759074,71,0,0,1,37.7,True,2026-09-09,278,838,2026-08-29,0,none,,,1,0.0369,0.0574
UA44140010000036188,Біловодська,Луганська,Старобільський,селищна,49.2068078,39.5911619,33,1596,22253,0.345796072439671,NA,NA,18.9008778173841,854.043174993625,6,0,0,1,19.4,True,2026-09-09,278,838,2026-08-29,0,none,,,1,0.0369,0.0574
UA44140030000070201,Білолуцька,Луганська,Старобільський,селищна,49.7017298,39.0250773,18,641.2,9517,0.388252600609436,NA,NA,11.819589581878,847.360296293015,NA,0,0,1,12.2,True,2026-09-09,278,838,2026-08-29,0,none,,,1,0.0369,0.0574
UA44140050000026566,Марківська,Луганська,Старобільський,селищна,49.5239233,39.5682107,34,1166.8,13756,0.398371619656877,NA,NA,12.1048471714447,870.169167342591,8,0,0,1,12.3,True,2026-09-09,278,838,2026-08-29,0,none,,,1,0.0369,0.0574
UA44140070000058445,Міловська,Луганська,Старобільський,селищна,49.38011,40.1255,29,970.8,14496,0.391832229580574,NA,NA,0.327836153597981,897.290236879049,2,0,0,1,0.5,True,2026-09-09,278,838,2026-08-29,0,none,,,1,0.0369,0.0574
UA44140090000072167,Новопсковська,Луганська,Старобільський,селищна,49.5383615,39.1022062,21,982.3,22789,0.412128658563342,NA,NA,27.4925719229959,842.321965902871,3,0,0,1,30.9,True,2026-09-09,278,838,2026-08-29,0,none,,,1,0.0369,0.0574
UA44140110000056578,Старобільська,Луганська,Старобільський,міська,49.2822424,38.897386,25,731.6,27909,0.571392740692966,NA,NA,57.2506720977496,814.730854620612,10,0,0,1,57.3,True,2026-09-09,278,838,2026-08-29,0,none,,,1,0.0369,0.0574
UA44140130000089782,Чмирівська,Луганська,Старобільський,сільська,49.292038,38.95348,22,512.6,8907,0,NA,NA,56.0405488927133,818.768537683801,NA,0,0,1,56.1,True,2026-09-09,278,838,2026-08-29,0,none,,,1,0.0369,0.0574
UA44140150000072734,Шульгинська,Луганська,Старобільський,сільська,49.152142,38.91975,12,337.6,4206,0,NA,NA,56.1901236558235,808.647387318259,1,0,0,1,71.6,True,2026-09-09,278,838,2026-08-29,0,none,,,1,0.0369,0.0574
UA44160010000053248,Нижньотеплівська,Луганська,Щастинський,сільська,48.794785,39.351295,12,492.4,7014,0,NA,NA,27.1636052540085,817.18062155024,NA,0,0,1,30.6,True,2026-09-09,278,838,2026-08-29,0,none,,,1,0.0369,0.0574
UA44160030000020916,Новоайдарська,Луганська,Щастинський,селищна,48.9596084,38.9937733,32,1312.1,20652,0.37638001162115,NA,NA,49.1056735840891,802.667585635564,12,0,0,1,49.1,True,2026-09-09,278,838,2026-08-29,0,none,,,1,0.0369,0.0574
UA44160050000040019,Станично-Луганська,Луганська,Щастинський,селищна,48.6429638,39.4956573,14,514.3,22786,0.537961906433775,NA,NA,12.6960300393187,819.278210467061,1,0,0,1,12.7,True,2026-09-09,278,838,2026-08-29,0,none,,,1,0.0369,0.0574
UA44160070000013725,Широківська,Луганська,Щастинський,сільська,48.8364339,39.6304262,14,580.4,6526,0,NA,NA,11.0950909947993,837.535392437968,NA,0,0,1,11.2,True,2026-09-09,278,838,2026-08-29,0,none,,,1,0.0369,0.0574
UA44160090000075695,Щастинська,Луганська,Щастинський,міська,48.7453063,39.1711051755281,11,409.2,20637,0.774725008479915,NA,NA,38.9731825274515,802.91495215482,3,0,0,1,39.0,True,2026-09-09,278,838,2026-08-29,0,none,,,1,0.0369,0.0574
UA46020010000073886,Бориславська,Львівська,Дрогобицький,міська,49.2824381,23.4138765,7,159.2,38700,0.839095607235142,NA,NA,247.123098949632,43.251903154023,101,0,0,0,673.7,False,2026-09-09,1,36,2026-08-29,0.8,oblast_cascade,,Dobrotvirska TPP,0,0.0013,0.2003
UA46020030000019252,Дрогобицька,Львівська,Дрогобицький,міська,49.3513996,23.5061662,34,426.2,120404,0.77972492608219,NA,NA,239.071179285308,52.9159841031232,218,1,0,0,670.7,False,2026-09-09,1,36,2026-08-29,0.8,oblast_cascade,,Dobrotvirska TPP,0,0.0013,0.2003
UA46020050000037271,Меденицька,Львівська,Дрогобицький,селищна,49.4299693,23.7495414,18,285.8,18520,0.177753779697624,NA,NA,230.127711038678,70.3970495952084,NA,0,0,0,658.4,False,2026-09-09,1,36,2026-08-29,0.8,oblast_cascade,,Dobrotvirska TPP,0,0.0013,0.2003
UA46020070000056149,Східницька,Львівська,Дрогобицький,селищна,49.2275955,23.3502631,22,414.3,16237,0.344644946726612,1,NA,253.568116434813,36.4080981551764,NA,0,0,0,675.5,False,2026-09-09,1,36,2026-08-29,0.8,oblast_cascade,,Dobrotvirska TPP,0,0.0013,0.2003
UA46020090000057315,Трускавецька,Львівська,Дрогобицький,міська,49.2783459,23.5064459,8,207.9,39086,0.723711814972113,1,NA,247.184744288795,49.0601172018939,130,1,0,0,667.3,False,2026-09-09,1,36,2026-08-29,0.8,oblast_cascade,,Dobrotvirska TPP,0,0.0013,0.2003
UA46040010000033885,Бродівська,Львівська,Золочівський,міська,50.0833041,25.1437921,51,609.6,39049,0.592435145586315,NA,NA,184.907972111547,88.5033716529277,64,0,0,0,610.7,False,2026-09-09,1,36,2026-08-29,0.8,oblast_cascade,,Dobrotvirska TPP,0,0.0013,0.2003
UA46040030000058332,Буська,Львівська,Золочівський,міська,49.965355,24.6089531,68,670.4,29774,0.338550413112111,NA,NA,182.879455759155,66.0516494988921,12,0,0,0,634.4,False,2026-09-09,1,36,2026-08-29,0.8,oblast_cascade,,Dobrotvirska TPP,0,0.0013,0.2003
UA46040050000062043,Заболотцівська,Львівська,Золочівський,сільська,50.0321244,24.9757154,19,235.3,6157,0,NA,NA,185.365824763717,81.1564747943487,NA,0,0,0,616.9,False,2026-09-09,1,36,2026-08-29,0.8,oblast_cascade,,Dobrotvirska TPP,0,0.0013,0.2003
UA46040070000032075,Золочівська,Львівська,Золочівський,міська,49.8056522,24.8988858,67,630.7,48822,0.489779197902585,NA,NA,207.241734019011,93.1626181804028,166,1,0,0,607.2,False,2026-09-09,1,36,2026-08-29,0.8,oblast_cascade,,Dobrotvirska TPP,0,0.0013,0.2003
UA46040090000012087,Красненська,Львівська,Золочівський,селищна,49.9125099,24.608186,18,215.7,16752,0.376552053486151,NA,NA,188.366554586185,70.558713744845,4,0,0,0,631.2,False,2026-09-09,1,36,2026-08-29,0.8,oblast_cascade,,Dobrotvirska TPP,0,0.0013,0.2003
UA46040110000093394,Підкамінська,Львівська,Золочівський,селищна,49.9452145,25.318681,33,318.8,11029,0.171819747937256,NA,NA,204.187069453472,106.967157322417,NA,0,0,0,591.5,False,2026-09-09,1,36,2026-08-29,0.8,oblast_cascade,,Dobrotvirska TPP,0,0.0013,0.2003
UA46040130000035029,Поморянська,Львівська,Золочівський,селищна,49.6363882,24.9318616,21,207.4,7360,0.172826086956522,NA,NA,225.451621063826,109.066276829085,1,1,0,0,595.0,False,2026-09-09,1,36,2026-08-29,0.8,oblast_cascade,,Dobrotvirska TPP,0,0.0013,0.2003
UA46060010000049728,Бібрська,Львівська,Львівський,міська,49.6375183,24.2973288,46,435.4,16594,0.273291551163071,NA,NA,211.682233594488,86.6610072538946,3,0,0,0,634.2,False,2026-09-09,1,36,2026-08-29,0.8,oblast_cascade,,Dobrotvirska TPP,0,0.0013,0.2003
UA46060030000020652,Великолюбінська,Львівська,Львівський,селищна,49.7217329,23.7302119,16,132.4,9435,0.479915209326974,NA,NA,197.66159140269,50.3255217524344,1,0,0,0,674.4,False,2026-09-09,1,36,2026-08-29,0.8,oblast_cascade,,Dobrotvirska TPP,0,0.0013,0.2003
UA46060050000016451,Глинянська,Львівська,Львівський,міська,49.8220371,24.5165092,19,223,9547,0.309416570650466,NA,NA,195.784389381367,75.3303748539083,8,0,0,0,631.2,False,2026-09-09,1,36,2026-08-29,0.8,oblast_cascade,,Dobrotvirska TPP,0,0.0013,0.2003
UA46060070000047720,Городоцька,Львівська,Львівський,міська,49.784596,23.6465626,39,375.9,39526,0.406947325810859,NA,NA,190.630582344122,41.2825961904999,51,0,0,0,683.0,False,2026-09-09,1,36,2026-08-29,0.8,oblast_cascade,,Dobrotvirska TPP,0,0.0013,0.2003
UA46060090000017373,Давидівська,Львівська,Львівський,сільська,49.751785,24.135963,23,226.2,20615,0,NA,NA,197.045954494667,69.5842552884947,4,1,0,0,650.6,False,2026-09-09,1,36,2026-08-29,0.8,oblast_cascade,,Dobrotvirska TPP,0,0.0013,0.2003
UA46060110000011684,Добросинсько-Магерівська,Львівська,Львівський,сільська,50.1346697,23.8537195,36,233.9,16077,0.121851091621571,NA,NA,152.252461461612,24.2899929385976,0,0,0,0,689.9,False,2026-09-09,1,36,2026-08-29,0.8,oblast_cascade,,Dobrotvirska TPP,0,0.0013,0.2003
UA46060130000059055,Жовківська,Львівська,Львівський,міська,50.056134,23.9711967,49,453.6,34431,0.402311870117046,NA,NA,161.832404907006,36.2918420627924,26,0,0,0,678.1,False,2026-09-09,1,36,2026-08-29,0.8,oblast_cascade,,Dobrotvirska TPP,0,0.0013,0.2003
UA46060150000060045,Жовтанецька,Львівська,Львівський,сільська,49.9920394,24.2453514,14,150.4,10088,0,NA,NA,172.394739645049,49.9319279868919,NA,0,0,0,657.8,False,2026-09-09,1,36,2026-08-29,0.8,oblast_cascade,,Dobrotvirska TPP,0,0.0013,0.2003
UA46060170000014754,Зимноводівська,Львівська,Львівський,сільська,49.824806,23.886192,5,30.9,19577,0,NA,NA,186.782031068185,51.6004423341129,9,0,0,0,670.2,False,2026-09-09,1,36,2026-08-29,0.8,oblast_cascade,,Dobrotvirska TPP,0,0.0013,0.2003
UA46060190000038354,Кам’янка-Бузька,Львівська,Львівський,міська,50.0987805,24.3569457,29,344.4,21187,0.490725444848256,NA,NA,163.013795078796,43.2085831304165,60,1,0,0,657.6,False,2026-09-09,1,36,2026-08-29,0.8,oblast_cascade,,Dobrotvirska TPP,0,0.0013,0.2003
UA46060210000047788,Комарнівська,Львівська,Львівський,міська,49.6260714,23.6969962,22,186.9,13688,0.26687609585038,NA,NA,208.260754327144,54.8902524169778,1,0,0,0,671.6,False,2026-09-09,1,36,2026-08-29,0.8,oblast_cascade,,Dobrotvirska TPP,0,0.0013,0.2003
UA46060230000093092,Куликівська,Львівська,Львівський,селищна,49.9802537,24.0770707,17,114.2,11604,0.352637021716649,NA,NA,171.293081853589,47.5414024801651,1,0,0,0,667.3,False,2026-09-09,1,36,2026-08-29,0.8,oblast_cascade,,Dobrotvirska TPP,0,0.0013,0.2003
UA46060250000025047,Львівська,Львівська,Львівський,міська,49.841952,24.0315921,20,311.4,777234,0.977979604597843,NA,NA,186.01074070183,57.07970607602,1502,0,0,0,662.1,False,2026-09-09,1,36,2026-08-29,0.8,oblast_cascade,,Dobrotvirska TPP,0,0.0013,0.2003
UA46060270000027170,Мурованська,Львівська,Львівський,сільська,49.876335,24.095217,5,43.1,9582,0,NA,NA,182.905422662797,56.7810084003299,1,0,0,0,660.1,False,2026-09-09,1,36,2026-08-29,0.8,oblast_cascade,,Dobrotvirska TPP,0,0.0013,0.2003
UA46060290000052876,Новояричівська,Львівська,Львівський,селищна,49.9071883,24.3026191,18,221,18475,0.321190798376184,NA,NA,182.529386649232,60.2073101067441,3,0,0,0,649.3,False,2026-09-09,1,36,2026-08-29,0.8,oblast_cascade,,Dobrotvirska TPP,0,0.0013,0.2003
UA46060310000086550,Оброшинська,Львівська,Львівський,сільська,49.78643,23.86727,6,49.8,7629,0,NA,NA,190.933323342526,53.6434348579474,NA,0,0,0,669.3,False,2026-09-09,1,36,2026-08-29,0.8,oblast_cascade,,Dobrotvirska TPP,0,0.0013,0.2003
UA46060330000065074,Перемишлянська,Львівська,Львівський,міська,49.6693553,24.5584141,59,584,23591,0.271925734390234,NA,NA,212.897789074078,91.7932262649752,7,0,0,0,619.8,False,2026-09-09,1,36,2026-08-29,0.8,oblast_cascade,,Dobrotvirska TPP,0,0.0013,0.2003
UA46060350000036006,Підберізцівська,Львівська,Львівський,сільська,49.809834,24.221888,11,124.1,8171,0,NA,NA,191.820133070311,68.3204051975738,2,0,0,0,648.5,False,2026-09-09,1,36,2026-08-29,0.8,oblast_cascade,,Dobrotvirska TPP,0,0.0013,0.2003
UA46060370000065608,Пустомитівська,Львівська,Львівський,міська,49.7189582,23.9047288,10,95.7,15121,0.619800277759407,NA,NA,198.621090956302,60.5124006693848,29,0,0,0,663.3,False,2026-09-09,1,36,2026-08-29,0.8,oblast_cascade,,Dobrotvirska TPP,0,0.0013,0.2003
UA46060390000035967,Рава-Руська,Львівська,Львівський,міська,50.230654,23.6240014,46,318.1,25536,0.332628446115288,NA,NA,141.059751288811,4.97873310459685,23,0,0,0,709.4,False,2026-09-09,1,36,2026-08-29,0.8,oblast_cascade,,Dobrotvirska TPP,0,0.0013,0.2003
UA46060410000052681,Сокільницька,Львівська,Львівський,сільська,49.7797678,23.9791691,3,32.9,8416,0,NA,NA,192.409013096262,59.7273831508907,9,0,0,0,661.9,False,2026-09-09,1,36,2026-08-29,0.8,oblast_cascade,,Dobrotvirska TPP,0,0.0013,0.2003
UA46060430000091455,Солонківська,Львівська,Львівський,сільська,49.756359,24.008862,21,174.4,13340,0,NA,NA,195.241999325266,63.0910898480372,11,0,0,0,658.8,False,2026-09-09,1,36,2026-08-29,0.8,oblast_cascade,,Dobrotvirska TPP,0,0.0013,0.2003
UA46060450000037997,Щирецька,Львівська,Львівський,селищна,49.6465416,23.8571249,17,114.5,11655,0.485542685542686,NA,NA,206.403580414799,62.6622214299408,9,0,0,0,662.4,False,2026-09-09,1,36,2026-08-29,0.8,oblast_cascade,,Dobrotvirska TPP,0,0.0013,0.2003
UA46080010000010628,Бісковицька,Львівська,Самбірський,сільська,49.544472,23.164238,32,215.8,17813,0,NA,NA,220.231679876204,29.3025433498773,1,0,0,0,702.1,False,2026-09-09,1,36,2026-08-29,0.8,oblast_cascade,,Dobrotvirska TPP,0,0.0013,0.2003
UA46080030000048662,Боринська,Львівська,Самбірський,селищна,49.0714844,23.0022472,33,638,23141,0.0594183483859816,1,NA,274.021024852154,8.37660654785276,NA,1,0,0,692.7,False,2026-09-09,1,36,2026-08-29,0.8,oblast_cascade,,Dobrotvirska TPP,0,0.0013,0.2003
UA46080050000015399,Добромильська,Львівська,Самбірський,міська,49.5710282,22.7851508,37,293.9,19618,0.297481904373535,1,NA,222.930991840758,5.94018732195494,NA,0,0,0,728.2,False,2026-09-09,1,36,2026-08-29,0.8,oblast_cascade,,Dobrotvirska TPP,0,0.0013,0.2003
UA46080070000035761,Новокалинівська,Львівська,Самбірський,міська,49.5582869,23.3022432,25,252.1,14128,0.416902604756512,NA,NA,217.338167973048,36.2593192379631,NA,0,0,0,693.7,False,2026-09-09,1,36,2026-08-29,0.8,oblast_cascade,,Dobrotvirska TPP,0,0.0013,0.2003
UA46080090000029798,Ралівська,Львівська,Самбірський,сільська,49.501617,23.23386,23,229.3,12926,0,NA,NA,224.209683620551,36.2115645505393,2,0,0,0,695.5,False,2026-09-09,1,36,2026-08-29,0.8,oblast_cascade,,Dobrotvirska TPP,0,0.0013,0.2003
UA46080110000050484,Рудківська,Львівська,Самбірський,міська,49.6544518,23.4873856,34,302.8,25083,0.208507754255871,NA,NA,205.495206281175,41.0456238571107,2,0,0,0,686.5,False,2026-09-09,1,36,2026-08-29,0.8,oblast_cascade,,Dobrotvirska TPP,0,0.0013,0.2003
UA46080130000077112,Самбірська,Львівська,Самбірський,міська,49.5182487,23.1969805,5,42.2,36659,0.931612973621757,NA,NA,222.752738232153,32.9839999397673,54,1,0,0,698.7,False,2026-09-09,1,36,2026-08-29,0.8,oblast_cascade,,Dobrotvirska TPP,0,0.0013,0.2003
UA46080150000050321,Старосамбірська,Львівська,Самбірський,міська,49.44406,23.0022677,26,335.8,20931,0.358989059290048,1,NA,233.201033648477,20.1595085195037,1,0,0,0,708.2,False,2026-09-09,1,36,2026-08-29,0.8,oblast_cascade,,Dobrotvirska TPP,0,0.0013,0.2003
UA46080170000064605,Стрілківська,Львівська,Самбірський,сільська,49.329163,22.974785,21,320.4,14202,0,1,NA,246.124857814583,16.2830911107479,NA,0,0,0,705.0,False,2026-09-09,1,36,2026-08-29,0.8,oblast_cascade,,Dobrotvirska TPP,0,0.0013,0.2003
UA46080190000096121,Турківська,Львівська,Самбірський,міська,49.1531436,23.0336345,25,398.8,22328,0.310148692225009,1,NA,264.695483968023,12.1460447342087,3,0,0,0,693.8,False,2026-09-09,1,36,2026-08-29,0.8,oblast_cascade,,Dobrotvirska TPP,0,0.0013,0.2003
UA46080210000051983,Хирівська,Львівська,Самбірський,міська,49.5335126,22.8500099,25,218,15067,0.272383354350567,1,NA,225.803530200669,11.8635299515251,NA,0,0,0,722.2,False,2026-09-09,1,36,2026-08-29,0.8,oblast_cascade,,Dobrotvirska TPP,0,0.0013,0.2003
UA46100010000066018,Гніздичівська,Львівська,Стрийський,селищна,49.3373271,24.1081208,13,105.9,7059,0.564244227227653,NA,NA,242.363571759795,92.3105386211911,NA,0,0,0,630.6,False,2026-09-09,1,36,2026-08-29,0.8,oblast_cascade,,Dobrotvirska TPP,0,0.0013,0.2003
UA46100030000016064,Грабовецько-Дулібівська,Львівська,Стрийський,сільська,49.230637,23.815067,12,152.1,12046,0,1,NA,252.434638662515,68.7485400873681,2,0,0,0,644.7,False,2026-09-09,1,36,2026-08-29,0.8,oblast_cascade,,Dobrotvirska TPP,0,0.0013,0.2003
UA46100050000053848,Жидачівська,Львівська,Стрийський,міська,49.3831172,24.1426813,18,178.4,17422,0.594248651130754,NA,NA,237.646054227761,96.2489906154862,1,0,0,0,630.6,False,2026-09-09,1,36,2026-08-29,0.8,oblast_cascade,,Dobrotvirska TPP,0,0.0013,0.2003
UA46100070000076013,Журавненська,Львівська,Стрийський,селищна,49.2577802,24.2858299,27,279.1,11607,0.284483501335401,NA,NA,253.012177541386,102.877585071634,NA,0,0,0,615.1,False,2026-09-09,1,36,2026-08-29,0.8,oblast_cascade,,Dobrotvirska TPP,0,0.0013,0.2003
UA46100090000076723,Козівська,Львівська,Стрийський,сільська,48.9502946,23.348357,24,420.9,11327,0,1,NA,284.309201298394,33.9381155958677,NA,0,0,0,664.3,False,2026-09-09,1,36,2026-08-29,0.8,oblast_cascade,,Dobrotvirska TPP,0,0.0013,0.2003
UA46100110000018989,Миколаївська,Львівська,Стрийський,міська,49.5253714,23.9788155,24,304.6,32934,0.440213760855043,NA,NA,220.539877413612,77.8879147471186,15,0,0,0,648.4,False,2026-09-09,1,36,2026-08-29,0.8,oblast_cascade,,Dobrotvirska TPP,0,0.0013,0.2003
UA46100130000048262,Моршинська,Львівська,Стрийський,міська,49.1536011,23.8700537,14,122.2,14148,0.393129770992366,NA,NA,261.178216744897,71.4185088855563,16,1,0,0,637.6,False,2026-09-09,1,36,2026-08-29,0.8,oblast_cascade,,Dobrotvirska TPP,0,0.0013,0.2003
UA46100150000087495,Новороздільська,Львівська,Стрийський,міська,49.4696071,24.1386133,10,100.8,36598,0.826110716432592,NA,NA,228.082649870291,90.7604801701171,16,0,0,0,635.3,False,2026-09-09,1,36,2026-08-29,0.8,oblast_cascade,,Dobrotvirska TPP,0,0.0013,0.2003
UA46100170000077437,Розвадівська,Львівська,Стрийський,сільська,49.5030978,23.9581902,9,107.1,11906,0,NA,NA,222.866363594212,78.1609725840143,NA,0,0,0,648.6,False,2026-09-09,1,36,2026-08-29,0.8,oblast_cascade,,Dobrotvirska TPP,0,0.0013,0.2003
UA46100190000081766,Сколівська,Львівська,Стрийський,міська,49.0378559,23.5140979,17,581.3,20024,0.465691170595286,1,NA,273.878708790401,45.2606990188326,10,1,0,0,656.5,False,2026-09-09,1,36,2026-08-29,0.8,oblast_cascade,,Dobrotvirska TPP,0,0.0013,0.2003
UA46100210000027970,Славська,Львівська,Стрийський,селищна,48.84487,23.44482,16,429.9,14063,0.251511057384626,1,NA,295.5475995661,44.2902779395197,1,1,0,0,653.7,False,2026-09-09,1,36,2026-08-29,0.8,oblast_cascade,,Dobrotvirska TPP,0,0.0013,0.2003
UA46100230000047305,Стрийська,Львівська,Стрийський,міська,49.255875,23.8530863,47,551.1,98378,0.627863953322897,NA,NA,249.757003610388,72.0770085271807,127,1,0,0,643.4,False,2026-09-09,1,36,2026-08-29,0.8,oblast_cascade,,Dobrotvirska TPP,0,0.0013,0.2003
UA46100250000088835,Тростянецька,Львівська,Стрийський,сільська,49.551479,23.992229,17,187.6,7891,0,NA,NA,217.748255086494,76.8269355090215,2,0,0,0,648.9,False,2026-09-09,1,36,2026-08-29,0.8,oblast_cascade,,Dobrotvirska TPP,0,0.0013,0.2003
UA46100270000094052,Ходорівська,Львівська,Стрийський,міська,49.4065802,24.3140241,44,333,24061,0.3721374838951,NA,NA,237.096606383078,105.072310050001,9,1,0,0,620.8,False,2026-09-09,1,36,2026-08-29,0.8,oblast_cascade,,Dobrotvirska TPP,0,0.0013,0.2003
UA46120010000054878,Белзька,Львівська,Червоноградський,міська,50.3823942,24.0127629,24,464.5,14466,0.216369417945527,NA,NA,126.468397203891,3.47915376444888,NA,0,0,0,695.5,False,2026-09-09,1,36,2026-08-29,0.8,oblast_cascade,,Dobrotvirska TPP,0,0.0013,0.2003
UA46120030000069375,Великомостівська,Львівська,Червоноградський,міська,50.240162,24.1385486,17,314.5,15903,0.395271332452996,NA,NA,143.794668405274,21.5845401502939,2,0,0,0,679.3,False,2026-09-09,1,36,2026-08-29,0.8,oblast_cascade,,Dobrotvirska TPP,0,0.0013,0.2003
UA46120050000027080,Добротвірська,Львівська,Червоноградський,селищна,50.2057172,24.3857048,20,199,11260,0.562966252220249,NA,NA,152.328259405871,35.8703646129465,0,0,0,0,662.6,False,2026-09-09,1,36,2026-08-29,0.8,oblast_cascade,,Dobrotvirska TPP,0,0.0013,0.2003
UA46120070000071541,Лопатинська,Львівська,Червоноградський,селищна,50.2205052,24.844945,28,410,12030,0.270906068162926,NA,NA,162.463588352805,62.6976639998199,1,0,0,0,636.9,False,2026-09-09,1,36,2026-08-29,0.8,oblast_cascade,,Dobrotvirska TPP,0,0.0013,0.2003
UA46120090000051307,Радехівська,Львівська,Червоноградський,міська,50.2808744,24.6397908,42,708.6,32895,0.294269645842833,NA,NA,151.336065481086,46.6439623325478,22,1,0,0,652.6,False,2026-09-09,1,36,2026-08-29,0.8,oblast_cascade,,Dobrotvirska TPP,0,0.0013,0.2003
UA46120110000062257,Сокальська,Львівська,Червоноградський,міська,50.4791313,24.2770538,60,676.5,51397,0.466661478296399,NA,NA,121.09760848719,14.8863305503449,32,1,0,0,686.4,False,2026-09-09,1,36,2026-08-29,0.8,oblast_cascade,,Dobrotvirska TPP,0,0.0013,0.2003
UA46120130000026331,Червоноградська,Львівська,Червоноградський,міська,50.3940701,24.239616,14,228.1,88151,0.882905469024742,NA,NA,129.183626735274,15.5881128439274,33,1,0,0,683.0,False,2026-09-09,1,36,2026-08-29,2,hosts_facility,Dobrotvirska TPP,Dobrotvirska TPP,0,0.0013,0.5003
UA46140010000081849,Івано-Франківська,Львівська,Яворівський,селищна,49.9220001,23.7311549,32,420.6,19582,0.324073128383209,NA,NA,175.400304924334,36.2341810523049,11,0,0,0,685.2,False,2026-09-09,1,36,2026-08-29,0.8,oblast_cascade,,Dobrotvirska TPP,0,0.0013,0.2003
UA46140030000023506,Мостиська,Львівська,Яворівський,міська,49.79235,23.147933,63,436.6,31700,0.287160883280757,NA,NA,193.221539732906,12.2345264042553,28,0,0,0,715.2,False,2026-09-09,1,36,2026-08-29,0.8,oblast_cascade,,Dobrotvirska TPP,0,0.0013,0.2003
UA46140050000054478,Новояворівська,Львівська,Яворівський,міська,49.9316152,23.5661291,22,273.4,51365,0.726506375936922,NA,NA,174.426229411141,26.7555393650666,51,0,0,0,696.0,False,2026-09-09,1,36,2026-08-29,0.8,oblast_cascade,,Dobrotvirska TPP,0,0.0013,0.2003
UA46140070000010135,Судововишнянська,Львівська,Яворівський,міська,49.7880934,23.3732553,19,142.7,12668,0.510735712030313,NA,NA,191.373197865983,25.4546977190068,4,0,0,0,700.5,False,2026-09-09,1,36,2026-08-29,0.8,oblast_cascade,,Dobrotvirska TPP,0,0.0013,0.2003
UA46140090000079730,Шегинівська,Львівська,Яворівський,сільська,49.801323,22.974361,30,265.2,10649,0,NA,NA,194.755430766346,0.968112417376886,1,0,0,0,726.7,False,2026-09-09,1,36,2026-08-29,0.8,oblast_cascade,,Dobrotvirska TPP,0,0.0013,0.2003
UA46140110000063568,Яворівська,Львівська,Яворівський,міська,49.9456001,23.3886319,82,834.7,51698,0.30740067314016,NA,NA,173.843622584963,15.7486166432972,48,1,0,0,707.8,False,2026-09-09,1,36,2026-08-29,0.8,oblast_cascade,,Dobrotvirska TPP,0,0.0013,0.2003
UA48020010000091496,Баштанська,Миколаївська,Баштанський,міська,47.4033486,32.4388921,26,760.3,21612,0.563575791227096,NA,NA,158.569879473826,312.796875500209,52,1,0,1,88.9,False,2026-09-09,121,821,2026-08-29,0,none,,,0,0.0361,0.0072
UA48020030000061219,Березнегуватська,Миколаївська,Баштанський,селищна,47.308722,32.8486739,41,1261.7,18734,0.387477313974592,NA,NA,133.779937589676,325.838248856164,1,0,0,1,65.9,False,2026-09-09,121,821,2026-08-29,0,none,,,0,0.0361,0.0072
UA48020050000023194,Вільнозапорізька,Миколаївська,Баштанський,сільська,47.5752739,32.6213011,22,365.6,5420,0,NA,NA,167.939957514833,336.003110632992,2,0,0,0,98.0,False,2026-09-09,121,821,2026-08-29,0,none,,,0,0.0361,0.0072
UA48020070000050731,Володимирівська,Миколаївська,Баштанський,сільська,47.5225573,32.923254,17,346.7,3292,0,NA,NA,153.442034662879,347.0224001236,NA,0,0,0,87.7,False,2026-09-09,121,821,2026-08-29,0,none,,,0,0.0361,0.0072
UA48020090000069919,Горохівська,Миколаївська,Баштанський,сільська,46.9581182,32.702749,19,300,7134,0,NA,NA,107.16606503524,290.803727540732,NA,0,0,1,31.5,False,2026-09-09,121,821,2026-08-29,0,none,,,0,0.0361,0.0072
UA48020110000020969,Інгульська,Миколаївська,Баштанський,сільська,47.2015936,32.2269428,15,477.6,8275,0,NA,NA,151.539970834949,285.686765684988,NA,0,0,1,78.5,False,2026-09-09,121,821,2026-08-29,0,none,,,0,0.0361,0.0072
UA48020130000080862,Казанківська,Миколаївська,Баштанський,селищна,47.835215,32.8241797,54,1000.3,14488,0.450234676974048,NA,NA,188.674904321387,367.323801710497,12,1,0,0,123.1,False,2026-09-09,121,821,2026-08-29,0,none,,,0,0.0361,0.0072
UA48020150000051082,Новобузька,Миколаївська,Баштанський,міська,47.6933814,32.5106596,12,452.1,18078,0.817678946786149,NA,NA,183.413625747596,339.828508469408,12,1,0,1,113.2,False,2026-09-09,121,821,2026-08-29,0,none,,,0,0.0361,0.0072
UA48020170000082529,Привільненська,Миколаївська,Баштанський,сільська,47.4937814,32.2971718,19,465.2,5568,0,NA,NA,172.937734952711,312.641442427975,NA,0,0,1,101.4,False,2026-09-09,121,821,2026-08-29,0,none,,,0,0.0361,0.0072
UA48020190000083597,Снігурівська,Миколаївська,Баштанський,міська,47.070721,32.7924643,23,634.4,22729,0.529939724580932,NA,NA,112.969609820686,304.282204563982,65,0,0,1,40.4,False,2026-09-09,121,821,2026-08-29,0,none,,,0,0.0361,0.0072
UA48020210000024814,Софіївська,Миколаївська,Баштанський,сільська,47.6870044,32.3720991,24,426.5,5541,0,NA,NA,187.839967611195,331.687564504866,NA,0,0,0,120.8,False,2026-09-09,121,821,2026-08-29,0,none,,,0,0.0361,0.0072
UA48020230000095751,Широківська,Миколаївська,Баштанський,сільська,47.09781,32.677599,7,216,3363,0,NA,NA,120.467496690736,300.08718266105,1,0,0,1,46.3,False,2026-09-09,121,821,2026-08-29,0,none,,,0,0.0361,0.0072
UA48040010000016403,Братська,Миколаївська,Вознесенський,селищна,47.8641873,31.5747875,34,706.5,11761,0.421137658362384,NA,NA,238.88790464893,279.600408846352,4,0,0,0,142.8,False,2026-09-09,121,821,2026-08-29,0,none,,,0,0.0361,0.0072
UA48040030000013036,Бузька,Миколаївська,Вознесенський,сільська,47.6150388,31.2029082,9,306.4,5218,0,NA,NA,232.07755466833,244.731389758198,NA,0,0,1,117.4,False,2026-09-09,121,821,2026-08-29,0,none,,,0,0.0361,0.0072
UA48040050000011284,Веселинівська,Миколаївська,Вознесенський,селищна,47.356307,31.2367979,44,975.9,17414,0.433846330538647,NA,NA,206.642310503072,239.586028297152,8,1,0,0,88.7,False,2026-09-09,121,821,2026-08-29,0,none,,,0,0.0361,0.0072
UA48040070000056126,Вознесенська,Миколаївська,Вознесенський,міська,47.5679582,31.3338636,3,95.8,34789,0.961280864641122,NA,NA,222.54755994331,252.89767771361,146,1,0,1,110.6,False,2026-09-09,121,821,2026-08-29,0,none,,,0,0.0361,0.0072
UA48040090000070960,Доманівська,Миколаївська,Вознесенський,селищна,47.6322253,30.9892003,31,729.7,14398,0.397833032365606,NA,NA,242.446366163443,229.91600274645,2,0,0,0,123.5,False,2026-09-09,121,821,2026-08-29,0,none,,,0,0.0361,0.0072
UA48040110000015580,Дорошівська,Миколаївська,Вознесенський,сільська,47.4729796,31.4672792,8,357.6,5349,0,NA,NA,208.418589264323,260.082221414081,NA,0,0,1,99.3,False,2026-09-09,121,821,2026-08-29,0,none,,,0,0.0361,0.0072
UA48040130000074078,Єланецька,Миколаївська,Вознесенський,селищна,47.696378,31.8489152,34,1018.1,14379,0.322414632450101,NA,NA,211.393374778732,293.809489501346,1,0,0,1,127.9,False,2026-09-09,121,821,2026-08-29,0,none,,,0,0.0361,0.0072
UA48040150000011861,Мостівська,Миколаївська,Вознесенський,сільська,47.418625,30.996822,18,428.2,4367,0,NA,NA,222.97824668841,224.538607574224,NA,0,0,0,101.1,False,2026-09-09,121,821,2026-08-29,0,none,,,0,0.0361,0.0072
UA48040170000057262,Новомар’ївська,Миколаївська,Вознесенський,сільська,48.0064483,31.4995082,26,422.4,4863,0,NA,NA,254.569220569461,280.053777748902,NA,1,0,0,158.5,False,2026-09-09,121,821,2026-08-29,0,none,,,0,0.0361,0.0072
UA48040190000026236,Олександрівська,Миколаївська,Вознесенський,селищна,47.6895064,31.2785396,8,288.2,8897,0.566483084185681,NA,NA,236.341975924335,252.49952347637,9,1,0,0,124.6,False,2026-09-09,121,821,2026-08-29,0,none,,,0,0.0361,0.0072
UA48040210000049987,Прибужанівська,Миколаївська,Вознесенський,сільська,47.529674,31.3240378,20,365.9,7551,0,NA,NA,219.250510679716,251.19398804309,21,0,0,1,106.5,False,2026-09-09,121,821,2026-08-29,0,none,,,0,0.0361,0.0072
UA48040230000012964,Прибузька,Миколаївська,Вознесенський,сільська,47.6717628,31.2352206,13,299.3,4931,0,NA,NA,236.242283077931,248.821907626663,1,1,0,0,123.1,False,2026-09-09,121,821,2026-08-29,0,none,,,0,0.0361,0.0072
UA48040250000044166,Южноукраїнська,Миколаївська,Вознесенський,міська,47.824269,31.1786814,5,158.7,41625,0.978114114114114,NA,NA,253.063381962993,250.314718814304,68,1,0,0,140.6,False,2026-09-09,121,821,2026-08-29,0,none,,,0,0.0361,0.0072
UA48060010000061913,Березанська,Миколаївська,Миколаївський,селищна,46.8544054,31.3874915,35,896.5,13492,0.296471983397569,NA,1,155.836609831843,213.809066723882,4,0,0,0,31.9,False,2026-09-09,121,821,2026-08-29,0,none,,,0,0.0361,0.0072
UA48060030000055210,Веснянська,Миколаївська,Миколаївський,сільська,46.9796589,31.8829166,17,352.7,8584,0,NA,1,145.230646058853,249.809616406822,6,0,0,1,49.0,False,2026-09-09,121,821,2026-08-29,0,none,,,0,0.0361,0.0072
UA48060050000074873,Воскресенська,Миколаївська,Миколаївський,селищна,47.0171096,32.1465767,9,329.9,14792,0.314967550027042,NA,NA,140.804567206803,266.127426038329,NA,0,0,1,57.7,False,2026-09-09,121,821,2026-08-29,0,none,,,0,0.0361,0.0072
UA48060070000087404,Галицинівська,Миколаївська,Миколаївський,сільська,46.8060632,31.9802864,6,311.1,7385,0,NA,1,124.755360819835,240.114677384358,NA,0,0,1,32.5,False,2026-09-09,121,821,2026-08-29,0,none,,,0,0.0361,0.0072
UA48060090000097375,Коблівська,Миколаївська,Миколаївський,сільська,46.6612599,31.2085145,12,428.4,7670,0,NA,1,145.68489011787,188.692462218854,9,0,0,0,25.0,False,2026-09-09,121,821,2026-08-29,0,none,,,0,0.0361,0.0072
UA48060110000055792,Костянтинівська,Миколаївська,Миколаївський,сільська,47.095007,31.9184045,11,446.4,9522,0,NA,NA,155.474364456966,260.787407138637,NA,0,0,1,62.1,False,2026-09-09,121,821,2026-08-29,0,none,,,0,0.0361,0.0072
UA48060130000035572,Куцурубська,Миколаївська,Миколаївський,сільська,46.6529086,31.6211184,12,533.9,7458,0,NA,1,127.433682988962,209.453832893676,NA,0,0,1,12.5,False,2026-09-09,121,821,2026-08-29,0,none,,,0,0.0361,0.0072
UA48060150000071713,Миколаївська,Миколаївська,Миколаївський,міська,46.9758615,31.9939666,1,248.7,470011,1,NA,NA,141.049168249297,255.219280147592,711,0,0,1,51.4,False,2026-09-09,121,821,2026-08-29,0,none,,,0,0.0361,0.0072
UA48060170000025778,Мішково-Погорілівська,Миколаївська,Миколаївський,сільська,46.9981588,32.1172962,7,172.5,7063,0,NA,NA,139.620207719347,263.084734199072,1,1,0,1,55.5,False,2026-09-09,121,821,2026-08-29,0,none,,,0,0.0361,0.0072
UA48060190000070297,Нечаянська,Миколаївська,Миколаївський,сільська,46.9428387,31.5534457,13,253.5,4176,0,NA,1,155.39277045133,229.528427540706,NA,0,0,1,40.4,False,2026-09-09,121,821,2026-08-29,0,none,,,0,0.0361,0.0072
UA48060210000081533,Новоодеська,Миколаївська,Миколаївський,міська,47.310996,31.7739735,16,617.5,17209,0.668836074147249,NA,NA,181.85133439756,271.525423904987,46,0,0,0,84.9,False,2026-09-09,121,821,2026-08-29,0,none,,,0,0.0361,0.0072
UA48060230000098265,Ольшанська,Миколаївська,Миколаївський,селищна,47.18486,31.793865,13,247.1,8942,0.40058152538582,NA,NA,168.582595603184,261.749981998117,25,0,0,0,70.9,False,2026-09-09,121,821,2026-08-29,0,none,,,0,0.0361,0.0072
UA48060250000061313,Очаківська,Миколаївська,Миколаївський,міська,46.6145957,31.5452994,4,295,14346,0.952390910358288,NA,1,126.77882534453,202.520222298978,103,0,0,1,4.5,False,2026-09-09,121,821,2026-08-29,0,none,,,1,0.0361,0.0572
UA48060270000044708,Первомайська,Миколаївська,Миколаївський,селищна,47.039509,32.439911,11,377,9225,0.285962059620596,NA,NA,127.401430265911,282.844515886817,1,0,0,1,50.1,False,2026-09-09,121,821,2026-08-29,0,none,,,0,0.0361,0.0072
UA48060290000080246,Радсадівська,Миколаївська,Миколаївський,сільська,46.8991228,31.9863616,6,168.3,4060,0,NA,1,133.648869788379,248.259470034454,NA,0,0,1,42.8,False,2026-09-09,121,821,2026-08-29,0,none,,,0,0.0361,0.0072
UA48060310000084930,Степівська,Миколаївська,Миколаївський,сільська,47.1898851,31.5182939,16,787,8756,0,NA,NA,179.421852922422,249.020204140211,NA,0,0,0,67.7,False,2026-09-09,121,821,2026-08-29,0,none,,,0,0.0361,0.0072
UA48060330000083035,Сухоєланецька,Миколаївська,Миколаївський,сільська,47.3684734,31.9874081,15,368.7,4743,0,NA,NA,177.437977124522,286.740343006928,NA,0,0,1,92.9,False,2026-09-09,121,821,2026-08-29,0,none,,,0,0.0361,0.0072
UA48060350000011218,Чорноморська,Миколаївська,Миколаївський,сільська,46.649658,31.506041,13,339.9,5214,0,NA,1,131.667490153423,203.735530219869,NA,0,0,0,7.7,False,2026-09-09,121,821,2026-08-29,0,none,,,1,0.0361,0.0572
UA48060370000016130,Шевченківська,Миколаївська,Миколаївський,сільська,46.862518,32.191662,21,515.8,14184,0,NA,NA,123.516864544718,255.598018776714,0,0,0,1,40.8,False,2026-09-09,121,821,2026-08-29,0,none,,,0,0.0361,0.0072
UA48080010000048763,Арбузинська,Миколаївська,Первомайський,селищна,47.9076,31.31516,13,429.3,10046,0.592673700975513,NA,NA,255.521090348661,263.176152894654,NA,1,0,0,148.3,False,2026-09-09,121,821,2026-08-29,0,none,,,0,0.0361,0.0072
UA48080030000050927,Благодатненська,Миколаївська,Первомайський,сільська,47.9922978,31.1428235,12,403.4,5580,0,NA,NA,270.758412419935,255.156149373631,NA,0,0,0,159.4,False,2026-09-09,121,821,2026-08-29,0,none,,,0,0.0361,0.0072
UA48080050000053070,Врадіївська,Миколаївська,Первомайський,селищна,47.8594344,30.5891291,37,800.6,16309,0.489668281317064,NA,NA,280.458965654643,211.584906830636,1,1,0,0,158.4,False,2026-09-09,121,821,2026-08-29,0,none,,,0,0.0361,0.0072
UA48080070000061107,Кам’яномостівська,Миколаївська,Первомайський,сільська,47.9651969,30.8156629,15,328.8,7199,0,NA,NA,280.440223717418,231.963938610689,NA,0,0,0,162.7,False,2026-09-09,121,821,2026-08-29,0,none,,,0,0.0361,0.0072
UA48080090000029942,Кривоозерська,Миколаївська,Первомайський,селищна,47.9532217,30.3425878,27,814.2,23090,0.314508445214379,NA,NA,299.984731652927,200.633890350123,NA,0,0,0,176.3,False,2026-09-09,121,821,2026-08-29,0,none,,,0,0.0361,0.0072
UA48080110000010732,Мигіївська,Миколаївська,Первомайський,сільська,48.0380198,30.9538321,13,391.1,8087,0,NA,NA,282.004638049395,244.819371909204,NA,0,0,0,167.4,False,2026-09-09,121,821,2026-08-29,0,none,,,0,0.0361,0.0072
UA48080130000028458,Первомайська,Миколаївська,Первомайський,міська,48.045745,30.8475997,7,282,69256,0.9324246274691,NA,NA,286.772165275016,238.269612537788,86,0,0,0,170.4,False,2026-09-09,121,821,2026-08-29,0,none,,,0,0.0361,0.0072
UA48080150000083195,Синюхинобрідська,Миколаївська,Первомайський,сільська,48.1445873,30.8173556,17,343.1,5646,0,NA,NA,297.350622312602,241.841928905456,NA,0,0,0,181.6,False,2026-09-09,121,821,2026-08-29,0,none,,,0,0.0361,0.0072
UA51020010000012094,Андрієво-Іванівська,Одеська,Березівський,сільська,47.5002542,30.4616331,12,306.5,5156,0,NA,NA,254.280961267543,187.76303940588,NA,0,0,0,129.6,False,2026-09-09,99,496,2026-08-29,0.8,oblast_cascade,,Odesa DTEK thermal site,0,0.0217,0.2043
UA51020030000095942,Березівська,Одеська,Березівський,міська,47.2016391,30.908595,27,686.9,16328,0.577413032827046,NA,NA,207.802604361303,211.021183553506,NA,0,0,0,82.9,False,2026-09-09,99,496,2026-08-29,0.8,oblast_cascade,,Odesa DTEK thermal site,0,0.0217,0.2043
UA51020050000075980,Великобуялицька,Одеська,Березівський,сільська,46.942238,30.648479,3,165.9,5980,0.741638795986622,NA,NA,197.065536763068,185.826647549044,NA,0,0,0,77.3,False,2026-09-09,99,496,2026-08-29,0.8,oblast_cascade,,Odesa DTEK thermal site,0,0.0217,0.2043
UA51020070000019684,Знам’янська,Одеська,Березівський,сільська,47.0215772,30.2837704,17,411,8311,0.180002406449284,NA,NA,222.634791625283,160.286566128837,NA,0,0,0,105.7,False,2026-09-09,99,496,2026-08-29,0.8,oblast_cascade,,Odesa DTEK thermal site,0,0.0217,0.2043
UA51020090000073639,Іванівська,Одеська,Березівський,селищна,46.9824413,30.4628447,19,431.4,8034,0.294000497883993,NA,NA,209.969393250305,172.688968464759,NA,0,0,0,91.7,False,2026-09-09,99,496,2026-08-29,0.8,oblast_cascade,,Odesa DTEK thermal site,0,0.0217,0.2043
UA51020110000041005,Коноплянська,Одеська,Березівський,сільська,47.037708,30.479984,20,445,6245,0,NA,NA,213.529376557361,175.189785055535,NA,0,0,0,93.7,False,2026-09-09,99,496,2026-08-29,0.8,oblast_cascade,,Odesa DTEK thermal site,0,0.0217,0.2043
UA51020130000060117,Курісовська,Одеська,Березівський,сільська,46.9701466,30.9616421,8,257.6,8379,0,NA,NA,184.403709442052,204.771405712153,NA,0,0,0,60.3,False,2026-09-09,99,496,2026-08-29,0.8,oblast_cascade,,Odesa DTEK thermal site,0,0.0217,0.2043
UA51020150000090298,Миколаївська,Одеська,Березівський,селищна,47.5366356,30.754709,23,537,7050,0.365248226950355,NA,NA,244.613967630913,210.008522756027,NA,0,0,0,120.8,False,2026-09-09,99,496,2026-08-29,0.8,oblast_cascade,,Odesa DTEK thermal site,0,0.0217,0.2043
UA51020170000041393,Новокальчевська,Одеська,Березівський,сільська,47.1965603,31.0341137,12,434,3942,0,NA,NA,202.166685441598,220.057820916571,NA,0,0,0,77.6,False,2026-09-09,99,496,2026-08-29,0.8,oblast_cascade,,Odesa DTEK thermal site,0,0.0217,0.2043
UA51020190000074479,Петровірівська,Одеська,Березівський,сільська,47.237431,30.326731,10,293.3,4776,0,NA,NA,237.770970840262,170.356336994079,NA,0,0,0,116.0,False,2026-09-09,99,496,2026-08-29,0.8,oblast_cascade,,Odesa DTEK thermal site,0,0.0217,0.2043
UA51020210000019597,Раухівська,Одеська,Березівський,селищна,47.1691588,30.8145604,11,280.8,7750,0.338838709677419,NA,NA,208.863202484203,203.227912719965,NA,0,0,0,84.3,False,2026-09-09,99,496,2026-08-29,0.8,oblast_cascade,,Odesa DTEK thermal site,0,0.0217,0.2043
UA51020230000068053,Розквітівська,Одеська,Березівський,сільська,47.122082,30.61581,14,236.8,4031,0,NA,NA,213.844398943161,187.365169769667,NA,0,0,0,91.0,False,2026-09-09,99,496,2026-08-29,0.8,oblast_cascade,,Odesa DTEK thermal site,0,0.0217,0.2043
UA51020250000084082,Старомаяківська,Одеська,Березівський,сільська,47.346951,30.30682,18,305.2,4452,0,NA,NA,247.988733105916,172.079417268743,NA,0,0,0,125.1,False,2026-09-09,99,496,2026-08-29,0.8,oblast_cascade,,Odesa DTEK thermal site,0,0.0217,0.2043
UA51020270000068435,Стрюківська,Одеська,Березівський,сільська,47.37912,30.582382,11,248.5,2744,0,NA,NA,238.045378372951,193.112645533376,NA,0,0,0,113.4,False,2026-09-09,99,496,2026-08-29,0.8,oblast_cascade,,Odesa DTEK thermal site,0,0.0217,0.2043
UA51020290000017926,Чогодарівська,Одеська,Березівський,сільська,47.374702,30.068394,9,181.3,2057,0,NA,NA,262.150826737478,155.443769357975,NA,0,0,0,140.7,False,2026-09-09,99,496,2026-08-29,0.8,oblast_cascade,,Odesa DTEK thermal site,0,0.0217,0.2043
UA51020310000020019,Ширяївська,Одеська,Березівський,селищна,47.3843482,30.1895219,12,324.9,9734,0.649886994041504,NA,NA,256.879322658364,164.520888310976,NA,0,0,0,134.4,False,2026-09-09,99,496,2026-08-29,0.8,oblast_cascade,,Odesa DTEK thermal site,0,0.0217,0.2043
UA51040010000016896,Білгород-Дністровська,Одеська,Білгород-Дністровський,міська,46.1909823,30.345784,1,19.6,47727,1,NA,1,165.447579986199,106.580825912284,96,1,0,0,91.1,False,2026-09-09,99,496,2026-08-29,0.8,oblast_cascade,,Odesa DTEK thermal site,0,0.0217,0.2043
UA51040030000095700,Дивізійська,Одеська,Білгород-Дністровський,сільська,45.9442525,29.9743896,11,347.7,5608,0,NA,1,182.024334063894,68.0247137199833,NA,0,0,0,125.9,False,2026-09-09,99,496,2026-08-29,0.8,oblast_cascade,,Odesa DTEK thermal site,0,0.0217,0.2043
UA51040050000073907,Кароліно-Бугазька,Одеська,Білгород-Дністровський,сільська,46.1458339,30.5255473,2,21.7,4764,0.413937867338371,NA,1,150.841091949021,111.065354383515,NA,1,0,0,78.5,False,2026-09-09,99,496,2026-08-29,0.8,oblast_cascade,,Odesa DTEK thermal site,0,0.0217,0.2043
UA51040070000074000,Кулевчанська,Одеська,Білгород-Дністровський,сільська,46.0345974,29.9333659,4,211.8,5681,0,NA,NA,188.069328320761,75.6525691583153,NA,1,0,0,125.9,False,2026-09-09,99,496,2026-08-29,0.8,oblast_cascade,,Odesa DTEK thermal site,0,0.0217,0.2043
UA51040090000096249,Лиманська,Одеська,Білгород-Дністровський,сільська,45.673229,29.741247,6,205.4,4531,0,NA,1,193.686040505814,32.9273938562239,NA,0,0,0,154.8,False,2026-09-09,99,496,2026-08-29,0.8,oblast_cascade,,Odesa DTEK thermal site,0,0.0217,0.2043
UA51040110000040346,Маразліївська,Одеська,Білгород-Дністровський,сільська,46.107672,30.0520305,9,296.1,6581,0,NA,1,182.258142535462,86.8914591293516,NA,0,0,0,115.0,False,2026-09-09,99,496,2026-08-29,0.8,oblast_cascade,,Odesa DTEK thermal site,0,0.0217,0.2043
UA51040130000049323,Мологівська,Одеська,Білгород-Дністровський,сільська,46.228905,30.21216,8,207.9,12922,0,NA,NA,176.52878162616,104.601731438986,NA,0,0,0,100.7,False,2026-09-09,99,496,2026-08-29,0.8,oblast_cascade,,Odesa DTEK thermal site,0,0.0217,0.2043
UA51040150000087491,Петропавлівська,Одеська,Білгород-Дністровський,сільська,46.340572,29.566586,8,276.9,7677,0,NA,NA,226.705159591239,100.41090125457,NA,0,0,0,149.3,False,2026-09-09,99,496,2026-08-29,0.8,oblast_cascade,,Odesa DTEK thermal site,0,0.0217,0.2043
UA51040170000036391,Плахтіївська,Одеська,Білгород-Дністровський,сільська,46.094894,29.715511,8,310.3,8177,0,NA,NA,206.136077008308,75.8449750128465,NA,0,0,0,140.7,False,2026-09-09,99,496,2026-08-29,0.8,oblast_cascade,,Odesa DTEK thermal site,0,0.0217,0.2043
UA51040190000058077,Саратська,Одеська,Білгород-Дністровський,селищна,46.0220664,29.6648751,11,451.7,16457,0.252719207632011,NA,NA,207.407150058187,66.9703206436092,3,1,0,0,146.3,False,2026-09-09,99,496,2026-08-29,0.8,oblast_cascade,,Odesa DTEK thermal site,0,0.0217,0.2043
UA51040210000057879,Сергіївська,Одеська,Білгород-Дністровський,селищна,46.02756,30.37273,8,149.5,9317,0.563271439304497,NA,1,155.982502362614,93.4076889430681,1,0,0,0,93.8,False,2026-09-09,99,496,2026-08-29,0.8,oblast_cascade,,Odesa DTEK thermal site,0,0.0217,0.2043
UA51040230000018414,Старокозацька,Одеська,Білгород-Дністровський,сільська,46.337597,29.986652,18,556.7,18127,0,NA,NA,197.447968044676,108.453548640987,1,0,0,0,117.1,False,2026-09-09,99,496,2026-08-29,0.8,oblast_cascade,,Odesa DTEK thermal site,0,0.0217,0.2043
UA51040250000099866,Татарбунарська,Одеська,Білгород-Дністровський,міська,45.8398696,29.6166537,10,616,23824,0.454835460040296,NA,1,206.18236504499,46.5048698815042,6,0,0,0,155.9,False,2026-09-09,99,496,2026-08-29,0.8,oblast_cascade,,Odesa DTEK thermal site,0,0.0217,0.2043
UA51040270000028361,Тузлівська,Одеська,Білгород-Дністровський,сільська,45.871349,30.08778,8,124.8,3468,0,NA,1,171.415791064554,66.0758126754173,NA,0,0,0,120.9,False,2026-09-09,99,496,2026-08-29,0.8,oblast_cascade,,Odesa DTEK thermal site,0,0.0217,0.2043
UA51040290000011852,Успенівська,Одеська,Білгород-Дністровський,сільська,46.18755,29.86153,8,292,6976,0,NA,NA,199.198159209125,89.3403700245125,NA,0,0,0,128.1,False,2026-09-09,99,496,2026-08-29,0.8,oblast_cascade,,Odesa DTEK thermal site,0,0.0217,0.2043
UA51040310000071545,Шабівська,Одеська,Білгород-Дністровський,сільська,46.128258,30.386766,14,279.6,14781,0,NA,1,159.519932703373,102.783608219729,6,0,0,0,89.4,False,2026-09-09,99,496,2026-08-29,0.8,oblast_cascade,,Odesa DTEK thermal site,0,0.0217,0.2043
UA51060010000033212,Арцизька,Одеська,Болградський,міська,45.9962017,29.431517,13,762.5,31102,0.461545881293807,NA,NA,224.027433925331,61.4233915667946,2,1,0,0,164.5,False,2026-09-09,99,496,2026-08-29,0.8,oblast_cascade,,Odesa DTEK thermal site,0,0.0217,0.2043
UA51060030000044366,Болградська,Одеська,Болградський,міська,45.6779137,28.6132404,7,295.5,25730,0.575903614457831,NA,NA,280.940161121219,34.3019218322118,17,0,0,0,235.2,False,2026-09-09,99,496,2026-08-29,0.8,oblast_cascade,,Odesa DTEK thermal site,0,0.0217,0.2043
UA51060050000061243,Бородінська,Одеська,Болградський,селищна,46.3023788,29.2422721,34,933.3,16841,0.0881182827623063,NA,NA,248.187328222461,76.7352631512284,NA,0,0,0,174.3,False,2026-09-09,99,496,2026-08-29,0.8,oblast_cascade,,Odesa DTEK thermal site,0,0.0217,0.2043
UA51060070000052726,Василівська,Одеська,Болградський,сільська,45.6429124,28.8324547,6,406.4,11403,0,NA,NA,263.661205829714,34.1217364835973,NA,0,0,0,220.5,False,2026-09-09,99,496,2026-08-29,0.8,oblast_cascade,,Odesa DTEK thermal site,0,0.0217,0.2043
UA51060090000014997,Городненська,Одеська,Болградський,сільська,45.893669,28.85216,4,297.6,14551,0,NA,NA,265.485583075201,55.4624250080654,NA,0,0,0,210.7,False,2026-09-09,99,496,2026-08-29,0.8,oblast_cascade,,Odesa DTEK thermal site,0,0.0217,0.2043
UA51060110000077844,Криничненська,Одеська,Болградський,сільська,45.5372689,28.6663677,3,97.2,4239,0,NA,NA,276.005547492076,24.6942183519741,NA,0,0,0,236.9,False,2026-09-09,99,496,2026-08-29,0.8,oblast_cascade,,Odesa DTEK thermal site,0,0.0217,0.2043
UA51060130000042133,Кубейська,Одеська,Болградський,сільська,45.7907985,28.7440113,3,270.7,9360,0,NA,NA,272.102118988667,45.1752591091969,NA,0,0,0,221.8,False,2026-09-09,99,496,2026-08-29,0.8,oblast_cascade,,Odesa DTEK thermal site,0,0.0217,0.2043
UA51060150000016544,Павлівська,Одеська,Болградський,сільська,45.962959,29.491703,8,288.3,5052,0,NA,NA,218.609668619963,58.0599813464519,NA,0,0,0,160.9,False,2026-09-09,99,496,2026-08-29,0.8,oblast_cascade,,Odesa DTEK thermal site,0,0.0217,0.2043
UA51060170000068967,Тарутинська,Одеська,Болградський,селищна,46.1821786,29.151948,16,872.9,20675,0.52130592503023,NA,NA,250.428483370167,73.7292544372256,1,0,0,0,182.3,False,2026-09-09,99,496,2026-08-29,0.8,oblast_cascade,,Odesa DTEK thermal site,0,0.0217,0.2043
UA51060190000067242,Теплицька,Одеська,Болградський,сільська,45.98534,29.33762,5,265.4,5424,0,NA,NA,230.765649861054,59.714590654704,NA,1,0,0,171.8,False,2026-09-09,99,496,2026-08-29,0.8,oblast_cascade,,Odesa DTEK thermal site,0,0.0217,0.2043
UA51080010000087690,Вилківська,Одеська,Ізмаїльський,міська,45.40306,29.58309,5,585.9,12612,0.611481129083413,NA,1,204.425654634082,0.915615859163836,3,0,0,0,180.5,False,2026-09-09,99,496,2026-08-29,0.8,oblast_cascade,,Odesa DTEK thermal site,0,0.0217,0.2043
UA51080030000048246,Ізмаїльська,Одеська,Ізмаїльський,міська,45.3511307,28.8361514,1,50.4,69932,1,NA,NA,262.909963119741,2.16727355715231,39,1,0,0,233.9,False,2026-09-09,99,496,2026-08-29,0.8,oblast_cascade,,Odesa DTEK thermal site,0,0.0217,0.2043
UA51080050000022808,Кілійська,Одеська,Ізмаїльський,міська,45.4409767,29.2652788,11,713.7,33158,0.565323602147295,NA,1,229.177950437583,1.08057747033742,3,0,0,0,199.7,False,2026-09-09,99,496,2026-08-29,0.8,oblast_cascade,,Odesa DTEK thermal site,0,0.0217,0.2043
UA51080070000040493,Ренійська,Одеська,Ізмаїльський,міська,45.455413,28.2790948,8,521.4,35156,0.504494254181363,NA,NA,306.098730200634,0.762756256978393,69,0,0,0,268.3,False,2026-09-09,99,496,2026-08-29,0.8,oblast_cascade,,Odesa DTEK thermal site,0,0.0217,0.2043
UA51080090000065506,Саф’янівська,Одеська,Ізмаїльський,сільська,45.4029271,28.8768576,19,995.1,42091,0,NA,NA,259.549156920784,8.73516928663278,0,0,0,0,228.4,False,2026-09-09,99,496,2026-08-29,0.8,oblast_cascade,,Odesa DTEK thermal site,0,0.0217,0.2043
UA51080110000079212,Суворовська,Одеська,Ізмаїльський,селищна,45.5811117,28.9879186,7,370.9,11796,0.385554425228891,NA,NA,251.176749168461,24.2414692388352,NA,1,0,0,212.0,False,2026-09-09,99,496,2026-08-29,0.8,oblast_cascade,,Odesa DTEK thermal site,0,0.0217,0.2043
UA51100010000023950,Авангардівська,Одеська,Одеський,селищна,46.471085,30.613808,5,69.6,20324,0.491537098996261,NA,1,163.731719987777,143.899579423269,8,0,0,0,69.7,False,2026-09-09,99,496,2026-08-29,0.8,oblast_cascade,,Odesa DTEK thermal site,0,0.0217,0.2043
UA51100030000027628,Біляївська,Одеська,Одеський,міська,46.4826109,30.2014161,7,398.7,22596,0.546778190830235,NA,NA,190.702187480527,129.559918957752,41,0,0,0,100.7,False,2026-09-09,99,496,2026-08-29,0.8,oblast_cascade,,Odesa DTEK thermal site,0,0.0217,0.2043
UA51100050000066202,Великодальницька,Одеська,Одеський,сільська,46.476292,30.559851,3,146.6,12269,0,NA,1,167.416140891362,142.039360718815,1,0,0,0,73.6,False,2026-09-09,99,496,2026-08-29,0.8,oblast_cascade,,Odesa DTEK thermal site,0,0.0217,0.2043
UA51100070000063635,Великодолинська,Одеська,Одеський,селищна,46.3467158,30.5759542,2,126.2,16970,0.825692398350029,NA,1,158.332037487582,130.958752250337,4,1,0,0,71.8,False,2026-09-09,99,496,2026-08-29,0.8,oblast_cascade,,Odesa DTEK thermal site,0,0.0217,0.2043
UA51100090000094901,Вигодянська,Одеська,Одеський,сільська,46.614494,30.39809,15,289.6,12106,0,NA,NA,186.491582611136,149.175395209365,2,0,0,0,85.2,False,2026-09-09,99,496,2026-08-29,0.8,oblast_cascade,,Odesa DTEK thermal site,0,0.0217,0.2043
UA51100110000098468,Визирська,Одеська,Одеський,сільська,46.696785,30.997566,19,419.1,9835,0,NA,1,159.013947810117,181.447678952345,NA,0,0,0,41.4,False,2026-09-09,99,496,2026-08-29,0.8,oblast_cascade,,Odesa DTEK thermal site,0,0.0217,0.2043
UA51100130000021533,Дальницька,Одеська,Одеський,сільська,46.2250393,30.531351,9,214,14304,0,NA,1,154.51273913359,118.115448970919,1,0,0,0,76.5,False,2026-09-09,99,496,2026-08-29,0.8,oblast_cascade,,Odesa DTEK thermal site,0,0.0217,0.2043
UA51100150000090671,Дачненська,Одеська,Одеський,сільська,46.577221,30.54817,8,174.9,10561,0,NA,NA,174.887899492129,151.043607432875,0,0,0,0,73.6,False,2026-09-09,99,496,2026-08-29,0.8,oblast_cascade,,Odesa DTEK thermal site,0,0.0217,0.2043
UA51100170000087238,Доброславська,Одеська,Одеський,селищна,46.8193867,30.943207,17,313.9,15210,0.446482577251808,NA,NA,172.075679554079,190.046554387507,NA,0,0,0,51.0,False,2026-09-09,99,496,2026-08-29,0.8,oblast_cascade,,Odesa DTEK thermal site,0,0.0217,0.2043
UA51100190000060999,Красносільська,Одеська,Одеський,сільська,46.623569,30.77614,14,294.6,12898,0,NA,1,164.995387766332,164.910310098862,4,0,0,0,56.4,False,2026-09-09,99,496,2026-08-29,0.8,oblast_cascade,,Odesa DTEK thermal site,0,0.0217,0.2043
UA51100210000074534,Маяківська,Одеська,Одеський,сільська,46.413799,30.26836,5,149.7,12433,0,NA,1,182.385827955544,124.774131175791,NA,0,0,0,95.6,False,2026-09-09,99,496,2026-08-29,0.8,oblast_cascade,,Odesa DTEK thermal site,0,0.0217,0.2043
UA51100230000045500,Нерубайська,Одеська,Одеський,сільська,46.544624,30.629803,5,97.5,12712,0,NA,1,167.747106751874,151.331122962927,4,0,0,0,67.5,False,2026-09-09,99,496,2026-08-29,0.8,oblast_cascade,,Odesa DTEK thermal site,0,0.0217,0.2043
UA51100250000055079,Овідіопольська,Одеська,Одеський,селищна,46.2473734,30.4448614,3,238.4,15365,0.742401561991539,NA,1,161.55808945161,116.1116931077,NA,0,0,0,82.7,False,2026-09-09,99,496,2026-08-29,0.8,oblast_cascade,,Odesa DTEK thermal site,0,0.0217,0.2043
UA51100270000073549,Одеська,Одеська,Одеський,міська,46.4843023,30.7322878,1,161.2,1010537,1,NA,1,157.433689881075,150.382996934063,1327,1,0,0,60.5,False,2026-09-09,99,496,2026-08-29,2,hosts_facility,Odesa DTEK thermal site,Odesa DTEK thermal site,0,0.0217,0.5043
UA51100290000027993,Таїровська,Одеська,Одеський,селищна,46.367195,30.651262,4,39.1,14719,0.270466743664651,NA,1,154.738417364145,136.243303435975,13,0,0,0,66.0,False,2026-09-09,99,496,2026-08-29,0.8,oblast_cascade,,Odesa DTEK thermal site,0,0.0217,0.2043
UA51100310000010196,Теплодарська,Одеська,Одеський,міська,46.5050729,30.3272329,1,7.7,9958,1,NA,NA,183.901176146447,135.868430403301,3,0,0,0,90.9,False,2026-09-09,99,496,2026-08-29,0.8,oblast_cascade,,Odesa DTEK thermal site,0,0.0217,0.2043
UA51100330000051757,Усатівська,Одеська,Одеський,сільська,46.537399,30.654261,15,253.5,15016,0,NA,1,165.783473096841,151.718503434348,NA,0,0,0,65.7,False,2026-09-09,99,496,2026-08-29,0.8,oblast_cascade,,Odesa DTEK thermal site,0,0.0217,0.2043
UA51100350000087099,Фонтанська,Одеська,Одеський,сільська,46.570198,30.858065,7,90,18170,0,NA,1,156.370625072559,163.796071389031,29,0,0,0,49.9,False,2026-09-09,99,496,2026-08-29,0.8,oblast_cascade,,Odesa DTEK thermal site,0,0.0217,0.2043
UA51100370000040590,Чорноморська,Одеська,Одеський,міська,46.3020943,30.653466,4,26.5,70723,0.92583742205506,NA,1,150.6545063285,130.682801090357,44,0,0,0,66.1,False,2026-09-09,99,496,2026-08-29,0.8,oblast_cascade,,Odesa DTEK thermal site,0,0.0217,0.2043
UA51100390000087217,Чорноморська,Одеська,Одеський,селищна,46.5849122,30.9334115,2,43.5,7905,0.887539531941809,NA,1,153.33483410491,168.623085427001,NA,0,0,0,44.2,False,2026-09-09,99,496,2026-08-29,0.8,oblast_cascade,,Odesa DTEK thermal site,0,0.0217,0.2043
UA51100410000059549,Южненська,Одеська,Одеський,міська,46.6225029,31.0994897,7,107.5,35276,0.931483161356163,NA,1,147.674741323506,179.949100846208,55,0,0,0,31.9,False,2026-09-09,99,496,2026-08-29,0.8,oblast_cascade,,Odesa DTEK thermal site,0,0.0217,0.2043
UA51100430000081326,Яськівська,Одеська,Одеський,сільська,46.517139,30.07576,2,216.3,8603,0,NA,NA,200.92649576787,129.492528683044,NA,0,0,0,110.0,False,2026-09-09,99,496,2026-08-29,0.8,oblast_cascade,,Odesa DTEK thermal site,0,0.0217,0.2043
UA51120010000025020,Ананьївська,Одеська,Подільський,міська,47.7178669,29.9601889,30,832,21632,0.352533284023669,NA,NA,296.352006721924,162.715640592306,4,0,0,0,172.6,False,2026-09-09,99,496,2026-08-29,0.8,oblast_cascade,,Odesa DTEK thermal site,0,0.0217,0.2043
UA51120030000075494,Балтська,Одеська,Подільський,міська,47.9363162,29.6225979,34,1041.8,33252,0.5369301094671,NA,NA,331.135202972518,155.772484737412,5,1,0,0,207.5,False,2026-09-09,99,496,2026-08-29,0.8,oblast_cascade,,Odesa DTEK thermal site,0,0.0217,0.2043
UA51120050000071748,Долинська,Одеська,Подільський,сільська,47.528999,29.910505,8,304.6,3915,0,NA,NA,282.827269692001,149.988347895282,NA,0,0,0,160.8,False,2026-09-09,99,496,2026-08-29,0.8,oblast_cascade,,Odesa DTEK thermal site,0,0.0217,0.2043
UA51120070000097161,Зеленогірська,Одеська,Подільський,селищна,47.875671,30.09705,12,265.7,7320,0.193579234972678,NA,NA,304.0997890178,180.558471544902,NA,0,0,0,179.3,False,2026-09-09,99,496,2026-08-29,0.8,oblast_cascade,,Odesa DTEK thermal site,0,0.0217,0.2043
UA51120090000035170,Кодимська,Одеська,Подільський,міська,48.1047445,29.1285642,21,703,24102,0.348684756451747,NA,NA,364.21033883714,136.343299953449,12,1,0,0,247.0,False,2026-09-09,99,496,2026-08-29,0.8,oblast_cascade,,Odesa DTEK thermal site,0,0.0217,0.2043
UA51120110000047677,Куяльницька,Одеська,Подільський,сільська,47.728851,29.562288,58,916.5,21319,0,NA,NA,316.853276374268,138.277272763538,1,0,0,0,195.1,False,2026-09-09,99,496,2026-08-29,0.8,oblast_cascade,,Odesa DTEK thermal site,0,0.0217,0.2043
UA51120130000064324,Любашівська,Одеська,Подільський,селищна,47.8315678,30.2562335,43,834.7,21125,0.413207100591716,NA,NA,293.264936707458,188.196215314419,6,1,0,0,168.4,False,2026-09-09,99,496,2026-08-29,0.8,oblast_cascade,,Odesa DTEK thermal site,0,0.0217,0.2043
UA51120150000080138,Окнянська,Одеська,Подільський,селищна,47.5399,29.45881,55,1012.5,19133,0.26598024355825,NA,NA,307.443191900951,120.287466416265,2,0,0,0,188.8,False,2026-09-09,99,496,2026-08-29,0.8,oblast_cascade,,Odesa DTEK thermal site,0,0.0217,0.2043
UA51120170000076247,Піщанська,Одеська,Подільський,сільська,48.12664,29.73278,8,275.2,5211,0,NA,NA,342.633815519275,175.987673471408,NA,0,0,0,218.0,False,2026-09-09,99,496,2026-08-29,0.8,oblast_cascade,,Odesa DTEK thermal site,0,0.0217,0.2043
UA51120190000044451,Подільська,Одеська,Подільський,міська,47.7497422,29.5304957,4,136.9,42657,0.919427057692759,NA,NA,320.174140096984,137.640297921851,55,1,0,0,198.4,False,2026-09-09,99,496,2026-08-29,0.8,oblast_cascade,,Odesa DTEK thermal site,0,0.0217,0.2043
UA51120210000054996,Савранська,Одеська,Подільський,селищна,48.1246576,30.0796984,21,619.2,17709,0.342989440397538,NA,NA,327.111481206133,195.370851782641,NA,0,0,0,202.8,False,2026-09-09,99,496,2026-08-29,0.8,oblast_cascade,,Odesa DTEK thermal site,0,0.0217,0.2043
UA51120230000084853,Слобідська,Одеська,Подільський,селищна,47.885971,29.341049,5,114.4,3411,0.656405746115509,NA,NA,340.899520313515,136.430919559797,NA,0,0,0,219.0,False,2026-09-09,99,496,2026-08-29,0.8,oblast_cascade,,Odesa DTEK thermal site,0,0.0217,0.2043
UA51140010000090773,Великомихайлівська,Одеська,Роздільнянський,селищна,47.0775384,29.8509409,29,589.7,13295,0.398871756299361,NA,NA,251.148007061997,130.471265715298,9,1,0,0,138.0,False,2026-09-09,99,496,2026-08-29,0.8,oblast_cascade,,Odesa DTEK thermal site,0,0.0217,0.2043
UA51140030000062458,Великоплосківська,Одеська,Роздільнянський,сільська,47.0128646,29.6667427,12,238.9,4900,0,NA,NA,257.600658780107,114.941536896412,NA,0,0,0,148.6,False,2026-09-09,99,496,2026-08-29,0.8,oblast_cascade,,Odesa DTEK thermal site,0,0.0217,0.2043
UA51140050000054980,Затишанська,Одеська,Роздільнянський,селищна,47.3253391,29.8933262,16,231.6,6477,0.538520920179095,NA,NA,267.358060328541,141.26890082603,2,0,0,0,148.4,False,2026-09-09,99,496,2026-08-29,0.8,oblast_cascade,,Odesa DTEK thermal site,0,0.0217,0.2043
UA51140070000052649,Захарівська,Одеська,Роздільнянський,селищна,47.3429696,29.7403766,37,723.3,13001,0.395508037843243,NA,NA,277.015416962314,130.754158668257,4,0,0,0,159.1,False,2026-09-09,99,496,2026-08-29,0.8,oblast_cascade,,Odesa DTEK thermal site,0,0.0217,0.2043
UA51140090000048720,Лиманська,Одеська,Роздільнянський,селищна,46.6618481,29.9760782,7,253.4,14159,0.502789745038491,NA,NA,215.902169751249,131.700465282406,NA,0,0,0,117.6,False,2026-09-09,99,496,2026-08-29,0.8,oblast_cascade,,Odesa DTEK thermal site,0,0.0217,0.2043
UA51140110000053825,Новоборисівська,Одеська,Роздільнянський,сільська,47.104568,29.990959,21,229.9,5238,0,NA,NA,245.143087772476,141.471662243513,1,0,0,0,129.7,False,2026-09-09,99,496,2026-08-29,0.8,oblast_cascade,,Odesa DTEK thermal site,0,0.0217,0.2043
UA51140130000082333,Роздільнянська,Одеська,Роздільнянський,міська,46.8546716,30.0711363,51,766.4,32552,0.535788891619563,NA,NA,222.549252136288,140.979442395205,23,1,0,0,114.1,False,2026-09-09,99,496,2026-08-29,0.8,oblast_cascade,,Odesa DTEK thermal site,0,0.0217,0.2043
UA51140150000095416,Степанівська,Одеська,Роздільнянський,сільська,46.788872,29.985384,21,252.2,6928,0,NA,NA,223.323410784835,133.511115037565,NA,0,0,0,118.8,False,2026-09-09,99,496,2026-08-29,0.8,oblast_cascade,,Odesa DTEK thermal site,0,0.0217,0.2043
UA51140170000019764,Цебриківська,Одеська,Роздільнянський,селищна,47.1470432,30.1054572,15,286.8,4857,0.55775169857937,NA,NA,242.040191521034,151.204713155584,NA,0,0,0,124.3,False,2026-09-09,99,496,2026-08-29,0.8,oblast_cascade,,Odesa DTEK thermal site,0,0.0217,0.2043
UA53020010000035494,Глобинська,Полтавська,Кременчуцький,міська,49.392047,33.2507308,65,1198.9,24830,0.360652436568667,NA,NA,200.324826000632,466.628534978583,3,1,0,0,227.3,False,2026-09-09,49,256,2026-08-29,0.8,oblast_cascade,,Poltava oblast energy facility,0,0.0111,0.2022
UA53020030000081709,Горішньоплавнівська,Полтавська,Кременчуцький,міська,49.0140647,33.6330875,15,368.7,54721,0.911057911953363,NA,NA,206.609561796043,469.906154216914,35,0,0,0,179.6,False,2026-09-09,49,256,2026-08-29,0.8,oblast_cascade,,Poltava oblast energy facility,0,0.0111,0.2022
UA53020050000041411,Градизька,Полтавська,Кременчуцький,селищна,49.2311773,33.1206291,28,1257.9,14960,0.398529411764706,NA,NA,218.312432345568,449.189825000674,1,0,0,0,213.0,False,2026-09-09,49,256,2026-08-29,0.8,oblast_cascade,,Poltava oblast energy facility,0,0.0111,0.2022
UA53020070000049284,Кам’янопотоківська,Полтавська,Кременчуцький,сільська,48.9825908,33.53248,11,239,10879,0,NA,NA,214.170412413241,461.77679236548,NA,0,0,0,177.7,False,2026-09-09,49,256,2026-08-29,0.8,oblast_cascade,,Poltava oblast energy facility,0,0.0111,0.2022
UA53020090000045206,Козельщинська,Полтавська,Кременчуцький,селищна,49.2136111,33.8413889,63,726,13506,0.256478602102769,NA,NA,180.057055916281,493.574044133718,1,0,0,0,193.3,False,2026-09-09,49,256,2026-08-29,0.8,oblast_cascade,,Poltava oblast energy facility,0,0.0111,0.2022
UA53020110000092487,Кременчуцька,Полтавська,Кременчуцький,міська,49.0629553,33.403516,5,165.1,218132,0.986884088533548,NA,NA,214.488513108612,457.58476214326,249,1,0,0,189.0,False,2026-09-09,49,256,2026-08-29,0.8,oblast_cascade,,Poltava oblast energy facility,0,0.0111,0.2022
UA53020130000091122,Новогалещинська,Полтавська,Кременчуцький,селищна,49.1710646,33.7604079,17,193.6,4631,0.458648240120924,NA,NA,187.548504220407,486.157035750979,0,0,0,0,190.0,False,2026-09-09,49,256,2026-08-29,0.8,oblast_cascade,,Poltava oblast energy facility,0,0.0111,0.2022
UA53020150000098867,Оболонська,Полтавська,Кременчуцький,сільська,49.5947201,32.868618,21,465.9,5758,0,NA,NA,209.21483834883,454.011603592961,NA,0,0,0,214.0,False,2026-09-09,49,256,2026-08-29,0.8,oblast_cascade,,Poltava oblast energy facility,0,0.0111,0.2022
UA53020170000049108,Омельницька,Полтавська,Кременчуцький,сільська,49.2164094,33.5524121,20,224.6,4824,0,NA,NA,194.965158263712,475.324688209531,NA,0,0,0,202.8,False,2026-09-09,49,256,2026-08-29,0.8,oblast_cascade,,Poltava oblast energy facility,0,0.0111,0.2022
UA53020190000090557,Піщанська,Полтавська,Кременчуцький,сільська,49.123642,33.398563,23,292.3,14918,0,NA,NA,210.179135679307,460.519928240981,NA,0,0,0,195.7,False,2026-09-09,49,256,2026-08-29,0.8,oblast_cascade,,Poltava oblast energy facility,0,0.0111,0.2022
UA53020210000023587,Пришибська,Полтавська,Кременчуцький,сільська,49.046856,33.733024,13,171.7,2897,0,NA,NA,198.989487868026,478.053554821026,1,1,0,0,182.1,False,2026-09-09,49,256,2026-08-29,0.8,oblast_cascade,,Poltava oblast energy facility,0,0.0111,0.2022
UA53020230000086353,Семенівська,Полтавська,Кременчуцький,селищна,49.5972685,33.179559,44,802.4,17144,0.336910872608493,NA,NA,191.442766704514,475.023159936213,1,0,0,0,203.6,False,2026-09-09,49,256,2026-08-29,0.8,oblast_cascade,,Poltava oblast energy facility,0,0.0111,0.2022
UA53040010000091190,Гребінківська,Полтавська,Лубенський,міська,50.1206044,32.4289258,42,595.7,21003,0.501880683711851,NA,NA,179.723584088823,450.198385436509,7,1,0,0,187.5,False,2026-09-09,49,256,2026-08-29,0.8,oblast_cascade,,Poltava oblast energy facility,0,0.0111,0.2022
UA53040030000088898,Лубенська,Полтавська,Лубенський,міська,50.0118206,33.0030821,63,1076.1,67483,0.653334913978335,NA,NA,164.055225477022,481.181286685887,55,1,0,0,169.6,False,2026-09-09,49,256,2026-08-29,0.8,oblast_cascade,,Poltava oblast energy facility,0,0.0111,0.2022
UA53040050000091161,Новооржицька,Полтавська,Лубенський,селищна,50.022606,32.725002,31,453.1,9825,0.171908396946565,NA,NA,174.235654184178,463.887880209887,NA,0,0,0,180.6,False,2026-09-09,49,256,2026-08-29,0.8,oblast_cascade,,Poltava oblast energy facility,0,0.0111,0.2022
UA53040070000083099,Оржицька,Полтавська,Лубенський,селищна,49.7875449,32.6997311,33,755.4,15154,0.222911442523426,NA,NA,196.728591853589,450.990850955319,1,0,0,0,202.4,False,2026-09-09,49,256,2026-08-29,0.8,oblast_cascade,,Poltava oblast energy facility,0,0.0111,0.2022
UA53040090000048649,Пирятинська,Полтавська,Лубенський,міська,50.2361111,32.5011111,46,923.3,29711,0.504459627747299,NA,NA,167.020970220807,460.756437081067,19,0,0,0,175.2,False,2026-09-09,49,256,2026-08-29,0.8,oblast_cascade,,Poltava oblast energy facility,0,0.0111,0.2022
UA53040110000034949,Хорольська,Полтавська,Лубенський,міська,49.7822104,33.2740646,93,1062.4,31622,0.396559357409399,NA,NA,174.852339605656,488.75756542435,51,1,0,0,182.1,False,2026-09-09,49,256,2026-08-29,0.8,oblast_cascade,,Poltava oblast energy facility,0,0.0111,0.2022
UA53040130000097690,Чорнухинська,Полтавська,Лубенський,селищна,50.2733333,32.9383333,37,621.8,9818,0.242819311468731,NA,NA,142.901713994747,490.213818567936,NA,0,0,0,149.6,False,2026-09-09,49,256,2026-08-29,0.8,oblast_cascade,,Poltava oblast energy facility,0,0.0111,0.2022
UA53060010000060316,Білоцерківська,Полтавська,Миргородський,сільська,49.6792533,33.7820696,29,313.2,5161,0,NA,NA,150.70087386259,516.130042373662,1,1,0,0,180.8,False,2026-09-09,49,256,2026-08-29,0.8,oblast_cascade,,Poltava oblast energy facility,0,0.0111,0.2022
UA53060030000045288,Великобагачанська,Полтавська,Миргородський,селищна,49.7852778,33.7213889,29,415.7,10952,0.480368882395909,NA,NA,147.378726693524,518.891123520574,2,0,0,0,170.5,False,2026-09-09,49,256,2026-08-29,0.8,oblast_cascade,,Poltava oblast energy facility,0,0.0111,0.2022
UA53060050000024229,Великобудищанська,Полтавська,Миргородський,сільська,50.458488,34.1396609,20,396,6862,0,NA,NA,87.5075718264245,575.551297057716,1,0,0,0,90.7,False,2026-09-09,49,256,2026-08-29,0.8,oblast_cascade,,Poltava oblast energy facility,0,0.0111,0.2022
UA53060070000077527,Великосорочинська,Полтавська,Миргородський,сільська,50.023842,33.944321,21,408.3,7094,0,NA,NA,119.881460401907,543.304745816027,NA,0,0,0,140.9,False,2026-09-09,49,256,2026-08-29,0.8,oblast_cascade,,Poltava oblast energy facility,0,0.0111,0.2022
UA53060090000098426,Гадяцька,Полтавська,Миргородський,міська,50.3701299,33.9950534,21,205,26571,0.859997741899063,NA,NA,98.9898826507896,562.069288059354,4,0,0,0,102.6,False,2026-09-09,49,256,2026-08-29,0.8,oblast_cascade,,Poltava oblast energy facility,0,0.0111,0.2022
UA53060110000084138,Гоголівська,Полтавська,Миргородський,селищна,49.9230024,33.8226184,10,189.1,5306,0.464568413117226,NA,NA,133.148248013392,531.086327690063,NA,1,0,0,153.8,False,2026-09-09,49,256,2026-08-29,0.8,oblast_cascade,,Poltava oblast energy facility,0,0.0111,0.2022
UA53060130000040567,Заводська,Полтавська,Миргородський,міська,50.4052959,33.3973661,11,200,11127,0.693088882897457,NA,NA,112.093707327284,525.913630953354,7,0,0,0,117.6,False,2026-09-09,49,256,2026-08-29,0.8,oblast_cascade,,Poltava oblast energy facility,0,0.0111,0.2022
UA53060150000093603,Комишнянська,Полтавська,Миргородський,селищна,50.1838006,33.679619,38,522.4,8132,0.24028529267093,NA,NA,125.283448471617,532.993838156188,NA,0,0,0,129.5,False,2026-09-09,49,256,2026-08-29,0.8,oblast_cascade,,Poltava oblast energy facility,0,0.0111,0.2022
UA53060170000064030,Краснолуцька,Полтавська,Миргородський,сільська,50.4361716,33.975914,19,244,3978,0,NA,NA,92.1663879130516,564.038510207006,NA,0,0,0,96.0,False,2026-09-09,49,256,2026-08-29,0.8,oblast_cascade,,Poltava oblast energy facility,0,0.0111,0.2022
UA53060190000015369,Лохвицька,Полтавська,Миргородський,міська,50.3595181,33.2741725,50,819.5,21840,0.504304029304029,NA,NA,121.061865542801,515.827138226989,NA,0,0,0,126.9,False,2026-09-09,49,256,2026-08-29,0.8,oblast_cascade,,Poltava oblast energy facility,0,0.0111,0.2022
UA53060210000044776,Лютенська,Полтавська,Миргородський,сільська,50.20203,34.0387209,12,374.3,5037,0,NA,NA,104.628625900184,557.162574452957,NA,0,0,0,120.1,False,2026-09-09,49,256,2026-08-29,0.8,oblast_cascade,,Poltava oblast energy facility,0,0.0111,0.2022
UA53060230000098362,Миргородська,Полтавська,Миргородський,міська,49.9658333,33.6113889,37,632.1,48788,0.776543412314504,NA,NA,143.686988208722,518.833560597448,28,1,0,0,153.9,False,2026-09-09,49,256,2026-08-29,0.8,oblast_cascade,,Poltava oblast energy facility,0,0.0111,0.2022
UA53060250000043118,Петрівсько-Роменська,Полтавська,Миргородський,сільська,50.376091,33.74794,10,209.7,4111,0,NA,NA,103.590441477883,546.594051527037,NA,0,0,0,108.0,False,2026-09-09,49,256,2026-08-29,0.8,oblast_cascade,,Poltava oblast energy facility,0,0.0111,0.2022
UA53060270000016329,Ромоданівська,Полтавська,Миргородський,селищна,49.9923481,33.3207607,7,88.6,4823,0.553390006220195,NA,NA,155.008291083506,500.897869090184,NA,1,0,0,159.7,False,2026-09-09,49,256,2026-08-29,0.8,oblast_cascade,,Poltava oblast energy facility,0,0.0111,0.2022
UA53060290000047345,Сенчанська,Полтавська,Миргородський,сільська,50.25691,33.3421693,23,354.8,7526,0,NA,NA,128.347260805658,514.89942150271,NA,0,0,0,133.5,False,2026-09-09,49,256,2026-08-29,0.8,oblast_cascade,,Poltava oblast energy facility,0,0.0111,0.2022
UA53060310000047988,Сергіївська,Полтавська,Миргородський,сільська,50.40081,33.7537985,13,168.1,2661,0,NA,NA,100.888651401479,548.193757344257,NA,0,0,0,105.3,False,2026-09-09,49,256,2026-08-29,0.8,oblast_cascade,,Poltava oblast energy facility,0,0.0111,0.2022
UA53060330000036503,Шишацька,Полтавська,Миргородський,селищна,49.8764366,34.0069282,75,754.7,18107,0.234274037664991,NA,NA,124.739253970808,541.60756629813,0,1,0,0,156.1,False,2026-09-09,49,256,2026-08-29,0.8,oblast_cascade,,Poltava oblast energy facility,0,0.0111,0.2022
UA53080010000088479,Білицька,Полтавська,Полтавський,селищна,49.259043,34.2690187,27,391.2,11360,0.416901408450704,NA,NA,155.740894306216,523.474760550308,NA,0,0,0,193.0,False,2026-09-09,49,256,2026-08-29,0.8,oblast_cascade,,Poltava oblast energy facility,0,0.0111,0.2022
UA53080030000061078,Великорублівська,Полтавська,Полтавський,сільська,49.898056,34.801388,29,393.3,4382,0,NA,NA,77.305185019165,591.270308193308,NA,0,0,0,94.7,False,2026-09-09,49,256,2026-08-29,0.8,oblast_cascade,,Poltava oblast energy facility,0,0.0111,0.2022
UA53080050000011754,Диканська,Полтавська,Полтавський,селищна,49.8227778,34.5386111,58,682.2,17729,0.418918156692425,NA,NA,97.0366068147518,570.785318897205,3,0,0,0,111.4,False,2026-09-09,49,256,2026-08-29,0.8,oblast_cascade,,Poltava oblast energy facility,0,0.0111,0.2022
UA53080070000036333,Драбинівська,Полтавська,Полтавський,сільська,49.272533,34.592682,16,246.1,4077,0,NA,NA,141.092521273089,545.237013460512,NA,0,0,0,164.5,False,2026-09-09,49,256,2026-08-29,0.8,oblast_cascade,,Poltava oblast energy facility,0,0.0111,0.2022
UA53080090000014431,Зіньківська,Полтавська,Полтавський,міська,50.21026,34.35768,84,1051.8,23674,0.387260285545324,NA,NA,83.9548245744285,578.422280859192,18,0,0,0,108.3,False,2026-09-09,49,256,2026-08-29,0.8,oblast_cascade,,Poltava oblast energy facility,0,0.0111,0.2022
UA53080110000062015,Карлівська,Полтавська,Полтавський,міська,49.4537175,35.1374845,17,331.2,20292,0.692144687561601,NA,NA,105.841866177785,589.515372262914,36,0,0,0,135.0,False,2026-09-09,49,256,2026-08-29,0.8,oblast_cascade,,Poltava oblast energy facility,0,0.0111,0.2022
UA53080130000014699,Кобеляцька,Полтавська,Полтавський,міська,49.1433333,34.2002778,63,1218.9,25631,0.369279388240802,NA,NA,168.990878037449,513.322256909613,16,0,0,0,181.7,False,2026-09-09,49,256,2026-08-29,0.8,oblast_cascade,,Poltava oblast energy facility,0,0.0111,0.2022
UA53080150000085889,Коломацька,Полтавська,Полтавський,сільська,49.602581,34.767609,11,191.7,4904,0,NA,NA,103.509027244765,573.055691349692,1,0,0,0,125.7,False,2026-09-09,49,256,2026-08-29,0.8,oblast_cascade,,Poltava oblast energy facility,0,0.0111,0.2022
UA53080170000047487,Котелевська,Полтавська,Полтавський,селищна,50.0621097,34.7496951,10,403.4,14169,0.831251323311455,NA,NA,69.4723064819443,597.49403586067,NA,0,0,0,80.9,False,2026-09-09,49,256,2026-08-29,0.8,oblast_cascade,,Poltava oblast energy facility,0,0.0111,0.2022
UA53080190000081150,Ланнівська,Полтавська,Полтавський,сільська,49.348518,35.26165,11,269.8,7058,0,NA,NA,114.60358973756,592.863322442574,4,0,0,0,129.1,False,2026-09-09,49,256,2026-08-29,0.8,oblast_cascade,,Poltava oblast energy facility,0,0.0111,0.2022
UA53080210000072644,Мартинівська,Полтавська,Полтавський,сільська,49.51469,35.293919,9,253.4,4555,0,NA,NA,96.0956569378868,602.626158730022,NA,0,0,0,111.1,False,2026-09-09,49,256,2026-08-29,0.8,oblast_cascade,,Poltava oblast energy facility,0,0.0111,0.2022
UA53080230000047239,Мачухівська,Полтавська,Полтавський,сільська,49.520832,34.427502,27,247.4,7882,0,NA,NA,126.102091471773,547.15292979581,NA,0,0,0,144.3,False,2026-09-09,49,256,2026-08-29,0.8,oblast_cascade,,Poltava oblast energy facility,0,0.0111,0.2022
UA53080250000097618,Машівська,Полтавська,Полтавський,селищна,49.4441667,34.87,21,391,11711,0.30296302621467,NA,NA,114.561740707359,571.619783840807,1,0,0,0,140.1,False,2026-09-09,49,256,2026-08-29,0.8,oblast_cascade,,Poltava oblast energy facility,0,0.0111,0.2022
UA53080270000062586,Михайлівська,Полтавська,Полтавський,сільська,49.2994665,34.8665679,14,445.6,5760,0,NA,NA,129.101854526834,564.503960601203,NA,0,0,0,155.7,False,2026-09-09,49,256,2026-08-29,0.8,oblast_cascade,,Poltava oblast energy facility,0,0.0111,0.2022
UA53080290000024637,Нехворощанська,Полтавська,Полтавський,сільська,49.140469,34.72057,10,288.5,4941,0,NA,NA,149.609071397515,547.608571619912,NA,0,0,0,177.4,False,2026-09-09,49,256,2026-08-29,0.8,oblast_cascade,,Poltava oblast energy facility,0,0.0111,0.2022
UA53080310000072384,Новосанжарська,Полтавська,Полтавський,селищна,49.3338321,34.3148631,47,662,21826,0.362045267112618,NA,NA,147.171901967037,530.205509947128,1,0,0,0,166.5,False,2026-09-09,49,256,2026-08-29,0.8,oblast_cascade,,Poltava oblast energy facility,0,0.0111,0.2022
UA53080330000062155,Новоселівська,Полтавська,Полтавський,сільська,49.627499,34.687222,34,254.5,6293,0,NA,NA,104.864344718781,569.274622003428,2,1,0,0,125.4,False,2026-09-09,49,256,2026-08-29,0.8,oblast_cascade,,Poltava oblast energy facility,0,0.0111,0.2022
UA53080350000070563,Опішнянська,Полтавська,Полтавський,селищна,49.9570991,34.6100455,31,309.3,8133,0.628427394565351,NA,NA,84.0812787603788,582.869505439514,NA,0,0,0,96.2,False,2026-09-09,49,256,2026-08-29,0.8,oblast_cascade,,Poltava oblast energy facility,0,0.0111,0.2022
UA53080370000025447,Полтавська,Полтавська,Полтавський,міська,49.5897423,34.5507948,56,550.3,305539,0.915081217127764,NA,NA,114.453743913765,558.636744822622,250,0,0,0,133.4,False,2026-09-09,49,256,2026-08-29,0.8,oblast_cascade,,Poltava oblast energy facility,0,0.0111,0.2022
UA53080390000027656,Решетилівська,Полтавська,Полтавський,міська,49.5586111,34.0791667,85,1106.3,25784,0.349868135277692,NA,NA,141.225505447802,527.394397817771,5,1,0,0,154.5,False,2026-09-09,49,256,2026-08-29,0.8,oblast_cascade,,Poltava oblast energy facility,0,0.0111,0.2022
UA53080410000094938,Скороходівська,Полтавська,Полтавський,селищна,49.7726802,35.0715767,22,326.2,8700,0.367011494252873,NA,NA,75.6138428527215,601.271159774223,0,0,0,0,101.1,False,2026-09-09,49,256,2026-08-29,0.8,oblast_cascade,,Poltava oblast energy facility,0,0.0111,0.2022
UA53080430000085474,Терешківська,Полтавська,Полтавський,сільська,49.551945,34.618332,20,208.4,11994,0,NA,NA,114.517546077934,560.909320854412,3,0,0,0,135.1,False,2026-09-09,49,256,2026-08-29,0.8,oblast_cascade,,Poltava oblast energy facility,0,0.0111,0.2022
UA53080450000087891,Чутівська,Полтавська,Полтавський,селищна,49.7216667,35.1694444,29,536.4,12932,0.465821218682338,NA,NA,77.3126836877676,604.81502783483,NA,0,0,0,105.2,False,2026-09-09,49,256,2026-08-29,0.8,oblast_cascade,,Poltava oblast energy facility,0,0.0111,0.2022
UA53080470000053547,Щербанівська,Полтавська,Полтавський,сільська,49.531666,34.536945,15,99.7,13065,0,NA,NA,119.986248781587,554.669205934864,9,0,0,0,139.6,False,2026-09-09,49,256,2026-08-29,0.8,oblast_cascade,,Poltava oblast energy facility,0,0.0111,0.2022
UA56020010000027956,Антонівська,Рівненська,Вараський,сільська,51.314251,26.303492,4,117,5697,0,NA,NA,55.2916969092571,158.611178334557,NA,1,0,0,649.1,False,2026-09-09,1,19,2026-08-29,0,none,,,0,0.0006,0.0001
UA56020030000068439,Вараська,Рівненська,Вараський,міська,51.3481736,25.8500623,18,608.7,52498,0.794525505733552,NA,NA,61.1266822437248,130.360333400934,62,1,0,0,671.8,False,2026-09-09,1,19,2026-08-29,0,none,,,0,0.0006,0.0001
UA56020050000087443,Володимирецька,Рівненська,Вараський,селищна,51.4197839,26.1392078,22,702.2,26370,0.353242320819113,NA,NA,48.1310391563062,151.940226940996,6,0,0,0,665.4,False,2026-09-09,1,19,2026-08-29,0,none,,,0,0.0006,0.0001
UA56020070000060676,Зарічненська,Рівненська,Вараський,селищна,51.811589,26.1283792,31,1086.8,28589,0.256602189653363,NA,NA,6.13393699464659,168.561995227628,1,0,0,0,700.6,False,2026-09-09,1,19,2026-08-29,0,none,,,0,0.0006,0.0001
UA56020090000066575,Каноницька,Рівненська,Вараський,сільська,51.442612,26.22209,5,165.3,6188,0,NA,NA,43.3425130745647,158.221033622278,NA,0,0,0,663.8,False,2026-09-09,1,19,2026-08-29,0,none,,,0,0.0006,0.0001
UA56020110000024586,Локницька,Рівненська,Вараський,сільська,51.821087,25.829954,20,355.1,5878,0,NA,NA,11.4745522956246,148.102072392217,NA,0,0,0,713.7,False,2026-09-09,1,19,2026-08-29,0,none,,,0,0.0006,0.0001
UA56020130000066130,Полицька,Рівненська,Вараський,сільська,51.2663942,26.0606965,8,177,5672,0,NA,NA,65.8178518602166,140.908786578068,NA,0,0,0,655.5,False,2026-09-09,1,19,2026-08-29,0,none,,,0,0.0006,0.0001
UA56020150000079107,Рафалівська,Рівненська,Вараський,селищна,51.30718,26.00018,8,111.4,7226,0.47522834209798,NA,NA,62.8584628332835,138.375500626046,NA,1,0,0,661.7,False,2026-09-09,1,19,2026-08-29,0,none,,,0,0.0006,0.0001
UA56040010000048910,Бокіймівська,Рівненська,Дубенський,сільська,50.4842359,25.4690282,14,192,5387,0,NA,NA,159.404347214573,97.6827393413777,NA,0,0,0,621.3,False,2026-09-09,1,19,2026-08-29,0,none,,,0,0.0006,0.0001
UA56040030000031906,Боремельська,Рівненська,Дубенський,сільська,50.4710604,25.1931736,11,102.8,3117,0,NA,NA,149.032863819407,78.5588211727408,NA,0,0,0,635.0,False,2026-09-09,1,19,2026-08-29,0,none,,,0,0.0006,0.0001
UA56040050000074861,Варковицька,Рівненська,Дубенський,сільська,50.4709226,25.9708915,12,148.2,5323,0,NA,NA,151.90031770398,133.08949999204,NA,0,0,0,594.4,False,2026-09-09,1,19,2026-08-29,0,none,,,0,0.0006,0.0001
UA56040070000046270,Вербська,Рівненська,Дубенський,сільська,50.280323,25.590887,9,112.6,4481,0,NA,NA,179.880536097549,110.623482371994,NA,0,0,0,599.8,False,2026-09-09,1,19,2026-08-29,0,none,,,0,0.0006,0.0001
UA56040090000093293,Демидівська,Рівненська,Дубенський,селищна,50.4275033,25.3368641,23,312.6,11853,0.205855057791276,NA,NA,158.807094605181,89.3654052459699,2,0,0,0,624.1,False,2026-09-09,1,19,2026-08-29,0,none,,,0,0.0006,0.0001
UA56040110000061997,Дубенська,Рівненська,Дубенський,міська,50.4187918,25.7455972,1,27.1,36901,1,NA,NA,161.76417019002,118.105232124964,64,1,0,0,601.9,False,2026-09-09,1,19,2026-08-29,0,none,,,0,0.0006,0.0001
UA56040130000011543,Козинська,Рівненська,Дубенський,сільська,50.266911,25.465281,22,181.1,7171,0,NA,NA,178.654743507614,102.352382754385,NA,0,0,0,605.6,False,2026-09-09,1,19,2026-08-29,0,none,,,0,0.0006,0.0001
UA56040150000039275,Крупецька,Рівненська,Дубенський,сільська,50.157913,25.3102618,25,297.9,8863,0,NA,NA,183.043438735512,96.0439996282322,NA,0,0,0,606.4,False,2026-09-09,1,19,2026-08-29,0,none,,,0,0.0006,0.0001
UA56040170000050651,Мирогощанська,Рівненська,Дубенський,сільська,50.4226262,25.8526524,14,114.4,6695,0,NA,NA,159.172454084544,125.554770144114,1,0,0,0,596.7,False,2026-09-09,1,19,2026-08-29,0,none,,,0,0.0006,0.0001
UA56040190000045841,Млинівська,Рівненська,Дубенський,селищна,50.5118774,25.6126259,41,401.2,19475,0.412631578947368,NA,NA,155.052910031528,107.396648205389,4,0,0,0,615.9,False,2026-09-09,1,19,2026-08-29,0,none,,,0,0.0006,0.0001
UA56040210000047101,Острожецька,Рівненська,Дубенський,сільська,50.667568,25.53978,14,139,5743,0,NA,NA,139.254774652417,100.479024418272,NA,0,0,0,631.5,False,2026-09-09,1,19,2026-08-29,0,none,,,0,0.0006,0.0001
UA56040230000032182,Підлозцівська,Рівненська,Дубенський,сільська,50.581387,25.362623,9,63.5,1814,0,NA,NA,146.253377848324,89.2496873394272,NA,0,0,0,634.1,False,2026-09-09,1,19,2026-08-29,0,none,,,0,0.0006,0.0001
UA56040250000064519,Повчанська,Рівненська,Дубенський,сільська,50.374359,25.508934,9,94.1,2820,0,NA,NA,170.817326082156,102.479137111686,NA,0,0,0,611.1,False,2026-09-09,1,19,2026-08-29,0,none,,,0,0.0006,0.0001
UA56040270000014394,Привільненська,Рівненська,Дубенський,сільська,50.463982,25.809629,16,147.2,5464,0,NA,NA,155.609228298171,121.866959207281,2,0,0,0,602.1,False,2026-09-09,1,19,2026-08-29,0,none,,,0,0.0006,0.0001
UA56040290000025511,Радивилівська,Рівненська,Дубенський,міська,50.1279775,25.2487069,24,227.5,18522,0.562952164992981,NA,NA,183.837125704349,93.1812404912686,41,1,0,0,607.8,False,2026-09-09,1,19,2026-08-29,0,none,,,0,0.0006,0.0001
UA56040310000052028,Семидубська,Рівненська,Дубенський,сільська,50.3424625,25.8134402,17,216,4402,0,NA,NA,168.505230340772,124.344004537485,NA,0,0,0,592.6,False,2026-09-09,1,19,2026-08-29,0,none,,,0,0.0006,0.0001
UA56040330000091100,Смизька,Рівненська,Дубенський,селищна,50.2382136,25.7629956,14,192.8,7366,0.347542764051045,NA,NA,180.633909243409,123.627952004774,1,0,0,0,587.5,False,2026-09-09,1,19,2026-08-29,0,none,,,0,0.0006,0.0001
UA56040350000014945,Тараканівська,Рівненська,Дубенський,сільська,50.381725,25.708364,18,217.4,7844,0,NA,NA,166.503014598785,116.180229001962,NA,0,0,0,601.1,False,2026-09-09,1,19,2026-08-29,0,none,,,0,0.0006,0.0001
UA56040370000063056,Ярославицька,Рівненська,Дубенський,сільська,50.6414963,25.4288029,10,106.8,2670,0,NA,NA,142.079367989564,93.5941806844685,NA,0,0,0,635.2,False,2026-09-09,1,19,2026-08-29,0,none,,,0,0.0006,0.0001
UA56060010000018261,Бабинська,Рівненська,Рівненський,сільська,50.6036507,26.5228893,11,121.1,6890,0,NA,NA,121.770200379869,169.811581131354,4,0,0,0,578.4,False,2026-09-09,1,19,2026-08-29,0,none,,,0,0.0006,0.0001
UA56060030000057923,Березнівська,Рівненська,Рівненський,міська,51.0035653,26.7524487,37,1184.4,50917,0.257792093014121,NA,NA,74.6698630776274,183.263140868715,31,0,0,0,602.6,False,2026-09-09,1,19,2026-08-29,0,none,,,0,0.0006,0.0001
UA56060050000010769,Білокриницька,Рівненська,Рівненський,сільська,50.606121,26.389851,11,122,9773,0,NA,NA,125.633182134123,160.542350930423,9,0,0,0,584.8,False,2026-09-09,1,19,2026-08-29,0,none,,,0,0.0006,0.0001
UA56060070000034529,Бугринська,Рівненська,Рівненський,сільська,50.5426,26.5258,12,90,4096,0,NA,NA,127.921511814738,171.410302025273,NA,0,0,0,573.1,False,2026-09-09,1,19,2026-08-29,0,none,,,0,0.0006,0.0001
UA56060090000066065,Великомежиріцька,Рівненська,Рівненський,сільська,50.6597992,26.8631128,16,191.6,7847,0,NA,NA,108.003433536516,192.490087060211,7,0,0,0,567.7,False,2026-09-09,1,19,2026-08-29,0,none,,,0,0.0006,0.0001
UA56060110000087064,Великоомелянська,Рівненська,Рівненський,сільська,50.595852,26.1067807,6,103.2,3715,0,NA,NA,136.330456031135,141.242482233397,2,0,0,0,597.6,False,2026-09-09,1,19,2026-08-29,0,none,,,0,0.0006,0.0001
UA56060130000072276,Головинська,Рівненська,Рівненський,сільська,50.893478,26.29097,12,201.9,7073,0,NA,NA,101.621571547918,150.519136972308,NA,0,0,0,613.4,False,2026-09-09,1,19,2026-08-29,0,none,,,0,0.0006,0.0001
UA56060150000079268,Городоцька,Рівненська,Рівненський,сільська,50.685879,26.174353,12,131.7,10597,0,NA,NA,125.644531393536,144.039205027514,NA,0,0,0,601.6,False,2026-09-09,1,19,2026-08-29,0,none,,,0,0.0006,0.0001
UA56060170000073171,Гощанська,Рівненська,Рівненський,селищна,50.60466,26.6827977,40,480.3,22783,0.230873897204056,NA,NA,117.512615995541,180.888363534901,16,0,0,0,571.1,False,2026-09-09,1,19,2026-08-29,0,none,,,0,0.0006,0.0001
UA56060190000073111,Деражненська,Рівненська,Рівненський,сільська,50.862228,26.047899,9,225.5,6208,0,NA,NA,108.389326957337,133.488943453998,NA,0,0,0,622.1,False,2026-09-09,1,19,2026-08-29,0,none,,,0,0.0006,0.0001
UA56060210000017052,Дядьковицька,Рівненська,Рівненський,сільська,50.6068,26.050301,17,157.1,5769,0,NA,NA,135.92745062195,137.0854107837,0,0,0,0,601.2,False,2026-09-09,1,19,2026-08-29,0,none,,,0,0.0006,0.0001
UA56060230000076543,Здовбицька,Рівненська,Рівненський,сільська,50.4993307,26.2484113,15,149.3,9883,0,NA,NA,140.837474626414,152.293543224707,NA,0,0,0,582.9,False,2026-09-09,1,19,2026-08-29,0,none,,,0,0.0006,0.0001
UA56060250000052338,Здолбунівська,Рівненська,Рівненський,міська,50.518994,26.2431096,14,152.2,31349,0.781556030495391,NA,NA,139.116441114857,151.743799150217,67,1,0,0,584.7,False,2026-09-09,1,19,2026-08-29,0,none,,,0,0.0006,0.0001
UA56060270000047362,Зорянська,Рівненська,Рівненський,сільська,50.726673,26.028698,15,192.5,13318,0,NA,NA,123.302516566412,133.247898594031,24,0,0,0,611.9,False,2026-09-09,1,19,2026-08-29,0,none,,,0,0.0006,0.0001
UA56060290000044465,Клеванська,Рівненська,Рівненський,селищна,50.7464848,26.006327,6,110.6,13669,0.835686590094374,NA,NA,121.573126438948,131.419807772667,15,1,0,0,614.6,False,2026-09-09,1,19,2026-08-29,0,none,,,0,0.0006,0.0001
UA56060310000066585,Корецька,Рівненська,Рівненський,міська,50.6194566,27.159712,34,527.8,24160,0.286175496688742,NA,NA,103.721065402689,213.83162973719,4,0,0,0,551.3,False,2026-09-09,1,19,2026-08-29,0,none,,,0,0.0006,0.0001
UA56060330000075139,Корнинська,Рівненська,Рівненський,сільська,50.5565086,26.2910576,5,66,7397,0,NA,NA,133.817032513346,154.878294794831,3,0,0,0,585.4,False,2026-09-09,1,19,2026-08-29,0,none,,,0,0.0006,0.0001
UA56060350000045909,Костопільська,Рівненська,Рівненський,міська,50.8792198,26.4533981,30,653.4,43748,0.704900795464936,NA,NA,97.2461448399464,161.916918328991,34,0,0,0,604.8,False,2026-09-09,1,19,2026-08-29,0,none,,,0,0.0006,0.0001
UA56060370000023028,Малинська,Рівненська,Рівненський,сільська,51.097408,26.551901,6,210.7,5583,0,NA,NA,73.6998352871677,170.333695653063,4,0,0,0,619.4,False,2026-09-09,1,19,2026-08-29,0,none,,,0,0.0006,0.0001
UA56060390000090915,Малолюбашанська,Рівненська,Рівненський,сільська,50.839256,26.517658,11,416.7,5617,0,NA,NA,98.6040313618107,166.524333519931,2,0,0,0,598.5,False,2026-09-09,1,19,2026-08-29,0,none,,,0,0.0006,0.0001
UA56060410000055190,Мізоцька,Рівненська,Рівненський,селищна,50.3983189,26.141333,26,356.6,14030,0.23727726300784,NA,NA,154.342715954785,146.188907459236,NA,0,0,0,580.2,False,2026-09-09,1,19,2026-08-29,0,none,,,0,0.0006,0.0001
UA56060430000081857,Олександрійська,Рівненська,Рівненський,сільська,50.731873,26.3455835,15,207.8,9745,0,NA,NA,115.104458961046,155.325851255786,1,0,0,0,597.3,False,2026-09-09,1,19,2026-08-29,0,none,,,0,0.0006,0.0001
UA56060450000083945,Острозька,Рівненська,Рівненський,міська,50.329021,26.5203627,56,704.7,42222,0.352754488181517,NA,NA,150.238931482111,173.933741287351,16,1,0,0,555.9,False,2026-09-09,1,19,2026-08-29,0,none,,,0,0.0006,0.0001
UA56060470000086729,Рівненська,Рівненська,Рівненський,міська,50.6196175,26.2513165,2,62.7,251948,1,NA,NA,129.206735013448,150.662208619984,558,1,0,0,592.5,False,2026-09-09,1,19,2026-08-29,0,none,,,0,0.0006,0.0001
UA56060490000031684,Соснівська,Рівненська,Рівненський,селищна,50.8266045,26.9950145,12,316.5,6709,0.286928007154569,NA,NA,87.8762673351046,200.077929777578,NA,0,0,0,576.7,False,2026-09-09,1,19,2026-08-29,0,none,,,0,0.0006,0.0001
UA56060510000062151,Шпанівська,Рівненська,Рівненський,сільська,50.660019,26.26659,9,80.3,10497,0,NA,NA,124.832742929728,150.912728302507,0,0,0,0,595.1,False,2026-09-09,1,19,2026-08-29,0,none,,,0,0.0006,0.0001
UA56080010000083302,Березівська,Рівненська,Сарненський,сільська,51.58424,27.350121,10,505.4,12023,0,NA,NA,2.48333955302112,236.85962386319,NA,0,0,0,633.4,False,2026-09-09,1,19,2026-08-29,0,none,,,0,0.0006,0.0001
UA56080030000069650,Вирівська,Рівненська,Сарненський,сільська,51.2404371,26.9468831,11,390,12858,0,NA,NA,45.0415882968972,200.080753572398,NA,0,0,0,616.0,False,2026-09-09,1,19,2026-08-29,0,none,,,0,0.0006,0.0001
UA56080050000068593,Висоцька,Рівненська,Сарненський,сільська,51.7236599,26.6602392,10,299.6,5694,0,NA,NA,8.39493212508105,198.967788487603,NA,0,0,0,671.7,False,2026-09-09,1,19,2026-08-29,0,none,,,0,0.0006,0.0001
UA56080070000040721,Дубровицька,Рівненська,Сарненський,міська,51.5709462,26.5660889,40,1094.2,34609,0.269958681267878,NA,NA,25.0633052781824,185.74117799961,7,0,0,0,661.3,False,2026-09-09,1,19,2026-08-29,0,none,,,0,0.0006,0.0001
UA56080090000098391,Клесівська,Рівненська,Сарненський,селищна,51.31233,26.88835,7,338.6,10459,0.43656181279281,NA,NA,40.3847048507634,197.773490717768,9,1,0,0,624.9,False,2026-09-09,1,19,2026-08-29,0,none,,,0,0.0006,0.0001
UA56080110000056503,Миляцька,Рівненська,Сарненський,сільська,51.674639,26.7442186,9,422.5,6164,0,NA,NA,9.7080746184879,201.724394290789,NA,0,0,0,663.9,False,2026-09-09,1,19,2026-08-29,0,none,,,0,0.0006,0.0001
UA56080130000056682,Немовицька,Рівненська,Сарненський,сільська,51.259498,26.6333614,6,277.6,11256,0,NA,NA,56.3697822037883,179.166880279963,NA,0,0,0,630.4,False,2026-09-09,1,19,2026-08-29,0,none,,,0,0.0006,0.0001
UA56080150000069525,Рокитнівська,Рівненська,Сарненський,селищна,51.2700302,27.2184767,25,1572.1,39387,0.226648386523472,NA,NA,36.9231381848616,219.263839863382,4,1,0,0,608.3,False,2026-09-09,1,19,2026-08-29,0,none,,,0,0.0006,0.0001
UA56080170000055864,Сарненська,Рівненська,Сарненський,міська,51.3350028,26.6171275,36,815.4,65725,0.435542031190567,NA,NA,48.4300674857831,180.161538727246,11,0,0,0,637.8,False,2026-09-09,1,19,2026-08-29,0,none,,,0,0.0006,0.0001
UA56080190000032614,Старосільська,Рівненська,Сарненський,сільська,51.612049,27.130051,4,274.5,6952,0,NA,NA,7.70238928662962,223.551785830093,NA,0,0,0,643.8,False,2026-09-09,1,19,2026-08-29,0,none,,,0,0.0006,0.0001
UA56080210000074337,Степанська,Рівненська,Сарненський,селищна,51.1331321,26.3058758,10,222.8,7085,0.573323923782639,NA,NA,75.0794987922755,153.977856737683,NA,0,0,0,633.2,False,2026-09-09,1,19,2026-08-29,0,none,,,0,0.0006,0.0001
UA59020010000024157,Бочечківська,Сумська,Конотопський,сільська,51.30048,33.429016,13,380.1,4287,0,NA,NA,55.8543586302341,578.768389079385,NA,0,0,0,66.2,False,2026-09-09,1375,16216,2026-08-29,0,none,,,0,0.7183,0.1437
UA59020030000072865,Буринська,Сумська,Конотопський,міська,51.1960431,33.8288042,50,897.6,19678,0.41655656062608,NA,NA,29.0237343025034,595.494125488816,5,1,0,1,39.2,False,2026-09-09,1375,16216,2026-08-29,0,none,,,0,0.7183,0.1437
UA59020050000012539,Дубов’язівська,Сумська,Конотопський,селищна,51.132481,33.37846,33,525.9,9733,0.234460084249461,NA,NA,61.1907645120655,565.310127925218,NA,1,0,0,71.4,False,2026-09-09,1375,16216,2026-08-29,0,none,,,0,0.7183,0.1437
UA59020070000032449,Конотопська,Сумська,Конотопський,міська,51.2397495,33.206675,4,100.8,87403,0.955836756175417,NA,NA,71.329950417199,562.242039536306,22,1,0,0,81.7,False,2026-09-09,1375,16216,2026-08-29,0,none,,,0,0.7183,0.1437
UA59020090000085438,Кролевецька,Сумська,Конотопський,міська,51.5548654,33.3875984,74,1283,35033,0.631147774955042,NA,NA,49.4019010181199,593.183251977301,2,1,0,0,65.3,False,2026-09-09,1375,16216,2026-08-29,0,none,,,0,0.7183,0.1437
UA59020110000066430,Новослобідська,Сумська,Конотопський,сільська,51.3749282,34.132125,37,517.4,4890,0,NA,NA,7.18444959488069,623.966019809727,NA,0,0,1,20.7,False,2026-09-09,1375,16216,2026-08-29,0,none,,,0,0.7183,0.1437
UA59020130000060377,Попівська,Сумська,Конотопський,сільська,51.252941,33.124119,44,893.2,13026,0,NA,NA,77.020506808928,558.441251060202,1,1,0,0,87.3,False,2026-09-09,1375,16216,2026-08-29,0,none,,,0,0.7183,0.1437
UA59020150000078955,Путивльська,Сумська,Конотопський,міська,51.3359821,33.8715451,56,588.5,20358,0.731211317418214,NA,NA,25.7260206167639,606.426882256941,19,1,0,0,36.0,False,2026-09-09,1375,16216,2026-08-29,0,none,,,0,0.7183,0.1437
UA59040010000075530,Боромлянська,Сумська,Охтирський,сільська,50.619511,34.967079,12,305.7,4920,0,NA,NA,30.0735869535046,636.115047671256,NA,0,0,0,31.1,False,2026-09-09,1375,16216,2026-08-29,0,none,,,0,0.7183,0.1437
UA59040030000060142,Великописарівська,Сумська,Охтирський,селищна,50.4253238,35.4838569,24,513.6,10009,0.392446797881906,NA,NA,5.37236592484893,661.563495213041,NA,0,0,1,25.6,False,2026-09-09,1375,16216,2026-08-29,0,none,,,0,0.7183,0.1437
UA59040050000033127,Грунська,Сумська,Охтирський,сільська,50.237522,34.606243,17,243,5271,0,NA,NA,67.2290714745739,595.943762533599,NA,0,0,0,73.4,False,2026-09-09,1375,16216,2026-08-29,0,none,,,0,0.7183,0.1437
UA59040070000045520,Кириківська,Сумська,Охтирський,селищна,50.337784,35.143055,14,270.9,6064,0.428924802110818,NA,NA,28.9648962502809,635.51527455287,NA,1,0,0,40.0,False,2026-09-09,1375,16216,2026-08-29,0,none,,,0,0.7183,0.1437
UA59040090000041737,Комишанська,Сумська,Охтирський,сільська,50.303745,34.472309,15,131,2988,0,NA,NA,71.9021043343072,589.951837986234,NA,0,0,0,94.3,False,2026-09-09,1375,16216,2026-08-29,0,none,,,0,0.7183,0.1437
UA59040110000026694,Охтирська,Сумська,Охтирський,міська,50.3115386,34.8868923,11,82.8,47642,0.979387935015323,NA,NA,45.8325033231105,617.518329728382,53,0,0,1,53.2,False,2026-09-09,1375,16216,2026-08-29,0,none,,,0,0.7183,0.1437
UA59040130000041676,Тростянецька,Сумська,Охтирський,міська,50.48046,34.96467,38,788.1,28107,0.695342797167965,NA,NA,32.058924840624,629.757894023524,4,0,0,1,37.0,False,2026-09-09,1375,16216,2026-08-29,0,none,,,0,0.7183,0.1437
UA59040150000076482,Чернеччинська,Сумська,Охтирський,сільська,50.308109,34.80949,32,586.8,9576,0,NA,NA,50.7913114207896,612.272530646203,NA,0,0,0,57.4,False,2026-09-09,1375,16216,2026-08-29,0,none,,,0,0.7183,0.1437
UA59040170000054314,Чупахівська,Сумська,Охтирський,селищна,50.379852,34.584534,22,273.7,5530,0.391320072332731,NA,NA,61.2068375755711,600.601784012947,NA,0,0,0,83.9,False,2026-09-09,1375,16216,2026-08-29,0,none,,,0,0.7183,0.1437
UA59060010000042952,Андріяшівська,Сумська,Роменський,сільська,50.563202,33.381611,34,605.5,8368,0,NA,NA,98.1573403914553,532.947218766687,NA,0,0,0,104.6,False,2026-09-09,1375,16216,2026-08-29,0,none,,,0,0.7183,0.1437
UA59060030000069916,Вільшанська,Сумська,Роменський,сільська,50.819687,34.022835,22,260.6,4521,0,NA,NA,50.5929417368919,586.220024003468,NA,0,0,0,55.1,False,2026-09-09,1375,16216,2026-08-29,0,none,,,0,0.7183,0.1437
UA59060050000060884,Коровинська,Сумська,Роменський,сільська,50.809021,33.767509,20,192.5,3631,0,NA,NA,60.1735145568489,569.882366181371,NA,0,0,0,66.2,False,2026-09-09,1375,16216,2026-08-29,0,none,,,0,0.7183,0.1437
UA59060070000040784,Липоводолинська,Сумська,Роменський,селищна,50.5637857,33.7990004,40,587.7,12499,0.399311944955596,NA,NA,83.0096409145625,559.198699241474,2,0,0,0,87.6,False,2026-09-09,1375,16216,2026-08-29,0,none,,,0,0.7183,0.1437
UA59060090000012687,Недригайлівська,Сумська,Роменський,селищна,50.8358991,33.8782826,53,583.8,13946,0.5773698551556,NA,NA,53.7076673995664,578.140603371278,NA,0,0,0,59.0,False,2026-09-09,1375,16216,2026-08-29,0,none,,,0,0.7183,0.1437
UA59060110000049734,Роменська,Сумська,Роменський,міська,50.74207,33.4877,75,969.1,54264,0.695949432404541,NA,NA,78.0092737583115,549.074898218454,68,0,0,0,85.5,False,2026-09-09,1375,16216,2026-08-29,0,none,,,0,0.7183,0.1437
UA59060130000041204,Синівська,Сумська,Роменський,сільська,50.540791,34.091232,28,295.4,4575,0,NA,NA,79.0213822207659,576.521484877036,NA,0,0,0,82.5,False,2026-09-09,1375,16216,2026-08-29,0,none,,,0,0.7183,0.1437
UA59060150000055022,Хмелівська,Сумська,Роменський,сільська,50.881458,33.491482,25,387.5,5705,0,NA,NA,66.9889761263143,557.086490446586,NA,0,0,0,75.6,False,2026-09-09,1375,16216,2026-08-29,0,none,,,0,0.7183,0.1437
UA59080010000078468,Бездрицька,Сумська,Сумський,сільська,50.8669963,34.9476605,4,77.9,3425,0,NA,NA,26.8131550801561,646.693017267945,NA,0,0,0,26.3,False,2026-09-09,1375,16216,2026-08-29,0,none,,,0,0.7183,0.1437
UA59080030000075526,Білопільська,Сумська,Сумський,міська,51.1460449,34.3121992,54,543.2,22579,0.690907480402144,NA,NA,10.2840201434982,621.499721411598,5,0,0,1,13.6,False,2026-09-09,1375,16216,2026-08-29,0,none,,,0,0.7183,0.1437
UA59080050000061215,Верхньосироватська,Сумська,Сумський,сільська,50.831184,34.94207,10,176.7,6018,0,NA,NA,29.7506850313606,644.572178309682,NA,0,0,0,30.3,False,2026-09-09,1375,16216,2026-08-29,0,none,,,0,0.7183,0.1437
UA59080070000062635,Ворожбянська,Сумська,Сумський,міська,51.1722411,34.2245008,13,147.9,8114,0.822528962287404,NA,NA,9.28402013156128,617.67178510043,38,1,0,1,15.1,False,2026-09-09,1375,16216,2026-08-29,0,none,,,0,0.7183,0.1437
UA59080090000092991,Краснопільська,Сумська,Сумський,селищна,50.7712539,35.2563391,43,972.1,20421,0.470398119582782,NA,NA,11.4433750251023,661.648801120858,NA,0,0,1,9.5,False,2026-09-09,1375,16216,2026-08-29,0,none,,,1,0.7183,0.1937
UA59080110000034361,Лебединська,Сумська,Сумський,міська,50.5814148,34.4761301,125,1646.5,41421,0.576808865068444,NA,NA,64.5506246313877,602.913205471902,17,0,0,0,66.3,False,2026-09-09,1375,16216,2026-08-29,0,none,,,0,0.7183,0.1437
UA59080130000022249,Миколаївська,Сумська,Сумський,селищна,50.9395138,34.3729195,42,521.2,11970,0.530409356725146,NA,NA,33.5209551304761,614.161142318157,1,0,0,0,35.6,False,2026-09-09,1375,16216,2026-08-29,0,none,,,0,0.7183,0.1437
UA59080150000013842,Миколаївська,Сумська,Сумський,сільська,50.9395138,34.3729195,26,270.7,6685,0,NA,NA,33.5209551304761,614.161142318157,0,0,0,1,35.6,False,2026-09-09,1375,16216,2026-08-29,0,none,,,0,0.7183,0.1437
UA59080170000056499,Миропільська,Сумська,Сумський,сільська,51.0273334,35.2470264,10,301.1,4172,0,NA,NA,3.11229842826505,673.262151010693,NA,0,0,1,5.3,False,2026-09-09,1375,16216,2026-08-29,0,none,,,1,0.7183,0.1937
UA59080190000095280,Нижньосироватська,Сумська,Сумський,сільська,50.784302,34.829411,5,165,5782,0,NA,NA,39.1103162108138,635.166592953507,NA,0,0,0,37.0,False,2026-09-09,1375,16216,2026-08-29,0,none,,,0,0.7183,0.1437
UA59080210000075243,Річківська,Сумська,Сумський,сільська,51.1202488,34.4951996,17,230.2,4065,0,NA,NA,13.6363475463258,631.222285779513,NA,0,0,0,17.3,False,2026-09-09,1375,16216,2026-08-29,0,none,,,0,0.7183,0.1437
UA59080230000084731,Садівська,Сумська,Сумський,сільська,50.881664,34.71088,33,324.7,10000,0.2699,NA,NA,32.2331155827122,632.397674873138,12,0,0,0,27.8,False,2026-09-09,1375,16216,2026-08-29,0,none,,,0,0.7183,0.1437
UA59080250000082875,Степанівська,Сумська,Сумський,селищна,50.9417042,34.6422099,18,192.7,10787,0.491424863261333,NA,NA,26.0784950264366,631.048085079603,3,0,0,0,24.6,False,2026-09-09,1375,16216,2026-08-29,0,none,,,0,0.7183,0.1437
UA59080270000073662,Сумська,Сумська,Сумський,міська,50.9119775,34.8027723,21,349,267046,0.960411314904548,NA,NA,28.618596705575,639.66751112118,279,1,0,0,23.0,False,2026-09-09,1375,16216,2026-08-29,0,none,,,0,0.7183,0.1437
UA59080290000021284,Хотінська,Сумська,Сумський,селищна,51.0786763,34.78001,14,241.5,6096,0.375656167979003,NA,NA,10.4093434375391,646.570648974555,NA,0,0,1,6.1,False,2026-09-09,1375,16216,2026-08-29,0,none,,,1,0.7183,0.1937
UA59080310000049988,Юнаківська,Сумська,Сумський,сільська,51.1227143,35.032302,15,343.3,5735,0,NA,NA,7.65198679173129,664.476890764078,NA,0,0,1,1.0,True,2026-09-09,1375,16216,2026-08-29,0,none,,,1,0.7183,0.1937
UA59100010000064812,Березівська,Сумська,Шосткинський,сільська,51.7311446,33.8753315,21,463.1,4764,0,NA,NA,15.8475328516336,631.853399679707,NA,0,0,0,29.1,False,2026-09-09,1375,16216,2026-08-29,0,none,,,0,0.7183,0.1437
UA59100030000078744,Глухівська,Сумська,Шосткинський,міська,51.67831,33.9093,25,453.6,37931,0.838074398249453,NA,NA,11.8640043042681,630.255485871841,26,0,0,1,27.1,False,2026-09-09,1375,16216,2026-08-29,0,none,,,0,0.7183,0.1437
UA59100050000059594,Дружбівська,Сумська,Шосткинський,міська,52.0476694,33.9429257,12,126.6,5295,0.850613786591124,NA,NA,8.53534645915388,657.032587185356,10,0,0,1,35.3,False,2026-09-09,1375,16216,2026-08-29,0,none,,,0,0.7183,0.1437
UA59100070000019079,Есманьська,Сумська,Шосткинський,селищна,51.767231,34.06345,29,551,5429,0.238165407994106,NA,NA,9.74175012226686,644.660132204333,NA,0,0,1,17.0,False,2026-09-09,1375,16216,2026-08-29,0,none,,,0,0.7183,0.1437
UA59100090000041284,Зноб-Новгородська,Сумська,Шосткинський,селищна,52.264019,33.598251,29,529.9,4690,0.390191897654584,NA,NA,4.98921763745078,654.274977717948,NA,0,0,1,68.8,False,2026-09-09,1375,16216,2026-08-29,0,none,,,0,0.7183,0.1437
UA59100110000012703,Свеська,Сумська,Шосткинський,селищна,51.94816,33.93299,17,296.5,8282,0.746921033566771,NA,NA,12.8655639115099,649.634601636384,0,0,0,1,30.5,False,2026-09-09,1375,16216,2026-08-29,0,none,,,0,0.7183,0.1437
UA59100130000041016,Середино-Будська,Сумська,Шосткинський,міська,52.1886906,34.0306022,34,592.9,10308,0.668218859138533,NA,NA,1.43517622536966,671.522804079901,NA,0,0,1,42.7,False,2026-09-09,1375,16216,2026-08-29,0,none,,,0,0.7183,0.1437
UA59100150000074932,Шалигинська,Сумська,Шосткинський,селищна,51.575661,34.099838,10,275.6,4131,0.538852578068264,NA,NA,6.15877508033248,634.414780739641,1,0,0,1,20.5,False,2026-09-09,1375,16216,2026-08-29,0,none,,,0,0.7183,0.1437
UA59100170000093676,Шосткинська,Сумська,Шосткинський,міська,51.8643223,33.4728213,38,1255.8,90591,0.86681899967988,NA,NA,45.5372115693934,619.17379683314,22,1,0,1,59.0,False,2026-09-09,1375,16216,2026-08-29,0,none,,,0,0.7183,0.1437
UA59100190000010734,Ямпільська,Сумська,Шосткинський,селищна,51.9481126,33.778454,32,521.1,8011,0.539757832979653,NA,NA,22.6922322343478,641.323500704681,2,1,0,0,43.7,False,2026-09-09,1375,16216,2026-08-29,0,none,,,0,0.7183,0.1437
UA61020010000028670,Борсуківська,Тернопільська,Кременецький,сільська,49.88651,25.98335,11,152.1,6235,0,NA,NA,210.233927289279,152.055493077457,NA,0,0,0,550.1,False,2026-09-09,0,16,2026-08-29,0,none,,,0,0.0004,0.0001
UA61020030000060484,Великодедеркальська,Тернопільська,Кременецький,сільська,50.0265257,26.1233693,13,164.6,6228,0,NA,NA,191.933881170985,155.273829707916,NA,0,0,0,552.7,False,2026-09-09,0,16,2026-08-29,0,none,,,0,0.0004,0.0001
UA61020050000098539,Вишнівецька,Тернопільська,Кременецький,селищна,49.90162,25.75127,28,322.4,17267,0.184108414895465,NA,NA,216.126204047209,136.363446929536,2,0,0,0,564.0,False,2026-09-09,0,16,2026-08-29,0,none,,,0,0.0004,0.0001
UA61020070000092368,Кременецька,Тернопільська,Кременецький,міська,50.0960966,25.7260783,44,522.9,41611,0.49208142077816,NA,NA,196.568529608478,126.035166200884,38,0,0,0,579.1,False,2026-09-09,0,16,2026-08-29,0,none,,,0,0.0004,0.0001
UA61020090000020422,Лановецька,Тернопільська,Кременецький,міська,49.8734191,26.0780148,41,479,21442,0.383126574013618,NA,NA,208.863962872149,158.828844199215,14,0,0,0,543.9,False,2026-09-09,0,16,2026-08-29,0,none,,,0,0.0004,0.0001
UA61020110000084342,Лопушненська,Тернопільська,Кременецький,сільська,49.92222,25.46734,11,143.7,5110,0,NA,NA,211.392522260671,117.405534170509,NA,0,0,0,581.4,False,2026-09-09,0,16,2026-08-29,0,none,,,0,0.0004,0.0001
UA61020130000037505,Почаївська,Тернопільська,Кременецький,міська,50.0017638,25.5110926,12,217.2,17704,0.43114550384094,NA,NA,205.25906324622,116.022770803775,NA,0,0,0,584.4,False,2026-09-09,0,16,2026-08-29,0,none,,,0,0.0004,0.0001
UA61020150000036935,Шумська,Тернопільська,Кременецький,міська,50.1183638,26.1186214,44,632,24466,0.216627156053298,NA,NA,182.772687151593,151.631940686792,2,0,0,0,559.8,False,2026-09-09,0,16,2026-08-29,0,none,,,0,0.0004,0.0001
UA61040010000042862,Байковецька,Тернопільська,Тернопільський,сільська,49.5529251,25.6621317,15,161.2,12054,0,NA,NA,253.606875023736,152.615996799743,2,0,0,0,546.0,False,2026-09-09,0,16,2026-08-29,0,none,,,0,0.0004,0.0001
UA61040030000060956,Бережанська,Тернопільська,Тернопільський,міська,49.4450296,24.938854,21,242.5,26259,0.65269050611219,NA,NA,245.392394578006,126.900969282881,139,0,0,0,583.4,False,2026-09-09,0,16,2026-08-29,0,none,,,0,0.0004,0.0001
UA61040050000096355,Білецька,Тернопільська,Тернопільський,сільська,49.5852204,25.57982,10,137.6,10735,0,NA,NA,248.382273821186,145.752490049599,2,0,0,0,553.0,False,2026-09-09,0,16,2026-08-29,0,none,,,0,0.0004,0.0001
UA61040070000079091,Великоберезовицька,Тернопільська,Тернопільський,селищна,49.5019863,25.6112886,13,202,23086,0.372173611712726,NA,NA,257.699739423304,153.518711532718,22,0,0,0,545.8,False,2026-09-09,0,16,2026-08-29,0,none,,,0,0.0004,0.0001
UA61040090000047241,Великобірківська,Тернопільська,Тернопільський,селищна,49.5244111,25.7547038,4,65.4,5944,0.567799461641992,NA,NA,253.701342092372,154.259769890492,1,0,0,0,538.8,False,2026-09-09,0,16,2026-08-29,0,none,,,0,0.0004,0.0001
UA61040110000010646,Великогаївська,Тернопільська,Тернопільський,сільська,49.525681,25.638309,15,142.5,11133,0,NA,NA,256.185490918747,153.24784760079,2,0,0,0,545.7,False,2026-09-09,0,16,2026-08-29,0,none,,,0,0.0004,0.0001
UA61040130000085402,Залозецька,Тернопільська,Тернопільський,селищна,49.8022871,25.3836982,18,247,10402,0.240146125745049,NA,NA,220.505724877786,119.813664148116,NA,0,0,0,578.3,False,2026-09-09,0,16,2026-08-29,0,none,,,0,0.0004,0.0001
UA61040150000098181,Збаразька,Тернопільська,Тернопільський,міська,49.6607393,25.7768485,54,590.8,38415,0.347416373812313,NA,NA,239.238550243277,151.900681930859,41,0,0,0,546.2,False,2026-09-09,0,16,2026-08-29,0,none,,,0,0.0004,0.0001
UA61040170000086062,Зборівська,Тернопільська,Тернопільський,міська,49.6645222,25.1386197,53,466.9,19017,0.348162170689383,NA,NA,227.72383776176,116.410344550302,9,1,0,0,584.2,False,2026-09-09,0,16,2026-08-29,0,none,,,0,0.0004,0.0001
UA61040190000027979,Золотниківська,Тернопільська,Тернопільський,сільська,49.29256,25.37567,21,284.2,7498,0,NA,NA,272.459458812208,141.720414540655,NA,0,0,0,547.6,False,2026-09-09,0,16,2026-08-29,0,none,,,0,0.0004,0.0001
UA61040210000084270,Іванівська,Тернопільська,Тернопільський,сільська,49.27608,25.82851,5,109.5,4024,0,NA,NA,277.251941201466,126.349639022248,NA,0,0,0,518.8,False,2026-09-09,0,16,2026-08-29,0,none,,,0,0.0004,0.0001
UA61040230000060213,Козівська,Тернопільська,Тернопільський,селищна,49.4332743,25.1484661,36,428,24732,0.353792657286107,NA,NA,252.224985774416,136.510344656969,22,0,0,0,569.8,False,2026-09-09,0,16,2026-08-29,0,none,,,0,0.0004,0.0001
UA61040250000021345,Козлівська,Тернопільська,Тернопільський,селищна,49.55658,25.33962,5,95.4,4351,0.404045047115606,NA,NA,244.17225956876,135.118106276104,1,0,0,0,565.5,False,2026-09-09,0,16,2026-08-29,0,none,,,0,0.0004,0.0001
UA61040270000064661,Купчинецька,Тернопільська,Тернопільський,сільська,49.45084,25.35645,8,97.6,3759,0,NA,NA,255.531559902945,144.516899773102,NA,0,0,0,558.1,False,2026-09-09,0,16,2026-08-29,0,none,,,0,0.0004,0.0001
UA61040290000047781,Микулинецька,Тернопільська,Тернопільський,селищна,49.39968,25.60261,20,239.4,16974,0.319429716036291,NA,NA,267.738040702157,145.042615212179,14,0,0,0,540.0,False,2026-09-09,0,16,2026-08-29,0,none,,,0,0.0004,0.0001
UA61040310000059301,Нараївська,Тернопільська,Тернопільський,сільська,49.5298,24.775539,18,218.1,6656,0,NA,NA,232.490694690823,112.789609687105,NA,0,0,0,598.4,False,2026-09-09,0,16,2026-08-29,0,none,,,0,0.0004,0.0001
UA61040330000096161,Озернянська,Тернопільська,Тернопільський,сільська,49.627991,25.33173,13,167.6,6980,0,NA,NA,236.624905956469,129.181373552075,NA,0,0,0,570.4,False,2026-09-09,0,16,2026-08-29,0,none,,,0,0.0004,0.0001
UA61040350000078247,Підволочиська,Тернопільська,Тернопільський,селищна,49.531358,26.1440799,23,350.6,18356,0.415776857703203,NA,NA,242.888086560574,145.618138706497,5,1,0,0,516.4,False,2026-09-09,0,16,2026-08-29,0,none,,,0,0.0004,0.0001
UA61040370000060170,Підгаєцька,Тернопільська,Тернопільський,міська,49.2680238,25.1361578,36,474.9,16236,0.160692288741069,NA,NA,268.947683249095,149.046931507781,4,0,0,0,561.2,False,2026-09-09,0,16,2026-08-29,0,none,,,0,0.0004,0.0001
UA61040390000066619,Підгороднянська,Тернопільська,Тернопільський,сільська,49.5386922,25.5198852,7,123.7,7278,0,NA,NA,251.195709980213,145.8863985295,1,0,0,0,553.6,False,2026-09-09,0,16,2026-08-29,0,none,,,0,0.0004,0.0001
UA61040410000065219,Саранчуківська,Тернопільська,Тернопільський,сільська,49.35676,24.98428,19,222.2,6308,0,NA,NA,255.734622006707,136.999673732385,NA,0,0,0,575.6,False,2026-09-09,0,16,2026-08-29,0,none,,,0,0.0004,0.0001
UA61040430000018305,Скалатська,Тернопільська,Тернопільський,міська,49.4247925,25.9775084,16,224.3,13143,0.284486038195237,NA,NA,258.007136960602,137.933382594783,2,0,0,0,519.0,False,2026-09-09,0,16,2026-08-29,0,none,,,0,0.0004,0.0001
UA61040450000064468,Скориківська,Тернопільська,Тернопільський,сільська,49.59949,26.13888,23,262.8,8105,0,NA,NA,235.822273758508,153.055909410048,NA,0,0,0,521.3,False,2026-09-09,0,16,2026-08-29,0,none,,,0,0.0004,0.0001
UA61040470000038207,Теребовлянська,Тернопільська,Тернопільський,міська,49.2960742,25.692491,28,440.7,30293,0.436602515432608,NA,NA,278.812205216854,131.916176857816,33,1,0,0,528.3,False,2026-09-09,0,16,2026-08-29,0,none,,,0,0.0004,0.0001
UA61040490000035010,Тернопільська,Тернопільська,Тернопільський,міська,49.5557716,25.591886,11,166.7,227619,0.9885115038727,NA,NA,251.706199126038,148.527293350609,533,1,0,0,550.4,False,2026-09-09,0,16,2026-08-29,0,none,,,0,0.0004,0.0001
UA61060010000070653,Білобожницька,Тернопільська,Чортківський,сільська,49.0487543,25.6754577,18,269.8,10642,0,NA,NA,304.831045457651,107.416714041815,NA,0,0,0,515.0,False,2026-09-09,0,16,2026-08-29,0,none,,,0,0.0004,0.0001
UA61060030000070527,Більче-Золотецька,Тернопільська,Чортківський,сільська,48.7752966,25.8779034,7,103.9,3918,0,NA,NA,328.509037602107,73.6230293004046,1,0,0,0,487.3,False,2026-09-09,0,16,2026-08-29,0,none,,,0,0.0004,0.0001
UA61060050000068464,Борщівська,Тернопільська,Чортківський,міська,48.8025557,26.0401871,26,411.4,28717,0.370233659504823,NA,NA,321.18558986042,71.5626534272076,29,0,0,0,478.3,False,2026-09-09,0,16,2026-08-29,0,none,,,0,0.0004,0.0001
UA61060070000098188,Бучацька,Тернопільська,Чортківський,міська,49.0630503,25.389969,37,524.2,37323,0.326099188168154,NA,NA,296.837971745617,119.756292214969,47,0,0,0,533.9,False,2026-09-09,0,16,2026-08-29,0,none,,,0,0.0004,0.0001
UA61060090000060396,Васильковецька,Тернопільська,Чортківський,сільська,49.09275,26.07502,9,170.1,7941,0,NA,NA,290.393040202459,101.081037115609,NA,0,0,0,492.7,False,2026-09-09,0,16,2026-08-29,0,none,,,0,0.0004,0.0001
UA61060110000078824,Гримайлівська,Тернопільська,Чортківський,селищна,49.33205,26.00979,25,330.9,9334,0.187808013713306,NA,NA,266.981447299948,127.466525688661,NA,0,0,0,511.4,False,2026-09-09,0,16,2026-08-29,0,none,,,0,0.0004,0.0001
UA61060130000045755,Гусятинська,Тернопільська,Чортківський,селищна,49.0707755,26.1996027,17,245.8,15413,0.456368001038085,NA,NA,289.16877291377,95.4232963434659,25,0,0,0,483.7,False,2026-09-09,0,16,2026-08-29,0,none,,,0,0.0004,0.0001
UA61060150000032895,Заводська,Тернопільська,Чортківський,селищна,48.9995988,25.8551013,6,90.4,6758,0.488310150932228,NA,NA,305.608499993966,96.9214924867744,21,0,0,0,500.9,False,2026-09-09,0,16,2026-08-29,0,none,,,0,0.0004,0.0001
UA61060170000051011,Заліщицька,Тернопільська,Чортківський,міська,48.6402658,25.735898,30,351.9,26607,0.335550794903597,NA,NA,346.316524966485,67.145419802785,43,1,0,0,489.8,False,2026-09-09,0,16,2026-08-29,0,none,,,0,0.0004,0.0001
UA61060190000016283,Золотопотіцька,Тернопільська,Чортківський,селищна,48.90907,25.34271,15,160.4,15076,0.156540196338551,NA,NA,311.590466813698,108.636936058514,NA,0,0,0,528.9,False,2026-09-09,0,16,2026-08-29,0,none,,,0,0.0004,0.0001
UA61060210000021722,Іване-Пустенська,Тернопільська,Чортківський,сільська,48.6450356,26.1868312,4,80.4,4754,0,NA,NA,333.919193320183,51.556520393861,NA,0,0,0,460.5,False,2026-09-09,0,16,2026-08-29,0,none,,,0,0.0004,0.0001
UA61060230000067504,Колиндянська,Тернопільська,Чортківський,сільська,48.96229,25.95314,8,155.8,6488,0,NA,NA,307.244342606153,90.4292679852241,NA,0,0,0,492.7,False,2026-09-09,0,16,2026-08-29,0,none,,,0,0.0004,0.0001
UA61060250000062700,Копичинецька,Тернопільська,Чортківський,міська,49.1068616,25.9085276,12,171,12959,0.501736245080639,NA,NA,293.062118825767,106.663901591032,10,1,0,0,503.8,False,2026-09-09,0,16,2026-08-29,0,none,,,0,0.0004,0.0001
UA61060270000084790,Коропецька,Тернопільська,Чортківський,селищна,48.9331,25.17414,8,87.1,5872,0.512261580381471,NA,NA,304.705016520407,113.693223050216,1,0,0,0,541.1,False,2026-09-09,0,16,2026-08-29,0,none,,,0,0.0004,0.0001
UA61060290000038953,Мельнице-Подільська,Тернопільська,Чортківський,селищна,48.60626,26.16428,22,244.4,16295,0.220681190549248,NA,NA,338.535053838073,47.9407691551218,NA,0,0,0,460.0,False,2026-09-09,0,16,2026-08-29,0,none,,,0,0.0004,0.0001
UA61060310000061998,Монастириська,Тернопільська,Чортківський,міська,49.0908395,25.1717816,40,471.4,19025,0.282785808147175,NA,NA,288.218147359707,131.00249276507,3,0,0,0,549.3,False,2026-09-09,0,16,2026-08-29,0,none,,,0,0.0004,0.0001
UA61060330000041227,Нагірянська,Тернопільська,Чортківський,сільська,48.9362519,25.7400693,12,180.9,8478,0,NA,NA,314.97617263947,94.1634019066828,NA,0,0,0,504.7,False,2026-09-09,0,16,2026-08-29,0,none,,,0,0.0004,0.0001
UA61060350000024021,Скала-Подільська,Тернопільська,Чортківський,селищна,48.846608,26.2016053,15,184.9,10062,0.406877360365732,NA,NA,312.416814475203,72.374287747609,NA,0,0,0,470.5,False,2026-09-09,0,16,2026-08-29,0,none,,,0,0.0004,0.0001
UA61060370000081851,Товстенська,Тернопільська,Чортківський,селищна,48.84487,25.72586,26,338.8,18074,0.174615469735532,NA,NA,324.922121197949,85.9408652902533,1,0,0,0,500.8,False,2026-09-09,0,16,2026-08-29,0,none,,,0,0.0004,0.0001
UA61060390000013361,Трибухівська,Тернопільська,Чортківський,сільська,49.0436328,25.45807,7,118.7,8627,0,NA,NA,300.515231050384,115.139033841212,NA,0,0,0,528.5,False,2026-09-09,0,16,2026-08-29,0,none,,,0,0.0004,0.0001
UA61060410000092242,Хоростківська,Тернопільська,Чортківський,міська,49.2121531,25.9168525,10,183.6,13537,0.491393957302209,NA,NA,281.77337002825,117.62036024976,5,1,0,0,509.5,False,2026-09-09,0,16,2026-08-29,0,none,,,0,0.0004,0.0001
UA61060430000094264,Чортківська,Тернопільська,Чортківський,міська,49.0160555,25.7925191,8,151.7,36393,0.777045036133322,NA,NA,305.337462611814,100.404949708192,125,1,0,0,505.8,False,2026-09-09,0,16,2026-08-29,0,none,,,0,0.0004,0.0001
UA63020010000079018,Богодухівська,Харківська,Богодухівський,міська,50.1601711,35.5220539,78,1157.8,36348,0.489462969076703,NA,NA,22.5817022575143,650.425580851096,23,1,0,1,40.3,False,2026-09-09,1144,7498,2026-08-29,1.2,oblast_cascade,,Zmiivska TPP; Kharkiv TEC-5,0,0.332,0.3664
UA63020030000094096,Валківська,Харківська,Богодухівський,міська,49.8305999,35.6088208,102,1018.2,29804,0.444638303583412,NA,NA,57.9886656561547,638.410353739295,21,0,0,1,70.4,False,2026-09-09,1144,7498,2026-08-29,1.2,oblast_cascade,,Zmiivska TPP; Kharkiv TEC-5,0,0.332,0.3664
UA63020050000045982,Золочівська,Харківська,Богодухівський,селищна,50.2790531,35.9824347,73,970.2,23696,0.326806212018906,NA,NA,17.1873359275528,685.451369182005,31,0,0,1,17.0,False,2026-09-09,1144,7498,2026-08-29,1.2,oblast_cascade,,Zmiivska TPP; Kharkiv TEC-5,0,0.332,0.3664
UA63020070000090466,Коломацька,Харківська,Богодухівський,селищна,49.8436,35.31349,34,321.8,6399,0.409282700421941,NA,NA,60.7761570745663,620.294728519964,NA,0,0,1,90.5,False,2026-09-09,1144,7498,2026-08-29,1.2,oblast_cascade,,Zmiivska TPP; Kharkiv TEC-5,0,0.332,0.3664
UA63020090000096294,Краснокутська,Харківська,Богодухівський,селищна,50.0625892,35.1647821,66,1040.1,26040,0.275115207373272,NA,NA,45.9644048737885,622.9266499305,6,0,0,1,68.2,False,2026-09-09,1144,7498,2026-08-29,1.2,oblast_cascade,,Zmiivska TPP; Kharkiv TEC-5,0,0.332,0.3664
UA63040010000010092,Балаклійська,Харківська,Ізюмський,міська,49.4521336,36.8397826,37,1295.8,44548,0.591137649277184,NA,NA,86.2257891041979,703.268539154576,28,0,0,1,88.3,False,2026-09-09,1144,7498,2026-08-29,1.2,oblast_cascade,,Zmiivska TPP; Kharkiv TEC-5,0,0.332,0.3664
UA63040030000052515,Барвінківська,Харківська,Ізюмський,міська,48.9070045,37.0287573,60,1361.2,19092,0.410643201340876,NA,NA,132.212450697702,677.967750423256,12,0,0,1,52.7,False,2026-09-09,1144,7498,2026-08-29,1.2,oblast_cascade,,Zmiivska TPP; Kharkiv TEC-5,0,0.332,0.3664
UA63040050000042831,Борівська,Харківська,Ізюмський,селищна,49.3838133,37.6330137,38,877.7,15335,0.329638082817085,NA,NA,64.2550975777917,744.577654974836,7,0,0,1,5.2,False,2026-09-09,1144,7498,2026-08-29,1.2,oblast_cascade,,Zmiivska TPP; Kharkiv TEC-5,1,0.332,0.4164
UA63040070000092606,Донецька,Харківська,Ізюмський,селищна,49.50817,36.57623,14,344.7,22236,0.756520957006656,NA,NA,79.0522703428243,687.573341023684,11,0,0,1,81.4,False,2026-09-09,1144,7498,2026-08-29,1.2,oblast_cascade,,Zmiivska TPP; Kharkiv TEC-5,0,0.332,0.3664
UA63040090000021240,Ізюмська,Харківська,Ізюмський,міська,49.1913721,37.2784125,16,414.7,48072,0.935659011482776,NA,NA,95.8065767505099,711.187870723964,37,1,0,1,30.3,False,2026-09-09,1144,7498,2026-08-29,1.2,oblast_cascade,,Zmiivska TPP; Kharkiv TEC-5,0,0.332,0.3664
UA63040110000053205,Куньєвська,Харківська,Ізюмський,сільська,49.392471,37.246738,18,333,4327,0,NA,NA,79.961756288156,722.801237882518,NA,0,0,1,31.3,False,2026-09-09,1144,7498,2026-08-29,1.2,oblast_cascade,,Zmiivska TPP; Kharkiv TEC-5,0,0.332,0.3664
UA63040130000098894,Оскільська,Харківська,Ізюмський,сільська,49.173799,37.4273429,27,856.2,8310,0,NA,NA,91.8542231874655,718.821861254704,5,0,0,1,19.3,False,2026-09-09,1144,7498,2026-08-29,1.2,oblast_cascade,,Zmiivska TPP; Kharkiv TEC-5,0,0.332,0.3664
UA63040150000053402,Савинська,Харківська,Ізюмський,селищна,49.39625,37.05036,18,422.9,10200,0.508039215686275,NA,NA,90.2591407515862,711.889609542899,11,0,0,1,45.4,False,2026-09-09,1144,7498,2026-08-29,1.2,oblast_cascade,,Zmiivska TPP; Kharkiv TEC-5,0,0.332,0.3664
UA63060010000015783,Зачепилівська,Харківська,Красноградський,селищна,49.1954572,35.2408676,38,794.8,13999,0.236945496106865,NA,NA,131.545771311874,584.839474658422,10,0,0,1,145.7,False,2026-09-09,1144,7498,2026-08-29,1.2,oblast_cascade,,Zmiivska TPP; Kharkiv TEC-5,0,0.332,0.3664
UA63060030000041642,Кегичівська,Харківська,Красноградський,селищна,49.2862713,35.7694811,40,782.6,19633,0.419344980390159,NA,NA,118.089996478969,624.222091372466,4,1,0,1,117.7,False,2026-09-09,1144,7498,2026-08-29,1.2,oblast_cascade,,Zmiivska TPP; Kharkiv TEC-5,0,0.332,0.3664
UA63060050000033240,Красноградська,Харківська,Красноградський,міська,49.3741326,35.4494234,26,483.4,30691,0.641034831057965,NA,NA,109.46955597665,606.471560747295,26,1,0,1,122.3,False,2026-09-09,1144,7498,2026-08-29,1.2,oblast_cascade,,Zmiivska TPP; Kharkiv TEC-5,0,0.332,0.3664
UA63060070000031032,Наталинська,Харківська,Красноградський,сільська,49.346809,35.47588,30,502.5,10964,0,NA,NA,112.290172042592,607.043097459795,3,0,0,1,124.8,False,2026-09-09,1144,7498,2026-08-29,1.2,oblast_cascade,,Zmiivska TPP; Kharkiv TEC-5,0,0.332,0.3664
UA63060090000041888,Сахновщинська,Харківська,Красноградський,селищна,49.1517351,35.875332,64,1168.1,19453,0.354701074384414,NA,NA,130.38454064725,626.167914556132,8,1,0,1,129.4,False,2026-09-09,1144,7498,2026-08-29,1.2,oblast_cascade,,Zmiivska TPP; Kharkiv TEC-5,0,0.332,0.3664
UA63060110000043554,Старовірівська,Харківська,Красноградський,сільська,49.55555,35.748138,22,602.8,9116,0,NA,NA,88.698256289363,634.329970901956,1,0,0,1,98.1,False,2026-09-09,1144,7498,2026-08-29,1.2,oblast_cascade,,Zmiivska TPP; Kharkiv TEC-5,0,0.332,0.3664
UA63080010000040281,Великобурлуцька,Харківська,Куп’янський,селищна,50.05422,37.38939,51,837.9,14440,0.250277008310249,NA,NA,22.4556867169082,764.449932324206,1,0,0,1,21.0,False,2026-09-09,1144,7498,2026-08-29,1.2,oblast_cascade,,Zmiivska TPP; Kharkiv TEC-5,0,0.332,0.3664
UA63080030000019649,Вільхуватська,Харківська,Куп’янський,сільська,50.185158,37.5181193,30,382.6,5962,0.323381415632338,NA,NA,7.72771635091707,778.641441289858,1,0,0,1,4.0,False,2026-09-09,1144,7498,2026-08-29,1.2,oblast_cascade,,Zmiivska TPP; Kharkiv TEC-5,1,0.332,0.4164
UA63080050000048455,Дворічанська,Харківська,Куп’янський,селищна,49.8509377,37.682613,55,1109.1,15831,0.207820099804182,NA,NA,24.807216948547,775.522033823484,6,0,0,1,1.1,True,2026-09-09,1144,7498,2026-08-29,1.2,oblast_cascade,,Zmiivska TPP; Kharkiv TEC-5,1,0.332,0.4164
UA63080070000080622,Кіндрашівська,Харківська,Куп’янський,сільська,49.769779,37.586632,32,404.8,5875,0,NA,NA,34.8961876261847,765.914374270032,1,0,0,1,2.4,False,2026-09-09,1144,7498,2026-08-29,1.2,oblast_cascade,,Zmiivska TPP; Kharkiv TEC-5,1,0.332,0.4164
UA63080090000067457,Куп’янська,Харківська,Куп’янський,міська,49.7132963,37.6141992,12,148.5,54431,0.970017085851812,NA,NA,36.5193752295242,765.625430252411,13,1,0,1,5.6,False,2026-09-09,1144,7498,2026-08-29,1.2,oblast_cascade,,Zmiivska TPP; Kharkiv TEC-5,1,0.332,0.4164
UA63080110000021737,Курилівська,Харківська,Куп’янський,сільська,49.6604248,37.6984775,13,416.6,9507,0,NA,NA,35.8983441089294,766.820428433915,1,0,0,1,1.1,False,2026-09-09,1144,7498,2026-08-29,1.2,oblast_cascade,,Zmiivska TPP; Kharkiv TEC-5,1,0.332,0.4164
UA63080130000077600,Петропавлівська,Харківська,Куп’янський,сільська,49.7165773,37.7192491,16,337.3,5106,0,NA,NA,30.4050668974628,771.829561552552,1,0,0,1,2.3,False,2026-09-09,1144,7498,2026-08-29,1.2,oblast_cascade,,Zmiivska TPP; Kharkiv TEC-5,1,0.332,0.4164
UA63080150000094794,Шевченківська,Харківська,Куп’янський,селищна,49.6949729,37.1753112,60,976.1,18959,0.349543752307611,NA,NA,59.5281221193962,735.312403011762,23,0,0,1,32.9,False,2026-09-09,1144,7498,2026-08-29,1.2,oblast_cascade,,Zmiivska TPP; Kharkiv TEC-5,0,0.332,0.3664
UA63100010000016136,Біляївська,Харківська,Лозівський,сільська,49.26566055,36.3094626143977,25,424.5,5531,0,NA,NA,108.605381808526,660.128276183414,2,0,0,1,109.2,False,2026-09-09,1144,7498,2026-08-29,1.2,oblast_cascade,,Zmiivska TPP; Kharkiv TEC-5,0,0.332,0.3664
UA63100030000050119,Близнюківська,Харківська,Лозівський,селищна,48.85311,36.55186,97,1378.5,17094,0.202819702819703,NA,NA,151.883187925162,646.228338293437,34,0,0,1,66.5,False,2026-09-09,1144,7498,2026-08-29,1.2,oblast_cascade,,Zmiivska TPP; Kharkiv TEC-5,0,0.332,0.3664
UA63100050000079487,Лозівська,Харківська,Лозівський,міська,48.8842428,36.3160254,91,1424.7,87724,0.791801559436414,NA,NA,150.181114195363,634.656753032315,72,0,0,1,79.7,False,2026-09-09,1144,7498,2026-08-29,1.2,oblast_cascade,,Zmiivska TPP; Kharkiv TEC-5,0,0.332,0.3664
UA63100070000048302,Олексіївська,Харківська,Лозівський,сільська,49.394455,36.284039,25,654.1,6932,0,NA,NA,95.177007993111,663.334468298606,3,0,0,1,95.6,False,2026-09-09,1144,7498,2026-08-29,1.2,oblast_cascade,,Zmiivska TPP; Kharkiv TEC-5,0,0.332,0.3664
UA63100090000052019,Первомайська,Харківська,Лозівський,міська,49.37393,36.22089,9,145.3,30080,0.94780585106383,NA,NA,98.5917662847296,658.251016748828,10,1,0,1,98.5,False,2026-09-09,1144,7498,2026-08-29,1.2,oblast_cascade,,Zmiivska TPP; Kharkiv TEC-5,0,0.332,0.3664
UA63120010000021682,Безлюдівська,Харківська,Харківський,селищна,49.87072,36.29848,11,138.1,23375,0.802566844919786,NA,NA,45.1971435054033,684.846643206582,12,0,0,1,43.5,False,2026-09-09,1144,7498,2026-08-29,1.2,oblast_cascade,,Zmiivska TPP; Kharkiv TEC-5,0,0.332,0.3664
UA63120030000035245,Височанська,Харківська,Харківський,селищна,49.8911681,36.1286649,6,63.6,26703,0.945137250496199,NA,NA,46.1803273695211,674.809410693918,1,0,0,1,45.6,False,2026-09-09,1144,7498,2026-08-29,1.2,oblast_cascade,,Zmiivska TPP; Kharkiv TEC-5,0,0.332,0.3664
UA63120050000019867,Вільхівська,Харківська,Харківський,сільська,49.98745,36.513748,16,219,12030,0.247049044056525,NA,NA,27.2060487939191,704.297370870805,14,0,0,1,27.9,False,2026-09-09,1144,7498,2026-08-29,1.2,oblast_cascade,,Zmiivska TPP; Kharkiv TEC-5,0,0.332,0.3664
UA63120070000018741,Дергачівська,Харківська,Харківський,міська,50.107307,36.1205965,38,543.8,42823,0.696378114564603,NA,NA,24.0930047576385,685.02586375976,3,0,0,1,28.9,False,2026-09-09,1144,7498,2026-08-29,1.2,oblast_cascade,,Zmiivska TPP; Kharkiv TEC-5,0,0.332,0.3664
UA63120090000046130,Липецька,Харківська,Харківський,сільська,50.203121,36.422314,17,362.5,13165,0,NA,NA,10.2438671934566,709.013560632845,28,0,0,1,5.4,False,2026-09-09,1144,7498,2026-08-29,1.2,oblast_cascade,,Zmiivska TPP; Kharkiv TEC-5,1,0.332,0.4164
UA63120110000043456,Люботинська,Харківська,Харківський,міська,49.9435604,35.9185185,15,137.7,26669,0.774907195620383,NA,NA,47.2381482439431,663.878823638002,6,0,0,1,54.0,False,2026-09-09,1144,7498,2026-08-29,1.2,oblast_cascade,,Zmiivska TPP; Kharkiv TEC-5,0,0.332,0.3664
UA63120130000010762,Малоданилівська,Харківська,Харківський,селищна,50.0561227,36.1706244,7,104.7,13158,0.614455084359325,NA,NA,27.7504227201735,685.606420168356,2,0,0,1,27.7,False,2026-09-09,1144,7498,2026-08-29,1.2,oblast_cascade,,Zmiivska TPP; Kharkiv TEC-5,0,0.332,0.3664
UA63120150000086206,Мереф’янська,Харківська,Харківський,міська,49.8183386,36.0628675,9,131.7,25286,0.883769674918927,NA,NA,55.2783076578877,667.074334563343,9,0,0,1,54.9,False,2026-09-09,1144,7498,2026-08-29,1.2,oblast_cascade,,Zmiivska TPP; Kharkiv TEC-5,0,0.332,0.3664
UA63120170000093573,Нововодолазька,Харківська,Харківський,селищна,49.7181212,35.8601594,36,579.8,21484,0.510891826475517,NA,NA,71.0615025200356,649.162869285793,7,0,0,1,79.2,False,2026-09-09,1144,7498,2026-08-29,1.2,oblast_cascade,,Zmiivska TPP; Kharkiv TEC-5,0,0.332,0.3664
UA63120190000093717,Південноміська,Харківська,Харківський,міська,49.8847449,36.0666511,5,55.6,13715,0.958658403208166,NA,NA,48.1954470524811,670.496001160026,6,0,0,1,48.0,False,2026-09-09,1144,7498,2026-08-29,1.2,oblast_cascade,,Zmiivska TPP; Kharkiv TEC-5,0,0.332,0.3664
UA63120210000075842,Пісочинська,Харківська,Харківський,селищна,49.9622881,36.1239316,8,78.9,32490,0.924007386888273,NA,NA,38.7033276773071,677.960420895835,14,0,0,1,38.5,False,2026-09-09,1144,7498,2026-08-29,1.2,oblast_cascade,,Zmiivska TPP; Kharkiv TEC-5,0,0.332,0.3664
UA63120230000080742,Роганська,Харківська,Харківський,селищна,49.9035,36.479103,7,78.2,13371,0.243960810709745,NA,NA,36.8644075132399,698.125779437698,1,0,0,1,37.3,False,2026-09-09,1144,7498,2026-08-29,1.2,oblast_cascade,,Zmiivska TPP; Kharkiv TEC-5,0,0.332,0.3664
UA63120250000081463,Солоницівська,Харківська,Харківський,селищна,49.984881,36.0681717,18,246.7,34942,0.768645183446855,NA,NA,37.8658219615966,675.506422028065,15,0,0,1,43.0,False,2026-09-09,1144,7498,2026-08-29,1.2,oblast_cascade,,Zmiivska TPP; Kharkiv TEC-5,0,0.332,0.3664
UA63120270000028556,Харківська,Харківська,Харківський,міська,49.9923181,36.2310146,1,349.8,1421125,1,NA,NA,33.672493427949,686.305563386897,601,1,0,1,32.5,False,2026-09-09,1144,7498,2026-08-29,2,hosts_facility,Kharkiv TEC-5,Zmiivska TPP; Kharkiv TEC-5,0,0.332,0.5664
UA63120290000021734,Циркунівська,Харківська,Харківський,сільська,50.08289,36.385342,9,132.4,8713,0,NA,NA,22.137076283532,700.642903122318,NA,0,0,1,19.1,False,2026-09-09,1144,7498,2026-08-29,1.2,oblast_cascade,,Zmiivska TPP; Kharkiv TEC-5,0,0.332,0.3664
UA63140010000049419,Вовчанська,Харківська,Чугуївський,міська,50.2928843,36.9370028,75,1414.9,35642,0.636861006677515,NA,NA,6.04350825170989,746.196207667284,26,0,0,1,1.1,True,2026-09-09,1144,7498,2026-08-29,1.2,oblast_cascade,,Zmiivska TPP; Kharkiv TEC-5,1,0.332,0.4164
UA63140030000091352,Зміївська,Харківська,Чугуївський,міська,49.6815177,36.354776,60,792.6,40563,0.429110272908809,NA,NA,63.0550933153908,679.992527708362,6,0,0,1,63.3,False,2026-09-09,1144,7498,2026-08-29,3,hosts_facility,Zmiivska TPP,Zmiivska TPP; Kharkiv TEC-5,0,0.332,0.8164
UA63140050000096783,Малинівська,Харківська,Чугуївський,селищна,49.8006602,36.7180703,3,246.7,8926,0.832175666591979,NA,NA,46.6354485516252,709.200306880353,2,0,0,1,49.8,False,2026-09-09,1144,7498,2026-08-29,1.2,oblast_cascade,,Zmiivska TPP; Kharkiv TEC-5,0,0.332,0.3664
UA63140070000015310,Новопокровська,Харківська,Чугуївський,селищна,49.8377053,36.5549759,10,159.1,16301,0.745046316176922,NA,NA,42.759058484819,700.092504847346,2,0,0,1,44.7,False,2026-09-09,1144,7498,2026-08-29,1.2,oblast_cascade,,Zmiivska TPP; Kharkiv TEC-5,0,0.332,0.3664
UA63140090000052369,Печенізька,Харківська,Чугуївський,селищна,49.865444,36.9391629,12,466.2,9278,0.534274628152619,NA,NA,44.2502271305704,726.610953988961,6,0,0,1,42.7,False,2026-09-09,1144,7498,2026-08-29,1.2,oblast_cascade,,Zmiivska TPP; Kharkiv TEC-5,0,0.332,0.3664
UA63140110000087562,Слобожанська,Харківська,Чугуївський,селищна,49.5989864,36.5242153,17,572.3,26399,0.51801204591083,NA,NA,69.3534838579388,687.761542701905,13,0,0,1,71.1,False,2026-09-09,1144,7498,2026-08-29,1.2,oblast_cascade,,Zmiivska TPP; Kharkiv TEC-5,0,0.332,0.3664
UA63140130000029212,Старосалтівська,Харківська,Чугуївський,селищна,50.0760423,36.7936724,20,473.6,7424,0.448410560344828,NA,NA,18.6790687952799,726.581952460668,0,0,0,1,18.9,False,2026-09-09,1144,7498,2026-08-29,1.2,oblast_cascade,,Zmiivska TPP; Kharkiv TEC-5,0,0.332,0.3664
UA63140150000093944,Чкаловська,Харківська,Чугуївський,селищна,49.7154088,36.9345851,20,389.7,11682,0.313644923814415,NA,NA,59.4876507142915,719.9951467135,35,0,0,1,59.4,False,2026-09-09,1144,7498,2026-08-29,1.2,oblast_cascade,,Zmiivska TPP; Kharkiv TEC-5,0,0.332,0.3664
UA63140170000087785,Чугуївська,Харківська,Чугуївський,міська,49.8363648,36.6898157,9,288.9,37962,0.893893893893894,NA,NA,42.4997815603144,708.897445068737,80,1,0,1,46.1,False,2026-09-09,1144,7498,2026-08-29,1.2,oblast_cascade,,Zmiivska TPP; Kharkiv TEC-5,0,0.332,0.3664
UA65020010000060480,Бериславська,Херсонська,Бериславський,міська,46.8357749,33.416743,10,457.7,17725,0.671086036671368,NA,NA,69.3940147709051,325.12039968434,26,0,0,1,4.3,False,2026-09-09,2311,22574,2026-08-29,1.2,oblast_cascade,,Kakhovka HPP / dam,1,1.0,0.55
UA65020030000094118,Борозенська,Херсонська,Бериславський,сільська,47.17358,33.42384,10,325.2,3597,0,NA,NA,106.237626593379,347.960571976749,NA,0,0,1,28.7,False,2026-09-09,2311,22574,2026-08-29,1.2,oblast_cascade,,Kakhovka HPP / dam,0,1.0,0.5
UA65020050000086746,Великоолександрівська,Херсонська,Бериславський,селищна,47.3159392,33.2997671,34,865.4,15901,0.49091252122508,NA,NA,123.450065106994,350.987345694694,42,0,0,1,46.7,False,2026-09-09,2311,22574,2026-08-29,1.2,oblast_cascade,,Kakhovka HPP / dam,0,1.0,0.5
UA65020070000029027,Високопільська,Херсонська,Бериславський,селищна,47.4933112,33.528245,22,494.9,10767,0.513792142658122,NA,NA,140.80933224177,376.950980628069,7,0,0,1,46.4,False,2026-09-09,2311,22574,2026-08-29,1.2,oblast_cascade,,Kakhovka HPP / dam,0,1.0,0.5
UA65020090000016354,Калинівська,Херсонська,Бериславський,селищна,47.114868,32.974091,12,197.3,3341,0.316372343609698,NA,NA,110.259284542183,317.748368716501,NA,0,0,1,42.2,False,2026-09-09,2311,22574,2026-08-29,1.2,oblast_cascade,,Kakhovka HPP / dam,0,1.0,0.5
UA65020110000081240,Кочубеївська,Херсонська,Бериславський,сільська,47.496677,33.212185,14,206.1,2844,0,NA,NA,144.482666884757,359.938899953301,NA,0,0,1,66.7,False,2026-09-09,2311,22574,2026-08-29,1.2,oblast_cascade,,Kakhovka HPP / dam,0,1.0,0.5
UA65020130000012731,Милівська,Херсонська,Бериславський,сільська,47.0680292,33.6281919,10,551.4,6673,0,NA,NA,93.2422281504912,353.264111955826,NA,0,0,1,9.7,False,2026-09-09,2311,22574,2026-08-29,1.2,oblast_cascade,,Kakhovka HPP / dam,1,1.0,0.55
UA65020150000047137,Нововоронцовська,Херсонська,Бериславський,селищна,47.4957983,33.9198174,10,465.4,12097,0.491940150450525,NA,NA,142.319202199709,399.53403733442,NA,0,0,1,12.9,False,2026-09-09,2311,22574,2026-08-29,1.2,oblast_cascade,,Kakhovka HPP / dam,0,1.0,0.5
UA65020170000056973,Новоолександрівська,Херсонська,Бериславський,сільська,47.267643,33.874374,9,407.9,5837,0,NA,NA,116.72273552045,381.345122701004,NA,0,0,0,9.5,False,2026-09-09,2311,22574,2026-08-29,1.2,oblast_cascade,,Kakhovka HPP / dam,1,1.0,0.55
UA65020190000013272,Новорайська,Херсонська,Бериславський,сільська,47.01033,33.48671,9,351.5,5714,0,NA,NA,87.6164957454413,340.80965873535,NA,0,0,1,16.6,False,2026-09-09,2311,22574,2026-08-29,1.2,oblast_cascade,,Kakhovka HPP / dam,0,1.0,0.5
UA65020210000085773,Тягинська,Херсонська,Бериславський,сільська,46.776348,33.059231,11,424.3,9607,0,NA,NA,74.518509730325,299.253621313841,NA,0,0,1,4.4,False,2026-09-09,2311,22574,2026-08-29,1.2,oblast_cascade,,Kakhovka HPP / dam,1,1.0,0.55
UA65040010000061104,Генічеська,Херсонська,Генічеський,міська,46.1661695,34.8088828,68,2497.1,56986,0.568595795458534,NA,1,24.2842363705172,389.308671081614,46,1,0,1,1.9,True,2026-09-09,2311,22574,2026-08-29,1.2,oblast_cascade,,Kakhovka HPP / dam,1,1.0,0.55
UA65040030000056170,Іванівська,Херсонська,Генічеський,селищна,46.70837,34.54479,28,1119.3,12787,0.338546961758036,NA,NA,73.2404958720037,392.026528289681,NA,0,0,1,60.7,True,2026-09-09,2311,22574,2026-08-29,1.2,oblast_cascade,,Kakhovka HPP / dam,1,1.0,0.55
UA65040050000029613,Нижньосірогозька,Херсонська,Генічеський,селищна,46.8457,34.37725,25,1207.8,14469,0.307623194415647,NA,NA,82.4360910881092,387.670375863485,1,0,0,1,51.1,True,2026-09-09,2311,22574,2026-08-29,1.2,oblast_cascade,,Kakhovka HPP / dam,1,1.0,0.55
UA65040070000086673,Новотроїцька,Херсонська,Генічеський,селищна,46.3558121,34.3363579,44,2296.3,33817,0.431824230416654,NA,1,32.0047298774833,361.706811197298,17,0,0,1,42.0,True,2026-09-09,2311,22574,2026-08-29,1.2,oblast_cascade,,Kakhovka HPP / dam,1,1.0,0.55
UA65060010000033335,Асканія-Нова,Херсонська,Каховський,селищна,46.4511096,33.8685565,9,400.4,6200,0.403387096774194,NA,NA,27.8489731264008,333.047597461396,9,0,0,1,39.4,True,2026-09-09,2311,22574,2026-08-29,1.2,oblast_cascade,,Kakhovka HPP / dam,1,1.0,0.55
UA65060030000075716,Великолепетиська,Херсонська,Каховський,селищна,47.178599,33.9428266,8,630.5,11577,0.665716506867064,NA,NA,107.913805173915,379.792318461493,2,0,0,1,0.9,True,2026-09-09,2311,22574,2026-08-29,1.2,oblast_cascade,,Kakhovka HPP / dam,1,1.0,0.55
UA65060050000022914,Верхньорогачицька,Херсонська,Каховський,селищна,47.2569402,34.3339303,21,914.3,10890,0.469880624426079,NA,NA,123.243399828997,408.906114287267,NA,0,0,1,19.3,True,2026-09-09,2311,22574,2026-08-29,1.2,oblast_cascade,,Kakhovka HPP / dam,1,1.0,0.55
UA65060070000037346,Горностаївська,Херсонська,Каховський,селищна,47.00706,33.7317445,20,757.2,14669,0.428795418910628,NA,NA,86.6952023408852,355.657754547483,2,0,0,1,0.8,True,2026-09-09,2311,22574,2026-08-29,1.2,oblast_cascade,,Kakhovka HPP / dam,1,1.0,0.55
UA65060090000037720,Зеленопідська,Херсонська,Каховський,сільська,46.6776024,33.7825062,17,491.5,8080,0,NA,NA,50.891497579243,339.025414892584,NA,0,0,1,20.9,True,2026-09-09,2311,22574,2026-08-29,1.2,oblast_cascade,,Kakhovka HPP / dam,1,1.0,0.55
UA65060110000017055,Каховська,Херсонська,Каховський,міська,46.8054626,33.4817825,5,195.4,42305,0.821392270417208,NA,NA,65.1144282011114,327.241040367647,89,0,0,1,1.7,True,2026-09-09,2311,22574,2026-08-29,1.2,oblast_cascade,,Kakhovka HPP / dam,1,1.0,0.55
UA65060130000026961,Костянтинівська,Херсонська,Каховський,сільська,46.83025,33.86639,9,259.4,3851,0,NA,NA,68.8721063215911,353.246435825192,1,0,0,1,16.8,True,2026-09-09,2311,22574,2026-08-29,1.2,oblast_cascade,,Kakhovka HPP / dam,1,1.0,0.55
UA65060150000054200,Любимівська,Херсонська,Каховський,селищна,46.8115514,33.5646046,6,234.6,7474,0.729060743912229,NA,NA,65.0170170850749,332.835193502439,3,0,0,1,0.7,True,2026-09-09,2311,22574,2026-08-29,1.2,oblast_cascade,,Kakhovka HPP / dam,1,1.0,0.55
UA65060170000032937,Новокаховська,Херсонська,Каховський,міська,46.7583404,33.3566678,11,241,58891,0.883157018899323,NA,NA,62.3822006288569,316.424415003273,210,0,0,1,0.5,True,2026-09-09,2311,22574,2026-08-29,3,hosts_facility,Kakhovka HPP / dam,Kakhovka HPP / dam,1,1.0,1.0
UA65060190000091058,Присиваська,Херсонська,Каховський,сільська,46.28986,33.73524,5,398.7,4749,0,NA,1,9.33775790493224,316.258399380316,NA,0,0,1,18.7,True,2026-09-09,2311,22574,2026-08-29,1.2,oblast_cascade,,Kakhovka HPP / dam,1,1.0,0.55
UA65060210000049771,Рубанівська,Херсонська,Каховський,сільська,47.002258,34.15546,5,368.7,3868,0,NA,NA,92.2702604738502,382.013417182302,1,0,0,1,27.2,True,2026-09-09,2311,22574,2026-08-29,1.2,oblast_cascade,,Kakhovka HPP / dam,1,1.0,0.55
UA65060230000076026,Тавричанська,Херсонська,Каховський,сільська,46.5515874,33.8199563,11,332.6,4843,0,NA,NA,38.1899003497548,334.751463758922,1,0,0,1,34.4,True,2026-09-09,2311,22574,2026-08-29,1.2,oblast_cascade,,Kakhovka HPP / dam,1,1.0,0.55
UA65060250000073379,Таврійська,Херсонська,Каховський,міська,46.7550442,33.4248309,8,250.7,16755,0.603282602208296,NA,NA,60.5294105156571,320.498755674012,NA,0,0,1,2.8,True,2026-09-09,2311,22574,2026-08-29,1.2,oblast_cascade,,Kakhovka HPP / dam,1,1.0,0.55
UA65060270000020124,Хрестівська,Херсонська,Каховський,сільська,46.402821,33.717041,9,274.6,5318,0,NA,NA,20.0052296026947,320.255373654959,NA,0,0,1,29.7,True,2026-09-09,2311,22574,2026-08-29,1.2,oblast_cascade,,Kakhovka HPP / dam,1,1.0,0.55
UA65060290000041992,Чаплинська,Херсонська,Каховський,селищна,46.3617756,33.5380219,18,646.2,16988,0.554214739816341,NA,1,16.198895019265,305.915888581993,35,0,0,1,23.0,True,2026-09-09,2311,22574,2026-08-29,1.2,oblast_cascade,,Kakhovka HPP / dam,1,1.0,0.55
UA65080010000062554,Бехтерська,Херсонська,Скадовський,сільська,46.2458348,32.2929002,15,523.3,10210,0,NA,1,59.5187018438397,217.044598539964,5,0,0,1,8.5,True,2026-09-09,2311,22574,2026-08-29,1.2,oblast_cascade,,Kakhovka HPP / dam,1,1.0,0.55
UA65080030000058401,Голопристанська,Херсонська,Скадовський,міська,46.5320381,32.5345028,14,927.9,33569,0.403467484881885,NA,1,80.0906111668109,250.881568609939,25,0,0,1,0.6,True,2026-09-09,2311,22574,2026-08-29,1.2,oblast_cascade,,Kakhovka HPP / dam,1,1.0,0.55
UA65080050000077041,Долматівська,Херсонська,Скадовський,сільська,46.215474,32.4573135,8,274.8,4502,0,NA,1,49.622449902582,225.595351501378,NA,0,0,1,14.5,True,2026-09-09,2311,22574,2026-08-29,1.2,oblast_cascade,,Kakhovka HPP / dam,1,1.0,0.55
UA65080070000011930,Каланчацька,Херсонська,Скадовський,селищна,46.257184,33.2843632,15,723.7,16760,0.535620525059666,NA,1,25.6778667433274,283.297331662824,2,0,0,1,12.1,True,2026-09-09,2311,22574,2026-08-29,1.2,oblast_cascade,,Kakhovka HPP / dam,1,1.0,0.55
UA65080090000034188,Лазурненська,Херсонська,Скадовський,селищна,46.0861011,32.5275975,7,191.8,6450,0.477829457364341,NA,1,34.5160608756403,222.830723748616,NA,0,0,1,1.9,True,2026-09-09,2311,22574,2026-08-29,1.2,oblast_cascade,,Kakhovka HPP / dam,1,1.0,0.55
UA65080110000032706,Мирненська,Херсонська,Скадовський,селищна,46.246253,33.4684744,7,181.6,3721,0.483740929857565,NA,1,11.5058567932966,295.564114813444,NA,0,0,1,13.7,True,2026-09-09,2311,22574,2026-08-29,1.2,oblast_cascade,,Kakhovka HPP / dam,1,1.0,0.55
UA65080130000090391,Новомиколаївська,Херсонська,Скадовський,сільська,46.22635,32.73582,7,242,5847,0,NA,1,42.9051381525312,244.484069084484,1,0,0,1,12.1,True,2026-09-09,2311,22574,2026-08-29,1.2,oblast_cascade,,Kakhovka HPP / dam,1,1.0,0.55
UA65080150000042499,Скадовська,Херсонська,Скадовський,міська,46.1203932,32.910339,28,776.3,34171,0.496590676304469,NA,1,27.3511835811099,250.747785564126,48,0,0,1,1.4,True,2026-09-09,2311,22574,2026-08-29,1.2,oblast_cascade,,Kakhovka HPP / dam,1,1.0,0.55
UA65080170000067222,Чулаківська,Херсонська,Скадовський,сільська,46.361961,32.358509,13,1413.6,7515,0,NA,1,67.5519046782955,228.784007691066,NA,0,0,1,11.2,True,2026-09-09,2311,22574,2026-08-29,1.2,oblast_cascade,,Kakhovka HPP / dam,1,1.0,0.55
UA65100010000048953,Білозерська,Херсонська,Херсонський,селищна,46.63078,32.44537,25,407.5,21681,0.427009824270098,NA,1,92.710218881075,252.207287127871,37,0,0,1,11.3,False,2026-09-09,2311,22574,2026-08-29,1.2,oblast_cascade,,Kakhovka HPP / dam,0,1.0,0.5
UA65100030000028786,Великокопанівська,Херсонська,Херсонський,сільська,46.488186,32.978374,3,112.8,6811,0,NA,NA,56.8967371442491,275.661184928037,1,0,0,1,21.9,True,2026-09-09,2311,22574,2026-08-29,1.2,oblast_cascade,,Kakhovka HPP / dam,1,1.0,0.55
UA65100050000017921,Виноградівська,Херсонська,Херсонський,сільська,46.371922,32.939411,7,362.1,11903,0.34697135176006,NA,1,53.0193787640147,266.212410154896,NA,0,0,1,25.7,True,2026-09-09,2311,22574,2026-08-29,1.2,oblast_cascade,,Kakhovka HPP / dam,1,1.0,0.55
UA65100070000064512,Дар’ївська,Херсонська,Херсонський,сільська,46.7482855,32.7930469,15,442,13754,0,NA,NA,85.6277421821695,281.107411343704,1,0,0,1,9.9,False,2026-09-09,2311,22574,2026-08-29,1.2,oblast_cascade,,Kakhovka HPP / dam,1,1.0,0.55
UA65100090000097337,Музиківська,Херсонська,Херсонський,сільська,46.752075,32.556637,5,126.8,3652,0,NA,NA,99.9340051139797,267.353275968518,2,0,0,1,17.5,False,2026-09-09,2311,22574,2026-08-29,1.2,oblast_cascade,,Kakhovka HPP / dam,0,1.0,0.5
UA65100110000015344,Олешківська,Херсонська,Херсонський,міська,46.6260908,32.7220187,13,799.2,37899,0.636533945486688,NA,NA,81.6326156924854,268.623517557226,22,0,0,1,0.6,True,2026-09-09,2311,22574,2026-08-29,1.2,oblast_cascade,,Kakhovka HPP / dam,1,1.0,0.55
UA65100130000084882,Станіславська,Херсонська,Херсонський,сільська,46.5798817,32.1491826,4,412.3,9825,0,NA,1,96.5275738564605,231.328536722478,NA,0,0,1,9.2,False,2026-09-09,2311,22574,2026-08-29,1.2,oblast_cascade,,Kakhovka HPP / dam,1,1.0,0.55
UA65100150000057191,Херсонська,Херсонська,Херсонський,міська,46.6412644,32.625794,16,452.6,317752,0.960620232130718,NA,1,88.7656869718791,263.743245661123,638,1,0,1,5.0,False,2026-09-09,2311,22574,2026-08-29,1.2,oblast_cascade,,Kakhovka HPP / dam,1,1.0,0.55
UA65100170000014054,Чорнобаївська,Херсонська,Херсонський,сільська,46.6926512,32.5455178,10,241.9,14777,0,NA,NA,96.6591357540819,262.478299319652,6,0,0,1,15.4,False,2026-09-09,2311,22574,2026-08-29,1.2,oblast_cascade,,Kakhovka HPP / dam,0,1.0,0.5
UA65100190000073217,Ювілейна,Херсонська,Херсонський,сільська,46.48584,33.212002,8,484.7,12179,0.540684785286148,NA,NA,42.3209170898187,290.644407897053,5,0,0,1,29.8,True,2026-09-09,2311,22574,2026-08-29,1.2,oblast_cascade,,Kakhovka HPP / dam,1,1.0,0.55
UA68020010000017180,Гуківська,Хмельницька,Кам’янець-Подільський,сільська,48.847858,26.238096,8,95.4,2601,0,NA,NA,311.38327352859,71.3635510791347,NA,0,0,0,468.3,False,2026-09-09,1,47,2026-08-29,0,none,,,0,0.0018,0.0004
UA68020030000032574,Гуменецька,Хмельницька,Кам’янець-Подільський,сільська,48.75877595,26.6191037579288,23,285.3,12464,0,NA,NA,312.666076322613,55.0454040639785,9,0,0,0,439.3,False,2026-09-09,1,47,2026-08-29,0,none,,,0,0.0018,0.0004
UA68020050000040518,Дунаєвецька,Хмельницька,Кам’янець-Подільський,міська,48.886649,26.8476798,51,661.2,35458,0.442974787072029,NA,NA,294.930194576115,69.9119893976879,12,1,0,0,433.0,False,2026-09-09,1,47,2026-08-29,0,none,,,0,0.0018,0.0004
UA68020070000084437,Жванецька,Хмельницька,Кам’янець-Подільський,сільська,48.550991,26.488041,23,249.6,7914,0,NA,NA,337.468464319144,33.8939803795887,3,0,0,0,436.0,False,2026-09-09,1,47,2026-08-29,0,none,,,0,0.0018,0.0004
UA68020090000037732,Закупненська,Хмельницька,Кам’янець-Подільський,селищна,49.1205929,26.3381922,14,177.5,7084,0.191981931112366,NA,NA,280.381790309237,97.9080228995429,NA,0,0,0,478.4,False,2026-09-09,1,47,2026-08-29,0,none,,,0,0.0018,0.0004
UA68020110000071202,Кам’янець-Подільська,Хмельницька,Кам’янець-Подільський,міська,48.6879663,26.6019747,13,175.3,107879,0.898191492320099,NA,NA,320.602825556222,47.2850011539355,183,1,0,0,436.3,False,2026-09-09,1,47,2026-08-29,0,none,,,0,0.0018,0.0004
UA68020130000052994,Китайгородська,Хмельницька,Кам’янець-Подільський,сільська,48.646431,26.797029,13,189.3,4157,0,NA,NA,321.824110728028,42.9504921255841,NA,0,0,0,421.6,False,2026-09-09,1,47,2026-08-29,0,none,,,0,0.0018,0.0004
UA68020150000089666,Маківська,Хмельницька,Кам’янець-Подільський,сільська,48.795036,26.691282,8,106,6543,0,NA,NA,307.454178906092,58.8885657436662,NA,0,0,0,436.9,False,2026-09-09,1,47,2026-08-29,0,none,,,0,0.0018,0.0004
UA68020170000033495,Новодунаєвецька,Хмельницька,Кам’янець-Подільський,селищна,49.02305,26.84338,18,256.2,9792,0.234579248366013,NA,NA,280.204407847387,84.8894957128141,3,0,0,0,441.9,False,2026-09-09,1,47,2026-08-29,0,none,,,0,0.0018,0.0004
UA68020190000052031,Новоушицька,Хмельницька,Кам’янець-Подільський,селищна,48.83062,27.26678,59,851.7,25953,0.149501021076561,NA,NA,296.021591029952,72.4006265310855,13,0,0,0,404.3,False,2026-09-09,1,47,2026-08-29,0,none,,,0,0.0018,0.0004
UA68020210000024765,Орининська,Хмельницька,Кам’янець-Подільський,сільська,48.7600952,26.3885598,17,231.3,8220,0,NA,NA,317.173026994877,58.2636211970988,NA,0,0,0,453.8,False,2026-09-09,1,47,2026-08-29,0,none,,,0,0.0018,0.0004
UA68020230000069135,Слобідсько-Кульчієвецька,Хмельницька,Кам’янець-Подільський,сільська,48.66222,26.645969,23,253.5,11975,0,NA,NA,322.588736532682,44.2367929836365,NA,0,0,0,432.0,False,2026-09-09,1,47,2026-08-29,0,none,,,0,0.0018,0.0004
UA68020250000080044,Смотрицька,Хмельницька,Кам’янець-Подільський,селищна,48.94993,26.55808,9,156.1,6070,0.286490939044481,NA,NA,293.379971547969,76.5880587333617,NA,0,0,0,454.5,False,2026-09-09,1,47,2026-08-29,0,none,,,0,0.0018,0.0004
UA68020270000040572,Староушицька,Хмельницька,Кам’янець-Подільський,селищна,48.5970533,27.0742366,13,215.6,6870,0.299417758369723,NA,NA,323.623268399391,42.8400459634927,NA,0,0,0,401.4,False,2026-09-09,1,47,2026-08-29,0,none,,,0,0.0018,0.0004
UA68020290000026103,Чемеровецька,Хмельницька,Кам’янець-Подільський,селищна,49.0087176,26.3405624,46,620.5,26809,0.189787011824387,NA,NA,292.023955285928,85.7854286285725,2,0,0,0,471.4,False,2026-09-09,1,47,2026-08-29,0,none,,,0,0.0018,0.0004
UA68040010000025276,Антонінська,Хмельницька,Хмельницький,селищна,49.81029,26.86466,34,392.7,10109,0.208823820358097,NA,NA,195.422791543857,172.192585040748,NA,0,0,0,497.5,False,2026-09-09,1,47,2026-08-29,0,none,,,0,0.0018,0.0004
UA68040030000027335,Вiйтовецька,Хмельницька,Хмельницький,селищна,49.4932735,26.4448161,19,269.7,7802,0.103947705716483,NA,NA,238.944718471176,137.541546089668,1,0,0,0,496.7,False,2026-09-09,1,47,2026-08-29,0,none,,,0,0.0018,0.0004
UA68040050000052367,Віньковецька,Хмельницька,Хмельницький,селищна,49.0347398,27.2320952,30,521.3,18227,0.329017391781423,NA,NA,273.814403688575,92.1719817062511,13,1,0,0,420.2,False,2026-09-09,1,47,2026-08-29,0,none,,,0,0.0018,0.0004
UA68040070000035730,Вовковинецька,Хмельницька,Хмельницький,селищна,49.2073568,27.6559732,21,260.1,6008,0.393974700399467,NA,NA,252.152901164066,122.830444932351,NA,1,0,0,409.8,False,2026-09-09,1,47,2026-08-29,0,none,,,0,0.0018,0.0004
UA68040090000087566,Волочиська,Хмельницька,Хмельницький,міська,49.5358446,26.2126215,53,619.7,33679,0.543216841355147,NA,NA,240.912614350168,144.953666682093,14,1,0,0,512.8,False,2026-09-09,1,47,2026-08-29,0,none,,,0,0.0018,0.0004
UA68040110000011931,Гвардійська,Хмельницька,Хмельницький,сільська,49.33617,26.70948,11,170.9,7476,0,NA,NA,249.07483641389,119.058021739081,NA,0,0,0,470.8,False,2026-09-09,1,47,2026-08-29,0,none,,,0,0.0018,0.0004
UA68040130000024471,Городоцька,Хмельницька,Хмельницький,міська,49.1652124,26.5865127,48,772.8,34276,0.45609172598903,NA,NA,269.866934582697,100.301573254273,14,0,0,0,466.3,False,2026-09-09,1,47,2026-08-29,0,none,,,0,0.0018,0.0004
UA68040150000077185,Деражнянська,Хмельницька,Хмельницький,міська,49.2688322,27.4327085,39,619.3,22903,0.492162598786185,NA,NA,246.300419392156,121.715658652794,14,0,0,0,426.3,False,2026-09-09,1,47,2026-08-29,0,none,,,0,0.0018,0.0004
UA68040170000061140,Заслучненська,Хмельницька,Хмельницький,сільська,49.6637,26.77162,21,201.8,4206,0,NA,NA,212.997094841644,155.562745344477,NA,0,0,0,491.1,False,2026-09-09,1,47,2026-08-29,0,none,,,0,0.0018,0.0004
UA68040190000021840,Зіньківська,Хмельницька,Хмельницький,сільська,49.0925182,27.0734795,6,142,3656,0,NA,NA,269.256307496572,95.1919817252256,NA,0,0,0,433.3,False,2026-09-09,1,47,2026-08-29,0,none,,,0,0.0018,0.0004
UA68040210000089917,Красилівська,Хмельницька,Хмельницький,міська,49.6544431,26.9709084,31,445.2,29150,0.629708404802744,NA,NA,209.848818543708,155.701991466116,38,1,0,0,480.0,False,2026-09-09,1,47,2026-08-29,0,none,,,0,0.0018,0.0004
UA68040230000081901,Летичівська,Хмельницька,Хмельницький,селищна,49.38286,27.62306,45,632.9,18400,0.5475,NA,NA,232.731117785826,138.918977789202,8,0,0,0,425.2,False,2026-09-09,1,47,2026-08-29,0,none,,,0,0.0018,0.0004
UA68040250000053378,Лісовогринівецька,Хмельницька,Хмельницький,сільська,49.48061,27.021765,14,254,7558,0,NA,NA,227.716895991246,137.14014490145,1,0,0,0,464.1,False,2026-09-09,1,47,2026-08-29,0,none,,,0,0.0018,0.0004
UA68040270000072985,Меджибізька,Хмельницька,Хмельницький,селищна,49.4367227,27.404104,12,322.7,7264,0.170291850220264,NA,NA,227.931368515599,138.493192175309,NA,0,0,0,440.7,False,2026-09-09,1,47,2026-08-29,0,none,,,0,0.0018,0.0004
UA68040290000010822,Миролюбненська,Хмельницька,Хмельницький,сільська,49.65752,27.198721,15,214.4,3999,0,NA,NA,205.830284741938,158.587429391815,NA,0,0,0,468.5,False,2026-09-09,1,47,2026-08-29,0,none,,,0,0.0018,0.0004
UA68040310000052042,Наркевицька,Хмельницька,Хмельницький,селищна,49.5180971,26.6367935,16,216.9,5822,0.250257643421505,NA,NA,231.460083580659,139.363209620375,NA,0,0,0,487.7,False,2026-09-09,1,47,2026-08-29,0,none,,,0,0.0018,0.0004
UA68040330000086970,Розсошанська,Хмельницька,Хмельницький,сільська,49.339939,26.88698,26,335.9,11250,0,NA,NA,245.215771137381,120.25326689259,2,0,0,0,461.1,False,2026-09-09,1,47,2026-08-29,0,none,,,0,0.0018,0.0004
UA68040350000083350,Сатанівська,Хмельницька,Хмельницький,селищна,49.2485345,26.2484407,26,339.1,9778,0.239415013295152,NA,NA,269.5204829723,113.280213478991,NA,0,0,0,491.9,False,2026-09-09,1,47,2026-08-29,0,none,,,0,0.0018,0.0004
UA68040370000082743,Солобковецька,Хмельницька,Хмельницький,сільська,49.082451,26.907921,10,156.9,3896,0,NA,NA,272.722058365585,92.1076486830634,NA,0,0,0,442.1,False,2026-09-09,1,47,2026-08-29,0,none,,,0,0.0018,0.0004
UA68040390000011141,Старокостянтинівська,Хмельницька,Хмельницький,міська,49.756163,27.2087889,67,795.1,50891,0.666542217680926,NA,NA,194.926777043829,169.509084588106,4,1,0,0,475.8,False,2026-09-09,1,47,2026-08-29,0,none,,,0,0.0018,0.0004
UA68040410000062890,Староостропільська,Хмельницька,Хмельницький,сільська,49.807892,27.559225,17,261.6,5588,0,NA,NA,185.805321742026,181.190943631533,NA,0,0,0,463.2,False,2026-09-09,1,47,2026-08-29,0,none,,,0,0.0018,0.0004
UA68040430000052699,Старосинявська,Хмельницька,Хмельницький,селищна,49.5971513,27.615815,45,662.8,18378,0.276635107193383,NA,NA,208.948924038507,160.523195505145,1,1,0,0,442.9,False,2026-09-09,1,47,2026-08-29,0,none,,,0,0.0018,0.0004
UA68040450000097735,Теофіпольська,Хмельницька,Хмельницький,селищна,49.84463,26.41525,55,716.5,24511,0.315980580147689,NA,NA,203.836146839256,176.609536013037,3,0,0,0,523.6,False,2026-09-09,1,47,2026-08-29,0,none,,,0,0.0018,0.0004
UA68040470000053519,Хмельницька,Хмельницька,Хмельницький,міська,49.4196404,26.9793793,25,493.9,292889,0.937051237840957,NA,NA,235.015103368955,129.946696457241,385,1,0,0,461.8,False,2026-09-09,1,47,2026-08-29,0,none,,,0,0.0018,0.0004
UA68040490000093353,Чорноострівська,Хмельницька,Хмельницький,селищна,49.5050201,26.756082,21,280.2,12225,0.0737832310838446,NA,NA,230.137951068322,137.891542967276,2,0,0,0,480.3,False,2026-09-09,1,47,2026-08-29,0,none,,,0,0.0018,0.0004
UA68040510000019366,Щиборівська,Хмельницька,Хмельницький,сільська,49.671249,27.026369,8,121.5,3778,0,NA,NA,207.032000480124,158.111680562853,NA,0,0,0,478.4,False,2026-09-09,1,47,2026-08-29,0,none,,,0,0.0018,0.0004
UA68040530000044109,Ярмолинецька,Хмельницька,Хмельницький,селищна,49.19266,26.8372,34,548.4,18586,0.383191649628753,NA,NA,261.978273780137,103.585484749656,8,1,0,0,453.6,False,2026-09-09,1,47,2026-08-29,0,none,,,0,0.0018,0.0004
UA68060010000056690,Берездівська,Хмельницька,Шепетівський,сільська,50.460449,27.116673,27,318.3,8163,0,NA,NA,121.262708911708,213.870463828981,NA,0,0,0,539.2,False,2026-09-09,1,47,2026-08-29,0,none,,,0,0.0018,0.0004
UA68060030000077318,Білогірська,Хмельницька,Шепетівський,селищна,50.0019489,26.4166916,61,615.6,18757,0.271312043503759,NA,NA,187.073354541128,175.900092702053,NA,0,0,0,535.4,False,2026-09-09,1,47,2026-08-29,0,none,,,0,0.0018,0.0004
UA68060050000037587,Ганнопільська,Хмельницька,Шепетівський,сільська,50.4526337,26.8975265,16,199.6,5951,0,NA,NA,128.381042333467,198.512966696514,NA,0,0,0,548.4,False,2026-09-09,1,47,2026-08-29,0,none,,,0,0.0018,0.0004
UA68060070000048275,Грицівська,Хмельницька,Шепетівський,селищна,49.9719121,27.2168089,15,201.2,6872,0.49708963911525,NA,NA,171.337289253172,193.263941446433,NA,0,0,0,493.1,False,2026-09-09,1,47,2026-08-29,0,none,,,0,0.0018,0.0004
UA68060090000093924,Ізяславська,Хмельницька,Шепетівський,міська,50.1194691,26.8207625,46,645.7,28872,0.554031587697423,NA,NA,164.289503556267,199.840693607413,0,0,0,0,524.3,False,2026-09-09,1,47,2026-08-29,0,none,,,0,0.0018,0.0004
UA68060110000046608,Крупецька,Хмельницька,Шепетівський,сільська,50.33339,26.8057477,11,190.9,3353,0,NA,NA,143.148813991765,193.863716399568,NA,0,0,0,542.6,False,2026-09-09,1,47,2026-08-29,0,none,,,0,0.0018,0.0004
UA68060130000034298,Ленковецька,Хмельницька,Шепетівський,сільська,50.013626,27.07008,17,260.6,6270,0,NA,NA,169.473882740837,196.23398610963,NA,0,0,0,503.5,False,2026-09-09,1,47,2026-08-29,0,none,,,0,0.0018,0.0004
UA68060150000029549,Михайлюцька,Хмельницька,Шепетівський,сільська,50.288891,27.31098,18,268.4,5000,0,NA,NA,135.48270237624,229.129934616015,NA,1,0,0,515.7,False,2026-09-09,1,47,2026-08-29,0,none,,,0,0.0018,0.0004
UA68060170000075276,Нетішинська,Хмельницька,Шепетівський,міська,50.3338348,26.6496599,3,95.4,37537,0.972160801342675,NA,NA,146.933447587103,182.906835253078,47,1,0,0,550.0,False,2026-09-09,1,47,2026-08-29,0,none,,,0,0.0018,0.0004
UA68060190000075749,Плужненська,Хмельницька,Шепетівський,сільська,50.1804274,26.5625722,23,354.7,7060,0,NA,NA,165.043746117763,180.318669976355,NA,0,0,0,541.9,False,2026-09-09,1,47,2026-08-29,0,none,,,0,0.0018,0.0004
UA68060210000095851,Полонська,Хмельницька,Шепетівський,міська,50.1194505,27.5085733,35,617.7,32145,0.62753149790014,NA,NA,151.651786404553,213.520313930189,NA,1,0,0,492.2,False,2026-09-09,1,47,2026-08-29,0,none,,,0,0.0018,0.0004
UA68060230000028195,Понінківська,Хмельницька,Шепетівський,селищна,50.19138,27.56126,7,170.3,7871,0.878414432727735,NA,NA,143.303175038026,222.197687673626,NA,1,0,0,496.2,False,2026-09-09,1,47,2026-08-29,0,none,,,0,0.0018,0.0004
UA68060250000078635,Сахновецька,Хмельницька,Шепетівський,сільська,49.97406,26.851959,23,255.4,4733,0,NA,NA,178.516837607256,190.306114009005,NA,0,0,0,511.0,False,2026-09-09,1,47,2026-08-29,0,none,,,0,0.0018,0.0004
UA68060270000042174,Славутська,Хмельницька,Шепетівський,міська,50.2962398,26.8658254,3,72.7,35591,0.981090725183333,NA,NA,145.00803409426,198.729393152062,44,0,0,0,536.6,False,2026-09-09,1,47,2026-08-29,0,none,,,0,0.0018,0.0004
UA68060290000039941,Судилківська,Хмельницька,Шепетівський,сільська,50.16930785,27.1400834691813,21,374.5,12397,0,NA,NA,151.457142204353,214.087392408659,1,1,0,0,513.2,False,2026-09-09,1,47,2026-08-29,0,none,,,0,0.0018,0.0004
UA68060310000022172,Улашанівська,Хмельницька,Шепетівський,сільська,50.3421995,26.8585526,21,377.7,7979,0,NA,NA,140.606695564187,197.397769991531,NA,0,0,0,540.8,False,2026-09-09,1,47,2026-08-29,0,none,,,0,0.0018,0.0004
UA68060330000029010,Шепетівська,Хмельницька,Шепетівський,міська,50.1809437,27.0651783,4,172.8,42278,0.953190784805336,NA,NA,151.794984153071,214.629689443577,54,1,0,0,517.7,False,2026-09-09,1,47,2026-08-29,0,none,,,0,0.0018,0.0004
UA68060350000035460,Ямпільська,Хмельницька,Шепетівський,селищна,49.9562165,26.2274578,13,160.7,5906,0.307314595326786,NA,NA,196.347076266888,165.071660799363,NA,0,0,0,541.9,False,2026-09-09,1,47,2026-08-29,0,none,,,0,0.0018,0.0004
UA71020010000037786,Бужанська,Черкаська,Звенигородський,сільська,49.2363431,30.7457326,8,132.6,3403,0,NA,NA,225.799887347449,297.24963166478,NA,0,0,0,300.8,False,2026-09-09,13,124,2026-08-29,0.4,oblast_cascade,,Kaniv HPP,0,0.0052,0.101
UA71020030000059581,Ватутінська,Черкаська,Звенигородський,міська,49.0172494,31.0618502,5,107.7,20469,0.770091357662807,NA,NA,252.448764704988,308.798636907122,4,0,0,0,273.0,False,2026-09-09,13,124,2026-08-29,0.4,oblast_cascade,,Kaniv HPP,0,0.0052,0.101
UA71020050000074004,Виноградська,Черкаська,Звенигородський,сільська,49.2379387,30.5494724,9,209.1,3853,0,NA,NA,225.14334577414,284.635554063485,3,0,0,0,304.1,False,2026-09-09,13,124,2026-08-29,0.4,oblast_cascade,,Kaniv HPP,0,0.0052,0.101
UA71020070000078820,Вільшанська,Черкаська,Звенигородський,селищна,49.2164667,31.2114781,17,286.9,8980,0.325055679287305,NA,NA,232.504243326345,327.080680786667,NA,0,0,0,293.9,False,2026-09-09,13,124,2026-08-29,0.4,oblast_cascade,,Kaniv HPP,0,0.0052,0.101
UA71020090000047211,Водяницька,Черкаська,Звенигородський,сільська,49.127769,30.77648,14,306.7,5708,0,NA,NA,237.995022949134,294.145275760416,NA,0,0,0,288.5,False,2026-09-09,13,124,2026-08-29,0.4,oblast_cascade,,Kaniv HPP,0,0.0052,0.101
UA71020110000015834,Єрківська,Черкаська,Звенигородський,селищна,48.98357,30.99449,3,52.5,4843,0.799917406566178,NA,NA,255.500487011059,302.900032431248,1,0,0,0,270.0,False,2026-09-09,13,124,2026-08-29,0.4,oblast_cascade,,Kaniv HPP,0,0.0052,0.101
UA71020130000086047,Звенигородська,Черкаська,Звенигородський,міська,49.0767158,30.96138,16,492.9,26983,0.602935181410518,NA,NA,244.925797973523,304.333363364579,23,0,0,0,280.6,False,2026-09-09,13,124,2026-08-29,0.4,oblast_cascade,,Kaniv HPP,0,0.0052,0.101
UA71020150000082849,Катеринопільська,Черкаська,Звенигородський,селищна,48.94329,30.9723848,21,441.8,12686,0.413290241210784,NA,NA,259.753010558344,299.882618499707,1,0,0,0,265.8,False,2026-09-09,13,124,2026-08-29,0.4,oblast_cascade,,Kaniv HPP,0,0.0052,0.101
UA71020170000024193,Лип’янська,Черкаська,Звенигородський,сільська,48.858028,31.501726,13,216.4,3082,0,NA,NA,276.051709166594,328.148575178072,NA,0,0,0,253.2,False,2026-09-09,13,124,2026-08-29,0.4,oblast_cascade,,Kaniv HPP,0,0.0052,0.101
UA71020190000034403,Лисянська,Черкаська,Звенигородський,селищна,49.2525981,30.8277476,20,374.8,13649,0.542017730236647,NA,NA,224.45453665947,303.390198261246,4,0,0,0,301.4,False,2026-09-09,13,124,2026-08-29,0.4,oblast_cascade,,Kaniv HPP,0,0.0052,0.101
UA71020210000030936,Матусівська,Черкаська,Звенигородський,сільська,49.0554354,31.5623267,2,104.9,3711,0,NA,NA,255.925194927668,344.239919178149,NA,0,0,0,275.2,False,2026-09-09,13,124,2026-08-29,0.4,oblast_cascade,,Kaniv HPP,0,0.0052,0.101
UA71020230000095267,Мокрокалигірська,Черкаська,Звенигородський,сільська,48.8474776,31.216692,9,178,4737,0,NA,NA,272.884127685377,310.975671613167,NA,0,0,0,253.0,False,2026-09-09,13,124,2026-08-29,0.4,oblast_cascade,,Kaniv HPP,0,0.0052,0.101
UA71020250000078192,Селищенська,Черкаська,Звенигородський,сільська,49.3280428,31.1502461,16,267.4,6279,0,NA,NA,219.464066303768,328.104459855827,NA,0,0,0,306.7,False,2026-09-09,13,124,2026-08-29,0.4,oblast_cascade,,Kaniv HPP,0,0.0052,0.101
UA71020270000021083,Стеблівська,Черкаська,Звенигородський,селищна,49.40002,31.09509,16,260.8,7110,0.461322081575246,NA,NA,210.850237570934,328.043017436847,NA,0,0,0,315.0,False,2026-09-09,13,124,2026-08-29,0.4,oblast_cascade,,Kaniv HPP,0,0.0052,0.101
UA71020290000032540,Тальнівська,Черкаська,Звенигородський,міська,48.8889723,30.6980137,43,916.6,30665,0.418685798141203,NA,NA,264.190160247155,278.96507357826,39,1,0,0,263.8,False,2026-09-09,13,124,2026-08-29,0.4,oblast_cascade,,Kaniv HPP,0,0.0052,0.101
UA71020310000027379,Шевченківська,Черкаська,Звенигородський,сільська,49.19128,31.09062,9,140.1,4545,0,NA,NA,233.651517167748,317.905480254528,1,0,0,0,292.0,False,2026-09-09,13,124,2026-08-29,0.4,oblast_cascade,,Kaniv HPP,0,0.0052,0.101
UA71020330000027449,Шполянська,Черкаська,Звенигородський,міська,49.0132605,31.393139,22,782.3,33101,0.493127095858131,NA,NA,257.426795635161,331.20086584366,8,1,0,0,270.6,False,2026-09-09,13,124,2026-08-29,0.4,oblast_cascade,,Kaniv HPP,0,0.0052,0.101
UA71040010000032874,Великохутірська,Черкаська,Золотоніський,сільська,49.8664051,32.1191771,5,150.6,3093,0,NA,NA,190.018600161683,417.411501978032,1,0,0,0,222.7,False,2026-09-09,13,124,2026-08-29,0.4,oblast_cascade,,Kaniv HPP,0,0.0052,0.101
UA71040030000055285,Вознесенська,Черкаська,Золотоніський,сільська,49.7583507,32.161154,8,107.1,4916,0,NA,NA,201.740346786944,414.60926291394,NA,1,0,0,229.3,False,2026-09-09,13,124,2026-08-29,0.4,oblast_cascade,,Kaniv HPP,0,0.0052,0.101
UA71040050000016509,Гельмязівська,Черкаська,Золотоніський,сільська,49.8223009,31.836067,12,305.1,7989,0,NA,NA,183.895499785117,397.228334597054,NA,0,0,0,241.3,False,2026-09-09,13,124,2026-08-29,0.4,oblast_cascade,,Kaniv HPP,0,0.0052,0.101
UA71040070000034468,Драбівська,Черкаська,Золотоніський,селищна,49.9615236,32.1520869,18,471.6,15532,0.391771825907803,NA,NA,182.670726868883,424.534434658776,5,1,0,0,214.1,False,2026-09-09,13,124,2026-08-29,0.4,oblast_cascade,,Kaniv HPP,0,0.0052,0.101
UA71040090000047664,Золотоніська,Черкаська,Золотоніський,міська,49.6689719,32.0427439,15,410,34914,0.779228962593802,NA,NA,205.953060689091,402.601930967395,19,1,0,0,242.4,False,2026-09-09,13,124,2026-08-29,0.4,oblast_cascade,,Kaniv HPP,0,0.0052,0.101
UA71040110000054881,Зорівська,Черкаська,Золотоніський,сільська,49.8199838,32.2457318,9,173.8,3617,0,NA,NA,199.387338567999,423.101135464406,NA,0,0,0,220.2,False,2026-09-09,13,124,2026-08-29,0.4,oblast_cascade,,Kaniv HPP,0,0.0052,0.101
UA71040130000029175,Іркліївська,Черкаська,Золотоніський,сільська,49.5274997,32.3352479,26,939.8,17992,0,NA,NA,230.158484268553,415.488222468579,NA,0,0,0,241.3,False,2026-09-09,13,124,2026-08-29,0.4,oblast_cascade,,Kaniv HPP,0,0.0052,0.101
UA71040150000026547,Новодмитрівська,Черкаська,Золотоніський,сільська,49.6927254,32.008522,18,388.9,9813,0,NA,NA,202.451615404685,401.542010104477,NA,0,0,0,242.1,False,2026-09-09,13,124,2026-08-29,0.4,oblast_cascade,,Kaniv HPP,0,0.0052,0.101
UA71040170000034734,Піщанська,Черкаська,Золотоніський,сільська,49.7457481,31.842782,8,239.5,6574,0,NA,NA,191.659378864933,393.603314680354,NA,0,0,0,246.3,False,2026-09-09,13,124,2026-08-29,0.4,oblast_cascade,,Kaniv HPP,0,0.0052,0.101
UA71040190000080571,Чорнобаївська,Черкаська,Золотоніський,селищна,49.6703225,32.3232732,26,639.9,19839,0.346690861434548,NA,NA,216.290364277335,420.967070064153,NA,0,0,0,229.2,False,2026-09-09,13,124,2026-08-29,0.4,oblast_cascade,,Kaniv HPP,0,0.0052,0.101
UA71040210000024694,Шрамківська,Черкаська,Золотоніський,сільська,50.13714,32.1254,23,419.8,11166,0,NA,NA,166.045963658863,432.014726177009,5,0,0,0,202.6,False,2026-09-09,13,124,2026-08-29,0.4,oblast_cascade,,Kaniv HPP,0,0.0052,0.101
UA71060010000027807,Бабанська,Черкаська,Уманський,селищна,48.7070412,30.4507396,12,275.1,6432,0.332245024875622,NA,NA,284.244627025784,254.547920135097,NA,0,0,0,249.5,False,2026-09-09,13,124,2026-08-29,0.4,oblast_cascade,,Kaniv HPP,0,0.0052,0.101
UA71060030000053648,Баштечківська,Черкаська,Уманський,сільська,49.2456923,30.3190626,8,179.4,3949,0,NA,NA,224.822142431947,270.382177875638,NA,0,0,0,309.4,False,2026-09-09,13,124,2026-08-29,0.4,oblast_cascade,,Kaniv HPP,0,0.0052,0.101
UA71060050000056084,Буцька,Черкаська,Уманський,селищна,49.091744,30.4026306,8,190.1,5096,0.34105180533752,NA,NA,241.592212573846,267.774307709022,NA,0,0,0,291.2,False,2026-09-09,13,124,2026-08-29,0.4,oblast_cascade,,Kaniv HPP,0,0.0052,0.101
UA71060070000098837,Дмитрушківська,Черкаська,Уманський,сільська,48.7962462,30.2825171,12,311.4,9356,0,NA,NA,274.865038332225,246.863620268365,NA,0,0,0,263.0,False,2026-09-09,13,124,2026-08-29,0.4,oblast_cascade,,Kaniv HPP,0,0.0052,0.101
UA71060090000088339,Жашківська,Черкаська,Уманський,міська,49.2478012,30.1066179,28,724.9,28503,0.464582675507841,NA,NA,226.139591400761,257.173573522636,8,0,0,0,314.5,False,2026-09-09,13,124,2026-08-29,0.4,oblast_cascade,,Kaniv HPP,0,0.0052,0.101
UA71060110000085867,Іваньківська,Черкаська,Уманський,сільська,48.9924674,30.4483919,6,154.7,4228,0,NA,NA,252.519109908631,266.210438757677,NA,0,0,0,279.7,False,2026-09-09,13,124,2026-08-29,0.4,oblast_cascade,,Kaniv HPP,0,0.0052,0.101
UA71060130000099511,Ладижинська,Черкаська,Уманський,сільська,48.5465612,30.2385604,11,322.3,10141,0,NA,NA,302.782624449055,231.986938699861,NA,0,0,0,238.6,False,2026-09-09,13,124,2026-08-29,0.4,oblast_cascade,,Kaniv HPP,0,0.0052,0.101
UA71060150000062190,Маньківська,Черкаська,Уманський,селищна,48.963662,30.3339811,19,477.3,17587,0.42303974526639,NA,NA,256.05609680242,257.275648154525,14,0,0,0,279.2,False,2026-09-09,13,124,2026-08-29,0.4,oblast_cascade,,Kaniv HPP,0,0.0052,0.101
UA71060170000092613,Монастирищенська,Черкаська,Уманський,міська,48.9944069,29.8007253,41,719.2,33864,0.34768485707536,NA,NA,257.644232939456,223.814846237948,4,0,0,0,297.3,False,2026-09-09,13,124,2026-08-29,0.4,oblast_cascade,,Kaniv HPP,0,0.0052,0.101
UA71060190000086831,Паланська,Черкаська,Уманський,сільська,48.7331789,30.10288,18,482.6,14507,0,NA,NA,282.986591134446,232.099022421022,NA,0,0,0,261.6,False,2026-09-09,13,124,2026-08-29,0.4,oblast_cascade,,Kaniv HPP,0,0.0052,0.101
UA71060210000032972,Уманська,Черкаська,Уманський,міська,48.7497621,30.2203052,2,67.2,82542,0.987678999781929,NA,NA,280.348592717988,240.832150320647,133,1,0,0,259.9,False,2026-09-09,13,124,2026-08-29,0.4,oblast_cascade,,Kaniv HPP,0,0.0052,0.101
UA71060230000095772,Христинівська,Черкаська,Уманський,міська,48.812969,29.9677872,34,607.4,31642,0.421149105619114,NA,NA,275.428054484852,226.069236436138,28,0,0,0,273.8,False,2026-09-09,13,124,2026-08-29,0.4,oblast_cascade,,Kaniv HPP,0,0.0052,0.101
UA71080010000073303,Балаклеївська,Черкаська,Черкаський,сільська,49.2261544,31.7366283,6,206.4,9364,0,NA,NA,241.668149612377,362.913911146737,NA,0,0,0,294.6,False,2026-09-09,13,124,2026-08-29,0.4,oblast_cascade,,Kaniv HPP,0,0.0052,0.101
UA71080030000050121,Березняківська,Черкаська,Черкаський,сільська,49.1377452,31.9500464,5,193.2,5409,0,NA,NA,256.372639320257,373.018019922286,NA,0,0,0,286.2,False,2026-09-09,13,124,2026-08-29,0.4,oblast_cascade,,Kaniv HPP,0,0.0052,0.101
UA71080050000028174,Білозірська,Черкаська,Черкаський,сільська,49.2975805,31.8935819,3,199.3,8546,0.0850690381465013,NA,NA,238.375736452753,376.373029138959,NA,0,0,0,303.4,False,2026-09-09,13,124,2026-08-29,0.4,oblast_cascade,,Kaniv HPP,0,0.0052,0.101
UA71080070000050993,Бобрицька,Черкаська,Черкаський,сільська,49.7939978,31.4144455,24,399.5,4385,0,NA,NA,174.381484497177,369.067304463589,NA,0,0,0,357.4,False,2026-09-09,13,124,2026-08-29,0.4,oblast_cascade,,Kaniv HPP,0,0.0052,0.101
UA71080090000075810,Будищенська,Черкаська,Черкаський,сільська,49.524426,31.799271,6,148.8,4771,0,NA,NA,212.504633034131,379.875074181574,NA,0,0,0,328.0,False,2026-09-09,13,124,2026-08-29,0.4,oblast_cascade,,Kaniv HPP,0,0.0052,0.101
UA71080110000055395,Городищенська,Черкаська,Черкаський,міська,49.2686,31.4331682,10,363.5,22462,0.631822633781498,NA,NA,230.580141579743,344.162687648895,3,0,0,0,298.9,False,2026-09-09,13,124,2026-08-29,0.4,oblast_cascade,,Kaniv HPP,0,0.0052,0.101
UA71080130000078619,Кам’янська,Черкаська,Черкаський,міська,49.0401185,32.1008691,17,491.4,19120,0.572437238493724,NA,NA,270.615192334171,375.431898732767,9,1,0,0,265.4,False,2026-09-09,13,124,2026-08-29,0.4,oblast_cascade,,Kaniv HPP,0,0.0052,0.101
UA71080150000071745,Канівська,Черкаська,Черкаський,міська,49.7551031,31.4610802,11,246.7,26507,0.874184177764364,NA,NA,179.58933222653,369.993533234583,23,0,0,0,353.0,False,2026-09-09,13,124,2026-08-29,1,hosts_facility,Kaniv HPP,Kaniv HPP,0,0.0052,0.251
UA71080170000080118,Корсунь-Шевченківська,Черкаська,Черкаський,міська,49.418037,31.2556741,11,173.7,20422,0.843012437567329,NA,NA,211.327592248426,339.330072384796,42,0,0,0,316.1,False,2026-09-09,13,124,2026-08-29,0.4,oblast_cascade,,Kaniv HPP,0,0.0052,0.101
UA71080190000038712,Леськівська,Черкаська,Черкаський,сільська,49.3328057,32.2181675,5,217.3,8074,0,NA,NA,244.896362001464,399.79133055124,1,0,0,0,252.2,False,2026-09-09,13,124,2026-08-29,0.4,oblast_cascade,,Kaniv HPP,0,0.0052,0.101
UA71080210000074132,Ліплявська,Черкаська,Черкаський,сільська,49.786949,31.547239,5,279.4,3475,0,NA,NA,178.536445263773,377.117254631818,NA,0,0,0,259.4,False,2026-09-09,13,124,2026-08-29,0.4,oblast_cascade,,Kaniv HPP,0,0.0052,0.101
UA71080230000065521,Медведівська,Черкаська,Черкаський,сільська,49.172241,32.377438,9,208.3,3635,0,NA,NA,266.002433410125,400.350742970745,NA,0,0,0,230.9,False,2026-09-09,13,124,2026-08-29,0.4,oblast_cascade,,Kaniv HPP,0,0.0052,0.101
UA71080250000099725,Михайлівська,Черкаська,Черкаський,сільська,49.1179888,32.0728522,13,232.6,5790,0,NA,NA,261.856991887925,378.835441018466,NA,0,0,0,274.2,False,2026-09-09,13,124,2026-08-29,0.4,oblast_cascade,,Kaniv HPP,0,0.0052,0.101
UA71080270000076233,Мліївська,Черкаська,Черкаський,сільська,49.3449286,31.5316244,3,201.3,5188,0,NA,NA,224.423713065106,354.05317879799,NA,0,0,0,307.4,False,2026-09-09,13,124,2026-08-29,0.4,oblast_cascade,,Kaniv HPP,0,0.0052,0.101
UA71080290000067044,Мошнівська,Черкаська,Черкаський,сільська,49.52499,31.74053,14,460.3,14469,0,NA,NA,210.77441137209,376.058233440857,NA,0,0,0,327.8,False,2026-09-09,13,124,2026-08-29,0.4,oblast_cascade,,Kaniv HPP,0,0.0052,0.101
UA71080310000072487,Набутівська,Черкаська,Черкаський,сільська,49.4448157,31.4113483,13,217.8,6103,0,NA,NA,211.281484483507,350.754822307411,NA,0,0,0,318.6,False,2026-09-09,13,124,2026-08-29,0.4,oblast_cascade,,Kaniv HPP,0,0.0052,0.101
UA71080330000082129,Ротмістрівська,Черкаська,Черкаський,сільська,49.1413051,31.7147139,13,310.5,8887,0,NA,NA,250.062632893503,358.219532263851,NA,0,0,0,285.1,False,2026-09-09,13,124,2026-08-29,0.4,oblast_cascade,,Kaniv HPP,0,0.0052,0.101
UA71080350000033809,Руськополянська,Черкаська,Черкаський,сільська,49.4243008,31.9147632,3,274,13571,0,NA,NA,226.074908607919,383.028361008185,3,0,0,0,317.6,False,2026-09-09,13,124,2026-08-29,0.4,oblast_cascade,,Kaniv HPP,0,0.0052,0.101
UA71080370000064287,Сагунівська,Черкаська,Черкаський,сільська,49.288422,32.363815,3,194.5,5045,0,NA,NA,254.20903620843,407.099838992717,NA,0,0,0,242.3,False,2026-09-09,13,124,2026-08-29,0.4,oblast_cascade,,Kaniv HPP,0,0.0052,0.101
UA71080390000078978,Смілянська,Черкаська,Черкаський,міська,49.2336897,31.8829216,2,39.1,65680,0.999923873325213,NA,NA,244.653746388513,373.174203037059,205,1,0,0,296.3,False,2026-09-09,13,124,2026-08-29,0.4,oblast_cascade,,Kaniv HPP,0,0.0052,0.101
UA71080410000061690,Степанецька,Черкаська,Черкаський,сільська,49.70841,31.2917358,21,367.7,6791,0,NA,NA,180.728995012099,356.803968355337,1,0,0,0,348.2,False,2026-09-09,13,124,2026-08-29,0.4,oblast_cascade,,Kaniv HPP,0,0.0052,0.101
UA71080430000025181,Степанківська,Черкаська,Черкаський,сільська,49.336479,31.9730474,7,134.9,7071,0,NA,NA,236.711055411998,383.299857668311,1,1,0,0,299.6,False,2026-09-09,13,124,2026-08-29,0.4,oblast_cascade,,Kaniv HPP,0,0.0052,0.101
UA71080450000083423,Тернівська,Черкаська,Черкаський,сільська,49.1309417,31.8421374,9,155.7,5280,0,NA,NA,254.240380693336,366.125753089379,12,0,0,0,284.6,False,2026-09-09,13,124,2026-08-29,0.4,oblast_cascade,,Kaniv HPP,0,0.0052,0.101
UA71080470000038153,Червонослобідська,Черкаська,Черкаський,сільська,49.379837,32.14439,4,176.4,14052,0,NA,NA,237.793690091357,396.612828938244,3,0,0,0,259.5,False,2026-09-09,13,124,2026-08-29,0.4,oblast_cascade,,Kaniv HPP,0,0.0052,0.101
UA71080490000022110,Черкаська,Черкаська,Черкаський,міська,49.4302723,32.0447228243568,2,76.8,270705,0.996789863504553,NA,NA,229.523014741638,391.969697325257,379,0,0,0,268.1,False,2026-09-09,13,124,2026-08-29,0.4,oblast_cascade,,Kaniv HPP,0,0.0052,0.101
UA71080510000028067,Чигиринська,Черкаська,Черкаський,міська,49.0775098,32.6664089,25,901.7,18846,0.453093494640773,NA,NA,255.100930245612,412.098459055032,15,0,0,0,211.0,False,2026-09-09,13,124,2026-08-29,0.4,oblast_cascade,,Kaniv HPP,0,0.0052,0.101
UA73020010000044067,Банилівська,Чернівецька,Вижницький,сільська,48.35804,25.343399,4,81.3,7309,0,NA,NA,369.202248315698,48.567570630523,NA,0,0,0,504.0,False,2026-09-09,0,6,2026-08-29,0.4,oblast_cascade,,Dnister HPP/PSPP,0,0.0,0.1
UA73020030000022011,Берегометська,Чернівецька,Вижницький,селищна,48.1720039,25.3304604,13,491.9,18246,0.411816288501589,1,NA,388.61578102797,28.3151911716781,NA,0,0,0,497.9,False,2026-09-09,0,6,2026-08-29,0.4,oblast_cascade,,Dnister HPP/PSPP,0,0.0,0.1
UA73020050000061546,Брусницька,Чернівецька,Вижницький,сільська,48.35804,25.59712,10,98.1,9197,0,NA,NA,375.470465736406,45.5442303578372,NA,0,0,0,486.5,False,2026-09-09,0,6,2026-08-29,0.4,oblast_cascade,,Dnister HPP/PSPP,0,0.0,0.1
UA73020070000035367,Вашківецька,Чернівецька,Вижницький,міська,48.3820192,25.5174954,7,146.1,12171,0.428477528551475,NA,NA,370.915398314433,48.8347350772651,3,0,0,0,493.0,False,2026-09-09,0,6,2026-08-29,0.4,oblast_cascade,,Dnister HPP/PSPP,0,0.0,0.1
UA73020090000031499,Вижницька,Чернівецька,Вижницький,міська,48.248441,25.1893807,10,183.5,16635,0.228614367297866,1,NA,377.472688302056,38.2405808369847,2,0,0,0,510.5,False,2026-09-09,0,6,2026-08-29,0.4,oblast_cascade,,Dnister HPP/PSPP,0,0.0,0.1
UA73020110000071923,Конятинська,Чернівецька,Вижницький,сільська,48.042179,24.938971,10,122,4760,0,1,NA,395.029079259078,25.3663779783996,NA,0,0,0,521.4,False,2026-09-09,0,6,2026-08-29,0.4,oblast_cascade,,Dnister HPP/PSPP,0,0.0,0.1
UA73020130000092871,Путильська,Чернівецька,Вижницький,селищна,47.99515,25.08453,18,231.6,11197,0.301330713583996,1,NA,402.636611630189,15.7204930094276,NA,0,0,0,509.6,False,2026-09-09,0,6,2026-08-29,0.4,oblast_cascade,,Dnister HPP/PSPP,0,0.0,0.1
UA73020150000076225,Селятинська,Чернівецька,Вижницький,сільська,47.864681,25.20779,10,367.7,4677,0,1,NA,418.972053554012,0.995928685584528,NA,0,0,0,497.0,False,2026-09-09,0,6,2026-08-29,0.4,oblast_cascade,,Dnister HPP/PSPP,0,0.0,0.1
UA73020170000016631,Усть-Путильська,Чернівецька,Вижницький,сільська,48.113274,25.04236,13,156.6,5414,0,1,NA,389.133985143954,28.1897277766481,NA,0,0,0,516.3,False,2026-09-09,0,6,2026-08-29,0.4,oblast_cascade,,Dnister HPP/PSPP,0,0.0,0.1
UA73040010000039325,Вашковецька,Чернівецька,Дністровський,сільська,48.412971,27.135889,4,58.7,4611,0,NA,NA,343.283964210064,27.9808138343725,NA,0,0,0,386.9,False,2026-09-09,0,6,2026-08-29,0.4,oblast_cascade,,Dnister HPP/PSPP,0,0.0,0.1
UA73040030000042378,Кельменецька,Чернівецька,Дністровський,селищна,48.4655533,26.8299962,26,540.6,31568,0.221268373035986,NA,NA,341.059424694437,23.5158936416166,20,1,0,0,409.4,False,2026-09-09,0,6,2026-08-29,0.4,oblast_cascade,,Dnister HPP/PSPP,0,0.0,0.1
UA73040050000080963,Клішковецька,Чернівецька,Дністровський,сільська,48.430443,26.259632,12,212.4,14734,0,NA,NA,354.998712007595,27.1698997886989,NA,0,0,0,445.0,False,2026-09-09,0,6,2026-08-29,0.4,oblast_cascade,,Dnister HPP/PSPP,0,0.0,0.1
UA73040070000053425,Лівинецька,Чернівецька,Дністровський,сільська,48.408604,26.609051,7,129.3,6582,0,NA,NA,350.646544589289,16.4007643732189,NA,0,0,0,420.8,False,2026-09-09,0,6,2026-08-29,0.4,oblast_cascade,,Dnister HPP/PSPP,0,0.0,0.1
UA73040090000036527,Мамалигівська,Чернівецька,Дністровський,сільська,48.259453,26.585018,8,144.7,11690,0,NA,NA,367.207149926595,1.41619089127374,0,0,0,0,415.1,False,2026-09-09,0,6,2026-08-29,0.4,oblast_cascade,,Dnister HPP/PSPP,0,0.0,0.1
UA73040110000040354,Недобоївська,Чернівецька,Дністровський,сільська,48.427788,26.369761,7,129.5,12257,0,NA,NA,352.997632540894,24.513014089496,1,0,0,0,437.5,False,2026-09-09,0,6,2026-08-29,0.4,oblast_cascade,,Dnister HPP/PSPP,0,0.0,0.1
UA73040130000087963,Новодністровська,Чернівецька,Дністровський,міська,48.58485,27.4311004,1,7.1,10463,1,NA,NA,322.118687771651,56.2824710617899,1,0,0,0,378.8,False,2026-09-09,0,6,2026-08-29,1,hosts_facility,Dnister HPP/PSPP,Dnister HPP/PSPP,0,0.0,0.25
UA73040150000056182,Рукшинська,Чернівецька,Дністровський,сільська,48.490925,26.401684,6,108.7,6410,0,NA,NA,345.601362629536,30.417137866957,NA,0,0,0,438.6,False,2026-09-09,0,6,2026-08-29,0.4,oblast_cascade,,Dnister HPP/PSPP,0,0.0,0.1
UA73040170000011490,Сокирянська,Чернівецька,Дністровський,міська,48.4460307,27.411193,25,606.5,36009,0.237357327334833,NA,NA,337.619862075529,44.3934301968014,5,0,0,0,371.4,False,2026-09-09,0,6,2026-08-29,0.4,oblast_cascade,,Dnister HPP/PSPP,0,0.0,0.1
UA73040190000062796,Хотинська,Чернівецька,Дністровський,міська,48.5068418,26.4859086,11,182.5,17884,0.499664504585104,NA,NA,342.250384034517,29.3405086114843,20,0,0,0,433.9,False,2026-09-09,0,6,2026-08-29,0.4,oblast_cascade,,Dnister HPP/PSPP,0,0.0,0.1
UA73060010000052133,Боянська,Чернівецька,Чернівецький,сільська,48.26688,26.126339,4,63.9,6385,0,NA,NA,375.278217622693,17.8075711383385,NA,0,0,0,446.5,False,2026-09-09,0,6,2026-08-29,0.4,oblast_cascade,,Dnister HPP/PSPP,0,0.0,0.1
UA73060030000078843,Ванчиковецька,Чернівецька,Чернівецький,сільська,48.220112,26.450109,10,170.8,14272,0,NA,NA,373.781802931497,0.904517056796137,NA,0,0,0,422.4,False,2026-09-09,0,6,2026-08-29,0.4,oblast_cascade,,Dnister HPP/PSPP,0,0.0,0.1
UA73060050000034325,Великокучурівська,Чернівецька,Чернівецький,сільська,48.198738,25.894779,5,98.1,13849,0,NA,NA,387.862232699059,24.6444205057448,2,0,0,0,459.5,False,2026-09-09,0,6,2026-08-29,0.4,oblast_cascade,,Dnister HPP/PSPP,0,0.0,0.1
UA73060070000082869,Веренчанська,Чернівецька,Чернівецький,сільська,48.54446,25.7444,7,103.6,8033,0,NA,NA,355.967571311168,59.0952256520333,NA,0,0,0,484.7,False,2026-09-09,0,6,2026-08-29,0.4,oblast_cascade,,Dnister HPP/PSPP,0,0.0,0.1
UA73060090000047054,Вікнянська,Чернівецька,Чернівецький,сільська,48.57021,25.9758,8,98.8,5839,0,NA,NA,346.992091720522,50.3250417012597,NA,0,0,0,470.6,False,2026-09-09,0,6,2026-08-29,0.4,oblast_cascade,,Dnister HPP/PSPP,0,0.0,0.1
UA73060110000070017,Волоківська,Чернівецька,Чернівецький,сільська,48.192902,25.934601,4,60.9,6944,0,NA,NA,387.511652758873,23.9829851470532,NA,0,0,0,456.6,False,2026-09-09,0,6,2026-08-29,0.4,oblast_cascade,,Dnister HPP/PSPP,0,0.0,0.1
UA73060130000078771,Герцаївська,Чернівецька,Чернівецький,міська,48.1505805,26.2589723,12,192.1,17890,0.11721632196758,NA,NA,384.889432078193,3.4587044395079,NA,0,0,0,432.5,False,2026-09-09,0,6,2026-08-29,0.4,oblast_cascade,,Dnister HPP/PSPP,0,0.0,0.1
UA73060150000088691,Глибоцька,Чернівецька,Чернівецький,селищна,48.08578,25.92842,9,140.6,19139,0.482052353832489,NA,NA,398.946923110197,12.0630647494401,9,0,0,0,452.8,False,2026-09-09,0,6,2026-08-29,0.4,oblast_cascade,,Dnister HPP/PSPP,0,0.0,0.1
UA73060170000031531,Горішньошеровецька,Чернівецька,Чернівецький,сільська,48.3942336,25.9482797,4,86.1,5756,0,NA,NA,366.053097590428,36.7974606811555,NA,0,0,0,464.2,False,2026-09-09,0,6,2026-08-29,0.4,oblast_cascade,,Dnister HPP/PSPP,0,0.0,0.1
UA73060190000043347,Заставнівська,Чернівецька,Чернівецький,міська,48.5235845,25.8455783,3,75.8,9251,0.837747270565344,NA,NA,355.289625127549,52.131335187597,NA,0,0,0,477.0,False,2026-09-09,0,6,2026-08-29,0.4,oblast_cascade,,Dnister HPP/PSPP,0,0.0,0.1
UA73060210000010691,Кадубовецька,Чернівецька,Чернівецький,сільська,48.587379,25.77564,6,94.7,7833,0,NA,NA,350.676960115321,60.8222639231639,NA,0,0,0,484.7,False,2026-09-09,0,6,2026-08-29,0.4,oblast_cascade,,Dnister HPP/PSPP,0,0.0,0.1
UA73060230000024500,Кам’янецька,Чернівецька,Чернівецький,сільська,48.02879,25.9195,4,102.4,10055,0,NA,NA,405.172558002809,5.70877759833883,NA,0,0,0,451.4,False,2026-09-09,0,6,2026-08-29,0.4,oblast_cascade,,Dnister HPP/PSPP,0,0.0,0.1
UA73060250000049790,Кам’янська,Чернівецька,Чернівецький,сільська,48.23204,25.84568,7,120.6,11050,0,NA,NA,385.593643517942,28.7658707381292,NA,0,0,0,464.3,False,2026-09-09,0,6,2026-08-29,0.4,oblast_cascade,,Dnister HPP/PSPP,0,0.0,0.1
UA73060270000016588,Карапчівська,Чернівецька,Чернівецький,сільська,48.1101114,25.8112969,2,45.7,4419,0,NA,NA,399.215632074144,15.9415592723263,NA,0,0,0,461.9,False,2026-09-09,0,6,2026-08-29,0.4,oblast_cascade,,Dnister HPP/PSPP,0,0.0,0.1
UA73060290000034305,Кіцманська,Чернівецька,Чернівецький,міська,48.4386498,25.7610109,11,180.1,20575,0.293997569866343,NA,NA,366.375451028617,50.8621165187502,7,0,0,0,478.8,False,2026-09-09,0,6,2026-08-29,0.4,oblast_cascade,,Dnister HPP/PSPP,0,0.0,0.1
UA73060310000074904,Кострижівська,Чернівецька,Чернівецький,селищна,48.6526572,25.7119191,5,37.3,4254,0.608133521391631,NA,NA,345.536958460048,69.3446009461498,NA,0,0,0,492.0,False,2026-09-09,0,6,2026-08-29,0.4,oblast_cascade,,Dnister HPP/PSPP,0,0.0,0.1
UA73060330000039245,Красноїльська,Чернівецька,Чернівецький,селищна,48.0186954,25.6009089,2,191.4,11235,0.929595015576324,1,NA,411.056207549357,7.98624030406572,NA,0,0,0,473.5,False,2026-09-09,0,6,2026-08-29,0.4,oblast_cascade,,Dnister HPP/PSPP,0,0.0,0.1
UA73060350000057190,Магальська,Чернівецька,Чернівецький,сільська,48.289864,26.040028,5,84.1,9456,0,NA,NA,374.802945816179,24.6004965475902,1,0,0,0,453.3,False,2026-09-09,0,6,2026-08-29,0.4,oblast_cascade,,Dnister HPP/PSPP,0,0.0,0.1
UA73060370000059595,Мамаївська,Чернівецька,Чернівецький,сільська,48.3527353,25.8222129,12,155.5,19802,0.241440258559741,NA,NA,373.618101030612,42.1021117596014,13,0,0,0,470.9,False,2026-09-09,0,6,2026-08-29,0.4,oblast_cascade,,Dnister HPP/PSPP,0,0.0,0.1
UA73060390000017602,Неполоковецька,Чернівецька,Чернівецький,селищна,48.40267,25.64758,6,57.9,7418,0.327177136694527,NA,NA,372.189038371948,50.3777817503442,1,0,0,0,484.9,False,2026-09-09,0,6,2026-08-29,0.4,oblast_cascade,,Dnister HPP/PSPP,0,0.0,0.1
UA73060410000077092,Новоселицька,Чернівецька,Чернівецький,міська,48.2179594,26.2664831,14,220.7,27990,0.264344408717399,NA,NA,377.528245666534,6.17926011276911,1,0,0,0,434.8,False,2026-09-09,0,6,2026-08-29,0.4,oblast_cascade,,Dnister HPP/PSPP,0,0.0,0.1
UA73060430000042676,Острицька,Чернівецька,Чернівецький,сільська,48.2578433,26.0481688,10,99.1,13390,0,NA,NA,377.996811892181,22.497560832071,NA,0,0,0,451.4,False,2026-09-09,0,6,2026-08-29,0.4,oblast_cascade,,Dnister HPP/PSPP,0,0.0,0.1
UA73060450000099566,Петровецька,Чернівецька,Чернівецький,сільська,48.0585735,25.6937177,3,81.6,8096,0,NA,NA,407.585826873325,12.4380987013821,NA,0,0,0,468.3,False,2026-09-09,0,6,2026-08-29,0.4,oblast_cascade,,Dnister HPP/PSPP,0,0.0,0.1
UA73060470000040033,Ставчанська,Чернівецька,Чернівецький,сільська,48.507629,25.682991,5,75.4,6220,0,NA,NA,361.507096160221,59.9913500990859,NA,0,0,0,487.2,False,2026-09-09,0,6,2026-08-29,0.4,oblast_cascade,,Dnister HPP/PSPP,0,0.0,0.1
UA73060490000033679,Сторожинецька,Чернівецька,Чернівецький,міська,48.1629489,25.7207993,17,520.4,41964,0.335454198837098,1,NA,396.012241433492,23.4422072229891,14,0,0,0,470.2,False,2026-09-09,0,6,2026-08-29,0.4,oblast_cascade,,Dnister HPP/PSPP,0,0.0,0.1
UA73060510000025800,Сучевенська,Чернівецька,Чернівецький,сільська,48.0561527,25.8365396,6,106.9,7868,0,NA,NA,404.257360837013,9.71067265324077,NA,0,0,0,458.2,False,2026-09-09,0,6,2026-08-29,0.4,oblast_cascade,,Dnister HPP/PSPP,0,0.0,0.1
UA73060530000099979,Тарашанська,Чернівецька,Чернівецький,сільська,48.116341,25.99674,5,91.6,7557,0,NA,NA,394.139743193218,14.9719277479078,NA,0,0,0,449.2,False,2026-09-09,0,6,2026-08-29,0.4,oblast_cascade,,Dnister HPP/PSPP,0,0.0,0.1
UA73060550000052402,Тереблеченська,Чернівецька,Чернівецький,сільська,48.0262838,26.060343,5,74.7,6280,0,NA,NA,402.288833372681,4.25467305582524,NA,0,0,0,441.4,False,2026-09-09,0,6,2026-08-29,0.4,oblast_cascade,,Dnister HPP/PSPP,0,0.0,0.1
UA73060570000058573,Топорівська,Чернівецька,Чернівецький,сільська,48.378967,26.086685,4,123.9,11551,0,NA,NA,364.313160192017,28.2646770086837,NA,0,0,0,454.1,False,2026-09-09,0,6,2026-08-29,0.4,oblast_cascade,,Dnister HPP/PSPP,0,0.0,0.1
UA73060590000095243,Чагорська,Чернівецька,Чернівецький,сільська,48.2415157,25.9883128,4,50.2,10112,0,NA,NA,381.114688757954,25.9082943525713,2,0,0,0,454.8,False,2026-09-09,0,6,2026-08-29,0.4,oblast_cascade,,Dnister HPP/PSPP,0,0.0,0.1
UA73060610000066784,Чернівецька,Чернівецька,Чернівецький,міська,48.2864702,25.9376532,3,180.4,269381,0.981130814719672,NA,NA,377.60571022251,31.2734047830913,331,0,0,0,460.2,False,2026-09-09,0,6,2026-08-29,0.4,oblast_cascade,,Dnister HPP/PSPP,0,0.0,0.1
UA73060630000091311,Чудейська,Чернівецька,Чернівецький,сільська,48.0510337,25.6220564,5,147.6,14355,0,NA,NA,408.174598680139,11.366080032834,NA,0,0,0,473.1,False,2026-09-09,0,6,2026-08-29,0.4,oblast_cascade,,Dnister HPP/PSPP,0,0.0,0.1
UA73060650000012771,Юрковецька,Чернівецька,Чернівецький,сільська,48.503437,25.932705,8,165.3,10424,0,NA,NA,355.058921292813,46.1672603774244,NA,0,0,0,470.2,False,2026-09-09,0,6,2026-08-29,0.4,oblast_cascade,,Dnister HPP/PSPP,0,0.0,0.1
UA74020010000010449,Корюківська,Чернігівська,Корюківський,міська,51.77444,32.2514,66,1172.6,20456,0.59649980445835,NA,NA,30.7237888848051,549.603603463235,6,0,0,0,141.0,False,2026-09-09,595,6761,2026-08-29,0,none,,,0,0.2993,0.0599
UA74020030000069340,Менська,Чернігівська,Корюківський,міська,51.52279,32.21638,39,1026.1,25085,0.518875822204505,NA,NA,57.4000811405007,528.649475739419,23,0,0,0,145.3,False,2026-09-09,595,6761,2026-08-29,0,none,,,0,0.2993,0.0599
UA74020050000033944,Сновська,Чернігівська,Корюківський,міська,51.8187527,31.9448953,57,1283.1,21575,0.492236384704519,NA,NA,24.9226203821515,538.301932011008,NA,0,0,1,162.2,False,2026-09-09,595,6761,2026-08-29,0,none,,,0,0.2993,0.0599
UA74020070000037186,Сосницька,Чернігівська,Корюківський,селищна,51.5244906,32.5028975,41,798.8,14831,0.444272132695031,NA,NA,63.1281164811624,543.614088596612,12,0,0,0,125.7,False,2026-09-09,595,6761,2026-08-29,0,none,,,0,0.2993,0.0599
UA74020090000083820,Холминська,Чернігівська,Корюківський,селищна,51.872562,32.595619,15,320.3,4488,0.547905525846702,NA,NA,33.0721484034711,574.243260208821,NA,0,0,0,118.3,False,2026-09-09,595,6761,2026-08-29,0,none,,,0,0.2993,0.0599
UA74040010000076097,Батуринська,Чернігівська,Ніжинський,міська,51.3413087,32.8778317,27,437.5,6984,0.344501718213058,NA,NA,90.7106917464661,550.715897164771,9,0,0,0,106.7,False,2026-09-09,595,6761,2026-08-29,0,none,,,0,0.2993,0.0599
UA74040030000093042,Бахмацька,Чернігівська,Ніжинський,міська,51.1801374,32.8165107,39,720.9,28821,0.585059505221887,NA,NA,98.9427640610261,536.406629067332,18,1,0,0,109.3,False,2026-09-09,595,6761,2026-08-29,0,none,,,0,0.2993,0.0599
UA74040050000013413,Бобровицька,Чернігівська,Ніжинський,міська,50.7415033,31.3860852,41,1055.5,24234,0.434967401171907,NA,NA,80.9401982215907,427.797703590063,NA,1,0,0,217.5,False,2026-09-09,595,6761,2026-08-29,0,none,,,0,0.2993,0.0599
UA74040070000086652,Борзнянська,Чернігівська,Ніжинський,міська,51.2534475,32.4263156,22,538.1,15335,0.616498206716661,NA,NA,89.6918357371667,520.136276583668,1,0,0,0,139.4,False,2026-09-09,595,6761,2026-08-29,0,none,,,0,0.2993,0.0599
UA74040090000047246,Вертіївська,Чернігівська,Ніжинський,сільська,51.16367,31.848339,24,678.4,7765,0,NA,NA,85.2954551693321,482.98083630454,6,0,0,0,180.5,False,2026-09-09,595,6761,2026-08-29,0,none,,,0,0.2993,0.0599
UA74040110000021989,Височанська,Чернігівська,Ніжинський,сільська,51.332241,32.562099,15,267.4,4168,0,NA,NA,84.3452180763377,532.996565856517,NA,0,0,0,127.4,False,2026-09-09,595,6761,2026-08-29,0,none,,,0,0.2993,0.0599
UA74040130000094076,Дмитрівська,Чернігівська,Ніжинський,селищна,50.9343619,32.9457499,15,327.1,4944,0.422734627831715,NA,NA,96.9719488415052,527.910238851465,NA,0,0,0,106.8,False,2026-09-09,595,6761,2026-08-29,0,none,,,0,0.2993,0.0599
UA74040150000010608,Комарівська,Чернігівська,Ніжинський,сільська,51.236801,32.149078,15,425,4417,0,NA,NA,88.676935812473,504.178034787902,NA,0,0,0,158.0,False,2026-09-09,595,6761,2026-08-29,0,none,,,0,0.2993,0.0599
UA74040170000037628,Крутівська,Чернігівська,Ніжинський,сільська,51.0601711,32.1022103,14,285.4,3457,0,NA,NA,105.505475542024,489.01848035511,1,1,0,0,160.5,False,2026-09-09,595,6761,2026-08-29,0,none,,,0,0.2993,0.0599
UA74040190000070909,Лосинівська,Чернігівська,Ніжинський,селищна,50.8422398,31.9170092,21,355.8,9448,0.379233700254022,NA,NA,103.42626734612,463.658246411303,NA,0,0,0,178.5,False,2026-09-09,595,6761,2026-08-29,0,none,,,0,0.2993,0.0599
UA74040210000018988,Макіївська,Чернігівська,Ніжинський,сільська,50.676498,31.828421,19,248.1,3444,0,NA,NA,108.583815189285,447.388260215079,NA,0,0,0,190.4,False,2026-09-09,595,6761,2026-08-29,0,none,,,0,0.2993,0.0599
UA74040230000022565,Мринська,Чернігівська,Ніжинський,сільська,51.0544397,31.5414195,7,332,3948,0,NA,NA,69.4221990139747,458.895506746623,NA,0,0,0,204.9,False,2026-09-09,595,6761,2026-08-29,0,none,,,0,0.2993,0.0599
UA74040250000063494,Ніжинська,Чернігівська,Ніжинський,міська,51.0464747,31.8806289,5,130.3,66626,0.988052712154414,NA,NA,91.4333996509621,476.218448809414,75,1,0,0,183.5,False,2026-09-09,595,6761,2026-08-29,0,none,,,0,0.2993,0.0599
UA74040270000069132,Новобасанська,Чернігівська,Ніжинський,сільська,50.572811,31.5184,13,362.2,5997,0,NA,NA,101.292113620449,423.04365182457,NA,0,0,0,215.0,False,2026-09-09,595,6761,2026-08-29,0,none,,,0,0.2993,0.0599
UA74040290000072674,Носівська,Чернігівська,Ніжинський,міська,50.9377744,31.5812258,21,569.8,19178,0.67306288455522,NA,NA,77.7050474628262,452.423566975379,19,1,0,0,198.8,False,2026-09-09,595,6761,2026-08-29,0,none,,,0,0.2993,0.0599
UA74040310000039217,Плисківська,Чернігівська,Ніжинський,сільська,51.113289,32.431103,5,235.9,2581,0,NA,NA,104.920524422435,510.589370297097,NA,1,0,0,136.9,False,2026-09-09,595,6761,2026-08-29,0,none,,,0,0.2993,0.0599
UA74040330000024949,Талалаївська,Чернігівська,Ніжинський,сільська,50.955681,31.917252,15,249.6,4561,0,NA,NA,97.867584316024,471.640155245839,3,0,0,0,175.4,False,2026-09-09,595,6761,2026-08-29,0,none,,,0,0.2993,0.0599
UA74060010000052907,Коропська,Чернігівська,Новгород-Сіверський,селищна,51.5671394,32.9520532,50,910.1,15122,0.329982806507076,NA,NA,74.9532675562238,570.468664229255,7,0,0,0,94.3,False,2026-09-09,595,6761,2026-08-29,0,none,,,0,0.2993,0.0599
UA74060030000026607,Новгород-Сіверська,Чернігівська,Новгород-Сіверський,міська,52.004259,33.2779899,85,1803.5,24073,0.514061396585386,NA,NA,35.4939341545698,618.842242044459,32,0,0,1,76.9,False,2026-09-09,595,6761,2026-08-29,0,none,,,0,0.2993,0.0599
UA74060050000061355,Понорницька,Чернігівська,Новгород-Сіверський,селищна,51.720539,32.843971,17,517.8,7335,0.263258350374915,NA,NA,57.0171317228301,575.679595441191,0,0,0,0,100.1,False,2026-09-09,595,6761,2026-08-29,0,none,,,0,0.2993,0.0599
UA74060070000028810,Семенівська,Чернігівська,Новгород-Сіверський,міська,52.17853,32.57755,70,1399,15611,0.499135225161745,NA,NA,11.3998240027384,588.148311836601,1,0,0,1,128.5,False,2026-09-09,595,6761,2026-08-29,0,none,,,0,0.2993,0.0599
UA74080010000063011,Варвинська,Чернігівська,Прилуцький,селищна,50.4982561,32.7228573,30,588.3,14601,0.519211012944319,NA,NA,135.869773899119,488.786076437562,3,0,0,0,144.5,False,2026-09-09,595,6761,2026-08-29,0,none,,,0,0.2993,0.0599
UA74080030000040714,Ічнянська,Чернігівська,Прилуцький,міська,50.8623444,32.3910144,54,1205.9,22027,0.512870567939347,NA,NA,131.832248397494,491.451384131712,24,0,0,0,146.1,False,2026-09-09,595,6761,2026-08-29,0,none,,,0,0.2993,0.0599
UA74080050000033938,Ладанська,Чернігівська,Прилуцький,селищна,50.5135783,32.5877381,7,179.2,8382,0.676568837986161,NA,NA,142.35102918914,481.455654120255,6,0,0,0,151.2,False,2026-09-09,595,6761,2026-08-29,0,none,,,0,0.2993,0.0599
UA74080070000022285,Линовицька,Чернігівська,Прилуцький,селищна,50.4641,32.396339,16,205.9,4565,0.563855421686747,NA,NA,154.750695397524,467.035337569843,NA,0,0,0,165.5,False,2026-09-09,595,6761,2026-08-29,0,none,,,0,0.2993,0.0599
UA74080090000092409,Малодівицька,Чернігівська,Прилуцький,селищна,50.6896318,32.18703,13,238.9,4388,0.440063810391978,NA,NA,128.397921114875,468.586755492306,NA,0,0,0,166.5,False,2026-09-09,595,6761,2026-08-29,0,none,,,0,0.2993,0.0599
UA74080110000023749,Парафіївська,Чернігівська,Прилуцький,селищна,50.8840075,32.6447189,22,369.1,6436,0.337010565568676,NA,NA,118.633075211688,507.336972485147,7,0,0,0,128.6,False,2026-09-09,595,6761,2026-08-29,0,none,,,0,0.2993,0.0599
UA74080130000060606,Прилуцька,Чернігівська,Прилуцький,міська,50.5950864,32.3866658,1,42.3,51637,1,NA,NA,145.907976384587,474.281088174854,55,0,0,0,158.5,False,2026-09-09,595,6761,2026-08-29,0,none,,,0,0.2993,0.0599
UA74080150000033167,Срібнянська,Чернігівська,Прилуцький,селищна,50.661573,32.9174152,29,578,10269,0.405200116856559,NA,NA,113.854246009692,509.89071351316,1,0,0,0,122.7,False,2026-09-09,595,6761,2026-08-29,0,none,,,0,0.2993,0.0599
UA74080170000055617,Сухополов’янська,Чернігівська,Прилуцький,сільська,50.6323917,32.3798861,54,887.8,12283,0,NA,NA,143.318356703074,476.170491917855,1,0,0,0,157.0,False,2026-09-09,595,6761,2026-08-29,0,none,,,0,0.2993,0.0599
UA74080190000091939,Талалаївська,Чернігівська,Прилуцький,селищна,50.83168,33.13442,45,632.5,11511,0.396316566762227,NA,NA,90.5318636271429,532.808286938039,1,0,0,0,99.8,False,2026-09-09,595,6761,2026-08-29,0,none,,,0,0.2993,0.0599
UA74080210000098421,Яблунівська,Чернігівська,Прилуцький,сільська,50.4592487,32.1844644,9,282.9,3302,0,NA,NA,143.361127548837,454.064275666444,1,0,0,0,178.5,False,2026-09-09,595,6761,2026-08-29,0,none,,,0,0.2993,0.0599
UA74100010000063674,Березнянська,Чернігівська,Чернігівський,селищна,51.5778917,31.7902811,17,352.5,7365,0.589002036659878,NA,NA,52.3542989975396,511.646400786954,NA,0,0,0,173.6,False,2026-09-09,595,6761,2026-08-29,0,none,,,0,0.2993,0.0599
UA74100030000076377,Гончарівська,Чернігівська,Чернігівський,селищна,51.2990164,30.9276044,17,634.7,6064,0.542381266490765,NA,NA,19.4510159306622,448.198995327709,NA,0,0,0,237.8,False,2026-09-09,595,6761,2026-08-29,0,none,,,0,0.2993,0.0599
UA74100050000019554,Городнянська,Чернігівська,Чернігівський,міська,51.8915393,31.595545,61,1186.9,20951,0.549186196362942,NA,NA,24.3225226435527,528.191893986893,2,0,0,1,186.8,False,2026-09-09,595,6761,2026-08-29,0,none,,,0,0.2993,0.0599
UA74100070000057810,Деснянська,Чернігівська,Чернігівський,селищна,50.9247792,30.7729799,13,710,10042,0.726648078072097,NA,NA,40.6647171398305,410.223673310526,NA,0,0,0,260.2,False,2026-09-09,595,6761,2026-08-29,0,none,,,0,0.2993,0.0599
UA74100090000064336,Добрянська,Чернігівська,Чернігівський,селищна,52.063057,31.173548,21,460.5,4846,0.537969459347916,NA,NA,1.35802837727615,496.057733409057,NA,0,0,0,217.8,False,2026-09-09,595,6761,2026-08-29,0,none,,,0,0.2993,0.0599
UA74100110000030364,Іванівська,Чернігівська,Чернігівський,сільська,51.37962,31.291809,17,418,7290,0,NA,NA,44.1513885933767,471.829671957217,1,0,0,0,211.1,False,2026-09-09,595,6761,2026-08-29,0,none,,,0,0.2993,0.0599
UA74100130000039404,Киїнська,Чернігівська,Чернігівський,сільська,51.449249,31.192627,6,108.2,4614,0,NA,NA,38.1136730549511,472.901069161711,2,0,0,0,216.5,False,2026-09-09,595,6761,2026-08-29,0,none,,,0,0.2993,0.0599
UA74100150000090847,Киселівська,Чернігівська,Чернігівський,сільська,51.5342692,31.446194,15,269.9,5414,0,NA,NA,57.4543227998648,491.706191310321,NA,0,0,0,197.8,False,2026-09-09,595,6761,2026-08-29,0,none,,,0,0.2993,0.0599
UA74100170000043593,Кіптівська,Чернігівська,Чернігівський,сільська,51.0573662,31.1531227,19,537.6,5436,0,NA,NA,45.2426262588865,439.393773872305,1,0,0,0,230.1,False,2026-09-09,595,6761,2026-08-29,0,none,,,0,0.2993,0.0599
UA74100190000086457,Козелецька,Чернігівська,Чернігівський,селищна,50.9160647,31.1167509,54,697,15780,0.475031685678074,NA,NA,53.8693933690269,426.625858304875,3,0,0,0,238.3,False,2026-09-09,595,6761,2026-08-29,0,none,,,0,0.2993,0.0599
UA74100210000053397,Куликівська,Чернігівська,Чернігівський,селищна,51.3735623,31.6455818,23,861.8,14116,0.349107395862851,NA,NA,68.7084207372761,488.504031990367,11,1,0,0,187.3,False,2026-09-09,595,6761,2026-08-29,0,none,,,0,0.2993,0.0599
UA74100230000068041,Любецька,Чернігівська,Чернігівський,селищна,51.7004629,30.658659,48,595.3,5295,0.356940509915014,NA,NA,2.73221020163412,462.125868430482,5,1,0,0,250.7,False,2026-09-09,595,6761,2026-08-29,0,none,,,0,0.2993,0.0599
UA74100250000038291,Михайло-Коцюбинська,Чернігівська,Чернігівський,селищна,51.4502116,31.0792876,42,781,12290,0.227583401139137,NA,NA,30.5084595753428,467.78817729283,NA,0,0,0,224.3,False,2026-09-09,595,6761,2026-08-29,0,none,,,0,0.2993,0.0599
UA74100270000049748,Новобілоуська,Чернігівська,Чернігівський,сільська,51.5353325,31.186015,22,377.5,9781,0,NA,NA,39.6853387752724,479.779212352333,NA,0,0,0,215.7,False,2026-09-09,595,6761,2026-08-29,0,none,,,0,0.2993,0.0599
UA74100290000084770,Олишівська,Чернігівська,Чернігівський,селищна,51.217918,31.32992,6,224.7,3200,0.560625,NA,NA,48.8456250134557,460.734565800126,NA,0,0,0,212.9,False,2026-09-09,595,6761,2026-08-29,0,none,,,0,0.2993,0.0599
UA74100310000091595,Остерська,Чернігівська,Чернігівський,міська,50.9508278,30.8782419,22,402.4,8843,0.629198235892797,NA,NA,41.2274548155656,417.434905571803,2,0,0,0,252.3,False,2026-09-09,595,6761,2026-08-29,0,none,,,0,0.2993,0.0599
UA74100330000029082,Ріпкинська,Чернігівська,Чернігівський,селищна,51.8036433,31.0931453,49,1013.3,14152,0.622526851328434,NA,NA,22.4886851320145,493.485258691534,NA,0,0,0,220.7,False,2026-09-09,595,6761,2026-08-29,0,none,,,0,0.2993,0.0599
UA74100350000075160,Седнівська,Чернігівська,Чернігівський,селищна,51.64209,31.562403,8,213,3281,0.317281316671746,NA,NA,49.0385553136049,505.962632722225,NA,0,0,0,188.7,False,2026-09-09,595,6761,2026-08-29,0,none,,,0,0.2993,0.0599
UA74100370000041962,Тупичівська,Чернігівська,Чернігівський,сільська,51.768608,31.43601,11,281,3923,0,NA,NA,32.8606770919571,510.680443768674,NA,0,0,0,197.1,False,2026-09-09,595,6761,2026-08-29,0,none,,,0,0.2993,0.0599
UA74100390000073425,Чернігівська,Чернігівська,Чернігівський,міська,51.494099,31.294332,1,78.6,282747,1,NA,NA,46.1643441464709,481.319290847879,111,1,0,0,208.8,False,2026-09-09,595,6761,2026-08-29,0,none,,,0,0.2993,0.0599
