hromada_code,hromada,oblast_name,raion_name,lat_center,lon_center,distance_to_frontline_km,currently_occupied,as_of_date
UA05020010000053508,Агрономічна,Вінницька,Вінницький,49.1927696,28.3720314,373.1,False,2026-09-09
UA05020030000031457,Вінницька,Вінницька,Вінницький,49.2320162,28.467975,372.0,False,2026-09-09
UA05020050000066991,Вороновицька,Вінницька,Вінницький,49.1117881,28.6889425,351.6,False,2026-09-09
UA05020070000010139,Гніванська,Вінницька,Вінницький,49.0933696,28.338343,366.3,False,2026-09-09
UA05020090000067118,Іллінецька,Вінницька,Вінницький,49.1136358,29.2024356,330.2,False,2026-09-09
UA05020110000052014,Липовецька,Вінницька,Вінницький,49.2296415,29.0642148,346.5,False,2026-09-09
UA05020130000056031,Літинська,Вінницька,Вінницький,49.3232593,28.0837586,397.7,False,2026-09-09
UA05020150000074651,Лука-Мелешківська,Вінницька,Вінницький,49.173946,28.495565,365.7,False,2026-09-09
UA05020170000049432,Немирівська,Вінницька,Вінницький,48.9654035,28.8430131,331.8,False,2026-09-09
UA05020190000015755,Оратівська,Вінницька,Вінницький,49.19472,29.53056,326.1,False,2026-09-09
UA05020210000033427,Погребищенська,Вінницька,Вінницький,49.4848166,29.2579157,363.8,False,2026-09-09
UA05020230000029909,Стрижавська,Вінницька,Вінницький,49.3097584,28.4730593,378.6,False,2026-09-09
UA05020250000055470,Сутисківська,Вінницька,Вінницький,49.0453739,28.418232,358.4,False,2026-09-09
UA05020270000044358,Тиврівська,Вінницька,Вінницький,49.0139727,28.507999,351.5,False,2026-09-09
UA05020290000092626,Турбівська,Вінницька,Вінницький,49.339939,28.7260729,370.3,False,2026-09-09
UA05020310000080026,Якушинецька,Вінницька,Вінницький,49.259651,28.36672,379.0,False,2026-09-09
UA05040010000022470,Бершадська,Вінницька,Гайсинський,48.36594,29.51889,248.7,False,2026-09-09
UA05040030000050131,Гайсинська,Вінницька,Гайсинський,48.8120874,29.3893874,294.6,False,2026-09-09
UA05040050000080930,Дашівська,Вінницька,Гайсинський,49.0062062,29.4416807,310.9,False,2026-09-09
UA05040070000093188,Джулинська,Вінницька,Гайсинський,48.4439535,29.7482193,245.9,False,2026-09-09
UA05040090000093950,Краснопільська,Вінницька,Гайсинський,48.797123,29.720028,280.6,False,2026-09-09
UA05040110000042036,Кунківська,Вінницька,Гайсинський,48.820564,29.268541,300.4,False,2026-09-09
UA05040130000025322,Ладижинська,Вінницька,Гайсинський,48.6810505,29.2567642,288.3,False,2026-09-09
UA05040150000077146,Ободівська,Вінницька,Гайсинський,48.38597215,29.200216904785236,265.5,False,2026-09-09
UA05040170000093514,Ольгопільська,Вінницька,Гайсинський,48.184544,29.486103,234.7,False,2026-09-09
UA05040190000039450,Райгородська,Вінницька,Гайсинський,48.875095,29.082228,313.2,False,2026-09-09
UA05040210000068217,Соболівська,Вінницька,Гайсинський,48.6148597,29.4832744,272.6,False,2026-09-09
UA05040230000017028,Теплицька,Вінницька,Гайсинський,48.6636,29.74686,266.7,False,2026-09-09
UA05040250000027965,Тростянецька,Вінницька,Гайсинський,48.51227,29.2226589,275.1,False,2026-09-09
UA05040270000051651,Чечельницька,Вінницька,Гайсинський,48.2126987,29.3598689,243.3,False,2026-09-09
UA05060010000053179,Барська,Вінницька,Жмеринський,49.077621,27.6813781,398.5,False,2026-09-09
UA05060030000026125,Джуринська,Вінницька,Жмеринський,48.681271,28.292053,335.8,False,2026-09-09
UA05060050000058111,Жмеринська,Вінницька,Жмеринський,49.0354593,28.1147317,372.6,False,2026-09-09
UA05060070000012952,Копайгородська,Вінницька,Жмеринський,48.85654,27.7985,375.8,False,2026-09-09
UA05060090000058521,Мурафська,Вінницька,Жмеринський,48.768875,28.215824,346.6,False,2026-09-09
UA05060110000027268,Северинівська,Вінницька,Жмеринський,49.047089,27.93755,382.7,False,2026-09-09
UA05060130000030729,Станіславчицька,Вінницька,Жмеринський,48.97121,28.10989,367.8,False,2026-09-09
UA05060150000094411,Шаргородська,Вінницька,Жмеринський,48.7498267,28.08317,352.3,False,2026-09-09
UA05080010000038400,Бабчинецька,Вінницька,Могилів-Подільський,48.417961,28.160311,324.3,False,2026-09-09
UA05080030000089348,Вендичанська,Вінницька,Могилів-Подільський,48.6095706,27.7881091,359.0,False,2026-09-09
UA05080050000023603,Могилів-Подільська,Вінницька,Могилів-Подільський,48.442544,27.7991124,347.5,False,2026-09-09
UA05080070000010150,Мурованокуриловецька,Вінницька,Могилів-Подільський,48.7130055,27.5355762,380.7,False,2026-09-09
UA05080090000089922,Чернівецька,Вінницька,Могилів-Подільський,48.5406973,28.1221153,335.0,False,2026-09-09
UA05080110000056824,Ямпільська,Вінницька,Могилів-Подільський,48.2400683,28.2779272,305.4,False,2026-09-09
UA05080130000024964,Яришівська,Вінницька,Могилів-Подільський,48.512192,27.63199,362.0,False,2026-09-09
UA05100010000023453,Брацлавська,Вінницька,Тульчинський,48.8268749,28.9379724,315.4,False,2026-09-09
UA05100030000051497,Вапнярська,Вінницька,Тульчинський,48.5312383,28.7468189,300.2,False,2026-09-09
UA05100050000038768,Городківська,Вінницька,Тульчинський,48.380028,28.67379,292.5,False,2026-09-09
UA05100070000035159,Крижопільська,Вінницька,Тульчинський,48.38568,28.86941,282.4,False,2026-09-09
UA05100090000029847,Піщанська,Вінницька,Тульчинський,48.2077558,28.8864581,268.0,False,2026-09-09
UA05100110000070795,Студенянська,Вінницька,Тульчинський,48.1457286,28.8527159,265.4,False,2026-09-09
UA05100130000061386,Томашпільська,Вінницька,Тульчинський,48.5453497,28.5114332,313.7,False,2026-09-09
UA05100150000050790,Тульчинська,Вінницька,Тульчинський,48.6730485,28.8569476,306.2,False,2026-09-09
UA05100170000071290,Шпиківська,Вінницька,Тульчинський,48.7860654,28.5647525,329.9,False,2026-09-09
UA05120010000076685,Глуховецька,Вінницька,Хмільницький,49.77356,28.72891,410.6,False,2026-09-09
UA05120030000061384,Війтівецька,Вінницька,Хмільницький,49.6227642,27.892957,432.0,False,2026-09-09
UA05120050000063063,Іванівська,Вінницька,Хмільницький,49.4852718,28.3424484,399.8,False,2026-09-09
UA05120070000075759,Калинівська,Вінницька,Хмільницький,49.4583688,28.5262638,389.5,False,2026-09-09
UA05120090000060589,Козятинська,Вінницька,Хмільницький,49.7195867,28.8354279,401.5,False,2026-09-09
UA05120110000018679,Махнівська,Вінницька,Хмільницький,49.7207433,28.6709477,407.8,False,2026-09-09
UA05120130000014261,Самгородоцька,Вінницька,Хмільницький,49.5337018,28.8450733,383.5,False,2026-09-09
UA05120150000069474,Уланівська,Вінницька,Хмільницький,49.6939529,28.1323125,427.4,False,2026-09-09
UA05120170000013778,Хмільницька,Вінницька,Хмільницький,49.556175,27.9491205,423.7,False,2026-09-09
UA07020010000096841,Володимир-Волинська,Волинська,Володимир-Волинський,50.8474669,24.319319,709.1,False,2026-09-09
UA07020030000052032,Затурцівська,Волинська,Володимир-Волинський,50.7799387,24.8430189,676.1,False,2026-09-09
UA07020050000082369,Зимнівська,Волинська,Володимир-Волинський,50.801533,24.337662,704.9,False,2026-09-09
UA07020070000082628,Іваничівська,Волинська,Володимир-Волинський,50.6407709,24.3619629,692.4,False,2026-09-09
UA07020090000019505,Литовезька,Волинська,Володимир-Волинський,50.640789,24.18297,702.4,False,2026-09-09
UA07020110000037373,Локачинська,Волинська,Володимир-Волинський,50.738946,24.6482949,683.6,False,2026-09-09
UA07020130000036300,Нововолинська,Волинська,Володимир-Волинський,50.7224829,24.1648399,709.0,False,2026-09-09
UA07020150000092012,Оваднівська,Волинська,Володимир-Волинський,50.926411,24.38899,710.9,False,2026-09-09
UA07020170000049971,Павлівська,Волинська,Володимир-Волинський,50.6282366,24.4638426,685.9,False,2026-09-09
UA07020190000043658,Поромівська,Волинська,Володимир-Волинський,50.751942,24.082321,715.6,False,2026-09-09
UA07020210000033081,Устилузька,Волинська,Володимир-Волинський,50.8622192,24.1505139,719.4,False,2026-09-09
UA07040010000033507,Камінь-Каширська,Волинська,Камінь-Каширський,51.6271153,24.961357,735.9,False,2026-09-09
UA07040030000028082,Любешівська,Волинська,Камінь-Каширський,51.7632795,25.5048264,722.6,False,2026-09-09
UA07040050000080830,Маневицька,Волинська,Камінь-Каширський,51.2908106,25.537878,681.3,False,2026-09-09
UA07040070000058434,Прилісненська,Волинська,Камінь-Каширський,51.376015,25.523325,689.0,False,2026-09-09
UA07040090000043197,Сошичненська,Волинська,Камінь-Каширський,51.469231,24.88472,726.8,False,2026-09-09
UA07060010000090019,Велимченська,Волинська,Ковельський,51.58012,24.74224,742.5,False,2026-09-09
UA07060030000041840,Велицька,Волинська,Ковельський,51.120972,25.2028513,683.7,False,2026-09-09
UA07060050000091514,Вишнівська,Волинська,Ковельський,51.197605,24.029932,749.6,False,2026-09-09
UA07060070000063773,Голобська,Волинська,Ковельський,51.0859784,25.015465,690.3,False,2026-09-09
UA07060090000026043,Головненська,Волинська,Ковельський,51.336538,24.0785257,757.1,False,2026-09-09
UA07060110000041168,Дубечненська,Волинська,Ковельський,51.5489753,24.374079,758.1,False,2026-09-09
UA07060130000030797,Дубівська,Волинська,Ковельський,51.265587,24.685938,720.7,False,2026-09-09
UA07060150000038564,Заболоттівська,Волинська,Ковельський,51.6314645,24.2552388,770.4,False,2026-09-09
UA07060170000059479,Забродівська,Волинська,Ковельський,51.668423,24.601269,756.3,False,2026-09-09
UA07060190000036342,Ковельська,Волинська,Ковельський,51.2120538,24.708894,715.4,False,2026-09-09
UA07060210000030014,Колодяжненська,Волинська,Ковельський,51.181622,24.798964,708.5,False,2026-09-09
UA07060230000029166,Луківська,Волинська,Ковельський,51.229557,24.3449012,735.4,False,2026-09-09
UA07060250000039902,Люблинецька,Волинська,Ковельський,51.18633,24.61933,718.0,False,2026-09-09
UA07060270000021892,Любомльська,Волинська,Ковельський,51.2234546,24.0315783,751.3,False,2026-09-09
UA07060290000054842,Поворська,Волинська,Ковельський,51.261631,25.129389,698.4,False,2026-09-09
UA07060310000037369,Ратнівська,Волинська,Ковельський,51.67145,24.52458,760.3,False,2026-09-09
UA07060330000052414,Рівненська,Волинська,Ковельський,51.233711,23.7957,764.7,False,2026-09-09
UA07060350000084520,Самарівська,Волинська,Ковельський,51.865421,24.61659,771.4,False,2026-09-09
UA07060370000022360,Сереховичівська,Волинська,Ковельський,51.413324,24.6780485,732.5,False,2026-09-09
UA07060390000098670,Смідинська,Волинська,Ковельський,51.2981152,24.4331306,736.0,False,2026-09-09
UA07060410000041366,Старовижівська,Волинська,Ковельський,51.4422955,24.438565,746.6,False,2026-09-09
UA07060430000041345,Турійська,Волинська,Ковельський,51.08299,24.52389,715.2,False,2026-09-09
UA07060450000051170,Шацька,Волинська,Ковельський,51.4909494,23.9219323,776.6,False,2026-09-09
UA07080010000062933,Берестечківська,Волинська,Луцький,50.3585756,25.1209852,630.9,False,2026-09-09
UA07080030000051738,Боратинська,Волинська,Луцький,50.7043549,25.3553319,643.7,False,2026-09-09
UA07080050000014573,Городищенська,Волинська,Луцький,50.5831266,25.0807256,649.1,False,2026-09-09
UA07080070000052255,Горохівська,Волинська,Луцький,50.4986166,24.7600734,660.6,False,2026-09-09
UA07080090000017614,Доросинівська,Волинська,Луцький,50.95562,24.99836,681.1,False,2026-09-09
UA07080110000043895,Ківерцівська,Волинська,Луцький,50.8333448,25.4648622,648.1,False,2026-09-09
UA07080130000017070,Колківська,Волинська,Луцький,51.0962777,25.6676021,659.2,False,2026-09-09
UA07080150000089103,Копачівська,Волинська,Луцький,50.8798116,25.2230391,663.9,False,2026-09-09
UA07080170000013585,Луцька,Волинська,Луцький,50.7450733,25.320078,648.6,False,2026-09-09
UA07080190000072811,Мар’янівська,Волинська,Луцький,50.4508395,24.7980123,655.2,False,2026-09-09
UA07080210000090779,Олицька,Волинська,Луцький,50.725417,25.8111941,622.4,False,2026-09-09
UA07080230000046097,Підгайцівська,Волинська,Луцький,50.7100328,25.4064958,641.5,False,2026-09-09
UA07080250000053335,Рожищенська,Волинська,Луцький,50.916332,25.2712543,664.3,False,2026-09-09
UA07080270000067148,Торчинська,Волинська,Луцький,50.769734,25.010768,666.5,False,2026-09-09
UA07080290000088287,Цуманська,Волинська,Луцький,50.82962,25.88413,627.2,False,2026-09-09
UA12020010000033698,Дніпровська,Дніпропетровська,Дніпровський,48.4680221,35.0417711,101.5,False,2026-09-09
UA12020030000073022,Китайгородська,Дніпропетровська,Дніпровський,48.90081,34.447723,151.3,False,2026-09-09
UA12020050000026654,Любимівська,Дніпропетровська,Дніпровський,48.373829,35.172729,89.5,False,2026-09-09
UA12020070000057092,Ляшківська,Дніпропетровська,Дніпровський,48.9985575,34.3960233,162.5,False,2026-09-09
UA12020090000044548,Миколаївська,Дніпропетровська,Дніпровський,48.3615514,34.6844602,90.8,False,2026-09-09
UA12020110000034205,Могилівська,Дніпропетровська,Дніпровський,48.86272,34.48402,146.8,False,2026-09-09
UA12020130000022909,Новоолександрівська,Дніпропетровська,Дніпровський,48.358379,34.986992,90.8,False,2026-09-09
UA12020150000050274,Новопокровська,Дніпропетровська,Дніпровський,48.067799,34.613155,58.1,False,2026-09-09
UA12020170000068526,Обухівська,Дніпропетровська,Дніпровський,48.5495226,34.8545508,112.9,False,2026-09-09
UA12020190000075117,Петриківська,Дніпропетровська,Дніпровський,48.7120245,34.6240969,129.7,False,2026-09-09
UA12020210000032285,Підгородненська,Дніпропетровська,Дніпровський,48.5681471,35.1013002,111.6,False,2026-09-09
UA12020230000085693,Святовасилівська,Дніпропетровська,Дніпровський,48.18399,34.565262,71.1,False,2026-09-09
UA12020250000010438,Слобожанська,Дніпропетровська,Дніпровський,48.5307982,35.0828484,107.8,False,2026-09-09
UA12020270000063450,Солонянська,Дніпропетровська,Дніпровський,48.20423,34.87713,75.4,False,2026-09-09
UA12020290000063321,Сурсько-Литовська,Дніпропетровська,Дніпровський,48.336411,34.92416,90.5,False,2026-09-09
UA12020310000017431,Царичанська,Дніпропетровська,Дніпровський,48.9434,34.48986,155.7,False,2026-09-09
UA12020330000076598,Чумаківська,Дніпропетровська,Дніпровський,48.649181,34.865452,124.0,False,2026-09-09
UA12040010000018960,Божедарівська,Дніпропетровська,Кам’янський,48.3601,34.11392,96.3,False,2026-09-09
UA12040030000066040,Верхівцівська,Дніпропетровська,Кам’янський,48.48404,34.24232,108.4,False,2026-09-09
UA12040050000057182,Верхньодніпровська,Дніпропетровська,Кам’янський,48.6541915,34.3347779,125.7,False,2026-09-09
UA12040070000083117,Вишнівська,Дніпропетровська,Кам’янський,48.4379101,33.9165294,113.2,False,2026-09-09
UA12040090000029346,Вільногірська,Дніпропетровська,Кам’янський,48.49365,34.02328,112.3,False,2026-09-09
UA12040110000091524,Жовтоводська,Дніпропетровська,Кам’янський,48.3465174,33.5027797,111.0,False,2026-09-09
UA12040130000037856,Затишнянська,Дніпропетровська,Кам’янський,48.207699,34.24868,77.8,False,2026-09-09
UA12040150000015189,Кам’янська,Дніпропетровська,Кам’янський,48.5167748,34.6068797,108.0,False,2026-09-09
UA12040170000019083,Криничанська,Дніпропетровська,Кам’янський,48.3747353,34.4569858,93.1,False,2026-09-09
UA12040190000056469,Лихівська,Дніпропетровська,Кам’янський,48.68626,33.922,134.9,False,2026-09-09
UA12040210000039759,П’ятихатська,Дніпропетровська,Кам’янський,48.4124318,33.7016613,113.2,False,2026-09-09
UA12040230000099388,Саксаганська,Дніпропетровська,Кам’янський,48.345341,33.84235,103.7,False,2026-09-09
UA12060010000090992,Апостолівська,Дніпропетровська,Криворізький,47.6617478,33.7180001,36.7,False,2026-09-09
UA12060030000081794,Вакулівська,Дніпропетровська,Криворізький,47.89455,33.941921,53.1,False,2026-09-09
UA12060050000031212,Глеюватська,Дніпропетровська,Криворізький,48.0477159,33.4276509,84.0,False,2026-09-09
UA12060070000012840,Гречаноподівська,Дніпропетровська,Криворізький,47.785156,33.463089,59.9,False,2026-09-09
UA12060090000074553,Грушівська,Дніпропетровська,Криворізький,47.588978,34.012913,18.7,False,2026-09-09
UA12060110000015305,Девладівська,Дніпропетровська,Криворізький,48.103291,33.751369,79.4,False,2026-09-09
UA12060130000012028,Зеленодольська,Дніпропетровська,Криворізький,47.5668051,33.6474574,34.4,False,2026-09-09
UA12060150000015198,Карпівська,Дніпропетровська,Криворізький,47.66556,33.1152,86.5,False,2026-09-09
UA12060170000091033,Криворізька,Дніпропетровська,Криворізький,47.9102734,33.3917703,73.5,False,2026-09-09
UA12060190000043514,Лозуватська,Дніпропетровська,Криворізький,48.061314,33.2810237,91.7,False,2026-09-09
UA12060210000077302,Нивотрудівська,Дніпропетровська,Криворізький,47.7285008,33.6215469,47.0,False,2026-09-09
UA12060230000032833,Новолатівська,Дніпропетровська,Криворізький,47.7582211,33.2364554,83.0,False,2026-09-09
UA12060250000064393,Новопільська,Дніпропетровська,Криворізький,47.9559565,33.525732,71.4,False,2026-09-09
UA12060270000017282,Софіївська,Дніпропетровська,Криворізький,48.0482032,33.8668627,70.9,False,2026-09-09
UA12060290000039013,Широківська,Дніпропетровська,Криворізький,47.6846511,33.2645369,75.1,False,2026-09-09
UA12080010000029838,Марганецька,Дніпропетровська,Нікопольський,47.6490555,34.649194,11.6,False,2026-09-09
UA12080030000022466,Мирівська,Дніпропетровська,Нікопольський,47.770885,34.729996,26.0,False,2026-09-09
UA12080050000062712,Нікопольська,Дніпропетровська,Нікопольський,47.5692061,34.3917272,6.2,False,2026-09-09
UA12080070000077032,Першотравневська,Дніпропетровська,Нікопольський,47.748482,34.380531,26.1,False,2026-09-09
UA12080090000039979,Покровська,Дніпропетровська,Нікопольський,47.6546589,34.1149341,25.7,False,2026-09-09
UA12080110000055958,Покровська,Дніпропетровська,Нікопольський,47.546421,34.15443,13.6,False,2026-09-09
UA12080130000071360,Томаківська,Дніпропетровська,Нікопольський,47.8128265,34.7523182,31.0,False,2026-09-09
UA12080150000061416,Червоногригорівська,Дніпропетровська,Нікопольський,47.62161,34.52453,10.0,False,2026-09-09
UA12100010000093577,Губиниська,Дніпропетровська,Новомосковський,48.8082927,35.2563381,137.0,False,2026-09-09
UA12100030000084605,Личківська,Дніпропетровська,Новомосковський,49.0814029,35.218048,167.5,False,2026-09-09
UA12100050000045992,Магдалинівська,Дніпропетровська,Новомосковський,48.9145571,34.9291661,153.8,False,2026-09-09
UA12100070000011492,Новомосковська,Дніпропетровська,Новомосковський,48.6358512,35.2595541,117.8,False,2026-09-09
UA12100090000022751,Перещепинська,Дніпропетровська,Новомосковський,49.01825,35.35915,160.0,False,2026-09-09
UA12100110000043499,Піщанська,Дніпропетровська,Новомосковський,48.606949,35.331341,114.3,False,2026-09-09
UA12100130000095653,Черкаська,Дніпропетровська,Новомосковський,48.7061619,35.379844,125.3,False,2026-09-09
UA12100150000039396,Чернеччинська,Дніпропетровська,Новомосковський,49.118382,34.773186,175.2,False,2026-09-09
UA12120010000087180,Богданівська,Дніпропетровська,Павлоградський,48.494678,36.108971,79.2,False,2026-09-09
UA12120030000075687,Вербківська,Дніпропетровська,Павлоградський,48.5881998,35.903293,92.9,False,2026-09-09
UA12120050000027007,Межиріцька,Дніпропетровська,Павлоградський,48.550991,35.786591,91.5,False,2026-09-09
UA12120070000057518,Павлоградська,Дніпропетровська,Павлоградський,48.5316759,35.8703695,87.5,False,2026-09-09
UA12120090000031622,Тернівська,Дніпропетровська,Павлоградський,48.5222847,36.0713939,82.6,False,2026-09-09
UA12120110000010894,Троїцька,Дніпропетровська,Павлоградський,48.410221,35.868301,74.7,False,2026-09-09
UA12120130000021632,Юр’ївська,Дніпропетровська,Павлоградський,48.74599,36.01833,107.8,False,2026-09-09
UA12140010000024967,Брагинівська,Дніпропетровська,Синельниківський,48.482418,36.350155,55.9,False,2026-09-09
UA12140030000091432,Васильківська,Дніпропетровська,Синельниківський,48.21041,36.03035,49.9,False,2026-09-09
UA12140050000051356,Великомихайлівська,Дніпропетровська,Синельниківський,47.9741006,36.4563294,12.3,False,2026-09-09
UA12140070000025486,Дубовиківська,Дніпропетровська,Синельниківський,48.238911,36.217121,48.9,False,2026-09-09
UA12140090000053443,Зайцівська,Дніпропетровська,Синельниківський,48.4286465,35.6728255,83.7,False,2026-09-09
UA12140110000060935,Іларіонівська,Дніпропетровська,Синельниківський,48.4043673,35.275539,92.1,False,2026-09-09
UA12140130000052990,Маломихайлівська,Дніпропетровська,Синельниківський,48.0905779,36.4104291,22.5,False,2026-09-09
UA12140150000054570,Межівська,Дніпропетровська,Синельниківський,48.2553506,36.7322839,21.2,False,2026-09-09
UA12140170000037152,Миколаївська,Дніпропетровська,Синельниківський,48.389278,36.315651,54.7,False,2026-09-09
UA12140190000047361,Новопавлівська,Дніпропетровська,Синельниківський,48.13591,36.79047,7.8,False,2026-09-09
UA12140210000089021,Першотравенська,Дніпропетровська,Синельниківський,48.3505864,36.402296,48.4,False,2026-09-09
UA12140230000057328,Петропавлівська,Дніпропетровська,Синельниківський,48.45863,36.42483,50.7,False,2026-09-09
UA12140250000015858,Покровська,Дніпропетровська,Синельниківський,47.9808528,36.2333808,20.4,False,2026-09-09
UA12140270000072109,Раївська,Дніпропетровська,Синельниківський,48.352551,35.45631,86.2,False,2026-09-09
UA12140290000032227,Роздорська,Дніпропетровська,Синельниківський,48.331689,35.7132916,73.2,False,2026-09-09
UA12140310000078816,Синельниківська,Дніпропетровська,Синельниківський,48.3269304,35.5246984,83.9,False,2026-09-09
UA12140330000063909,Славгородська,Дніпропетровська,Синельниківський,48.1009562,35.5171714,59.0,False,2026-09-09
UA12140350000058140,Слов’янська,Дніпропетровська,Синельниківський,48.399643,36.709404,24.7,False,2026-09-09
UA12140370000059352,Українська,Дніпропетровська,Синельниківський,48.5033882,36.5733963,40.0,False,2026-09-09
UA14020010000088496,Бахмутська,Донецька,Бахмутський,48.5894123,38.0020994,13.4,True,2026-09-09
UA14020030000023064,Званівська,Донецька,Бахмутський,48.8140035,38.0763916,10.1,True,2026-09-09
UA14020050000019803,Світлодарська,Донецька,Бахмутський,48.43803,38.22349,33.3,True,2026-09-09
UA14020070000070354,Сіверська,Донецька,Бахмутський,48.8676267,38.0902435,12.0,True,2026-09-09
UA14020090000073988,Соледарська,Донецька,Бахмутський,48.6948731,38.0627964,14.6,True,2026-09-09
UA14020110000075529,Торецька,Донецька,Бахмутський,48.3970469,37.8501378,11.7,True,2026-09-09
UA14020130000080900,Часовоярська,Донецька,Бахмутський,48.5873911,37.8373367,1.4,True,2026-09-09
UA14040010000017239,Великоновосілківська,Донецька,Волноваський,47.84091,36.83012,15.2,True,2026-09-09
UA14040030000025138,Волноваська,Донецька,Волноваський,47.5984285,37.4998511,40.6,True,2026-09-09
UA14040050000064688,Вугледарська,Донецька,Волноваський,47.7805058,37.2484374,29.3,True,2026-09-09
UA14040070000032181,Комарська,Донецька,Волноваський,47.97781,36.74678,0.4,True,2026-09-09
UA14040090000061195,Мирненська,Донецька,Волноваський,47.4242451,37.7344444,37.6,True,2026-09-09
UA14040110000019914,Ольгинська,Донецька,Волноваський,47.6976728,37.5003415,29.6,True,2026-09-09
UA14040130000068575,Старомлинівська,Донецька,Волноваський,47.697415,36.8256785,30.1,True,2026-09-09
UA14040150000099558,Хлібодарівська,Донецька,Волноваський,47.4865084,37.4105964,46.3,True,2026-09-09
UA14060010000010738,Вуглегірська,Донецька,Горлівський,48.3119524,38.2609048,43.5,True,2026-09-09
UA14060030000084305,Горлівська,Донецька,Горлівський,48.3058686,38.0027664,26.4,True,2026-09-09
UA14060050000034979,Дебальцівська,Донецька,Горлівський,48.3331084,38.4047549,50.7,True,2026-09-09
UA14060070000066382,Єнакієвська,Донецька,Горлівський,48.2305107,38.185045,41.7,True,2026-09-09
UA14060090000054042,Жданівська,Донецька,Горлівський,48.1570316,38.2565049,60.5,True,2026-09-09
UA14060110000052135,Сніжнянська,Донецька,Горлівський,48.0220754,38.7634612,18.4,True,2026-09-09
UA14060130000085167,Хрестівська,Донецька,Горлівський,48.1456309,38.3545249,56.3,True,2026-09-09
UA14060150000032950,Чистяківська,Донецька,Горлівський,48.0261217,38.618137,26.6,True,2026-09-09
UA14060170000097532,Шахтарська,Донецька,Горлівський,48.0550423,38.4459474,45.7,True,2026-09-09
UA14080010000095044,Амвросіївська,Донецька,Донецький,47.7952806,38.4798317,16.8,True,2026-09-09
UA14080030000053877,Донецька,Донецька,Донецький,48.0158753,37.8013407,20.7,True,2026-09-09
UA14080050000085820,Іловайська,Донецька,Донецький,47.9248328,38.1976205,36.1,True,2026-09-09
UA14080070000011977,Макіївська,Донецька,Донецький,48.0448144,37.9635093,33.2,True,2026-09-09
UA14080090000014360,Харцизька,Донецька,Донецький,48.0339524,38.149804,48.7,True,2026-09-09
UA14080110000066209,Ясинуватська,Донецька,Донецький,48.1270606,37.8590172,30.1,True,2026-09-09
UA14100010000054669,Бойківська,Донецька,Кальміуський,47.4124746,38.0187455,17.7,True,2026-09-09
UA14100030000067479,Докучаєвська,Донецька,Кальміуський,47.7499257,37.6715943,26.0,True,2026-09-09
UA14100050000098906,Кальміуська,Донецька,Кальміуський,47.6687951,38.0739208,21.0,True,2026-09-09
UA14100070000079873,Новоазовська,Донецька,Кальміуський,47.1138718,38.0830911,0.7,True,2026-09-09
UA14100090000050286,Старобешівська,Донецька,Кальміуський,47.749822,38.0252111,30.0,True,2026-09-09
UA14120010000096882,Андріївська,Донецька,Краматорський,48.6169422,37.2862984,15.9,False,2026-09-09
UA14120030000057882,Дружківська,Донецька,Краматорський,48.6198614,37.524945,15.5,False,2026-09-09
UA14120050000033910,Іллінівська,Донецька,Краматорський,48.49425,37.66654,0.8,True,2026-09-09
UA14120070000090878,Костянтинівська,Донецька,Краматорський,48.534859,37.6923705,4.3,False,2026-09-09
UA14120090000098500,Краматорська,Донецька,Краматорський,48.7389415,37.5843812,15.8,False,2026-09-09
UA14120110000031497,Лиманська,Донецька,Краматорський,48.9801314,37.8168012,5.5,False,2026-09-09
UA14120130000086767,Миколаївська,Донецька,Краматорський,48.8610868,37.7619191,7.9,False,2026-09-09
UA14120150000071686,Новодонецька,Донецька,Краматорський,48.6342604,36.9819183,29.9,False,2026-09-09
UA14120170000011133,Олександрівська,Донецька,Краматорський,48.7073967,36.9207752,40.8,False,2026-09-09
UA14120190000021407,Святогірська,Донецька,Краматорський,49.0355675,37.5653551,10.9,False,2026-09-09
UA14120210000056793,Слов’янська,Донецька,Краматорський,48.8522691,37.6058241,19.4,False,2026-09-09
UA14120230000038918,Черкаська,Донецька,Краматорський,48.8354023,37.3884068,37.7,False,2026-09-09
UA14140010000044623,Кальчицька,Донецька,Маріупольський,47.303725,37.5980463,23.4,True,2026-09-09
UA14140030000092230,Мангушська,Донецька,Маріупольський,47.0568106,37.3078191,13.2,True,2026-09-09
UA14140050000020560,Маріупольська,Донецька,Маріупольський,47.0957648,37.5499621,1.6,True,2026-09-09
UA14140070000060361,Нікольська,Донецька,Маріупольський,47.2004406,37.3162144,22.4,True,2026-09-09
UA14140090000015932,Сартанська,Донецька,Маріупольський,47.1701321,37.6952892,10.0,True,2026-09-09
UA14160010000086090,Авдіївська,Донецька,Покровський,48.1338824,37.7466719,24.5,True,2026-09-09
UA14160030000019136,Білозерська,Донецька,Покровський,48.53313,37.05791,17.5,False,2026-09-09
UA14160050000083011,Гродівська,Донецька,Покровський,48.26294,37.37892,18.7,True,2026-09-09
UA14160070000097326,Добропільська,Донецька,Покровський,48.4683035,37.0903243,10.0,False,2026-09-09
UA14160090000058463,Криворізька,Донецька,Покровський,48.4441378,36.9162268,13.8,False,2026-09-09
UA14160110000031920,Курахівська,Донецька,Покровський,47.9835214,37.2826414,18.6,True,2026-09-09
UA14160130000011561,Мар’їнська,Донецька,Покровський,47.9401242,37.5022312,3.4,True,2026-09-09
UA14160150000038750,Мирноградська,Донецька,Покровський,48.30791,37.2591,10.8,True,2026-09-09
UA14160170000023385,Новогродівська,Донецька,Покровський,48.1997174,37.3399704,23.9,True,2026-09-09
UA14160190000059231,Очеретинська,Донецька,Покровський,48.24612,37.60311,21.8,True,2026-09-09
UA14160210000011148,Покровська,Донецька,Покровський,48.2771086,37.1772482,10.0,True,2026-09-09
UA14160230000060952,Селидівська,Донецька,Покровський,48.15015,37.3018921,27.0,True,2026-09-09
UA14160250000075646,Удачненська,Донецька,Покровський,48.23942,36.98273,1.0,True,2026-09-09
UA14160270000099007,Шахівська,Донецька,Покровський,48.4594232,37.3488998,1.7,True,2026-09-09
UA18020010000059904,Андрушівська,Житомирська,Бердичівський,50.0301392,29.0222111,425.4,False,2026-09-09
UA18020030000035625,Бердичівська,Житомирська,Бердичівський,49.8940442,28.5814912,427.6,False,2026-09-09
UA18020050000058053,Вчорайшенська,Житомирська,Бердичівський,49.868717,29.14735,405.4,False,2026-09-09
UA18020070000083539,Гришковецька,Житомирська,Бердичівський,49.9339875,28.5959514,430.8,False,2026-09-09
UA18020090000092001,Краснопільська,Житомирська,Бердичівський,49.833641,28.0529,443.3,False,2026-09-09
UA18020110000026941,Райгородоцька,Житомирська,Бердичівський,49.826771,28.377001,429.2,False,2026-09-09
UA18020130000096761,Ружинська,Житомирська,Бердичівський,49.72172,29.20475,388.9,False,2026-09-09
UA18020150000084693,Семенівська,Житомирська,Бердичівський,49.871059,28.66161,422.4,False,2026-09-09
UA18020170000036711,Червоненська,Житомирська,Бердичівський,49.950294,28.869226,422.6,False,2026-09-09
UA18020190000022756,Швайківська,Житомирська,Бердичівський,49.996368,28.512609,439.8,False,2026-09-09
UA18040010000031446,Андрушківська,Житомирська,Житомирський,49.886509,29.329029,401.6,False,2026-09-09
UA18040030000089649,Березівська,Житомирська,Житомирський,50.314777,28.439041,473.0,False,2026-09-09
UA18040050000049937,Брусилівська,Житомирська,Житомирський,50.28305,29.51889,437.1,False,2026-09-09
UA18040070000059677,Високівська,Житомирська,Житомирський,50.406223,28.809114,469.7,False,2026-09-09
UA18040090000077574,Вишевицька,Житомирська,Житомирський,50.6280806,29.3990708,476.1,False,2026-09-09
UA18040110000034222,Вільшанська,Житомирська,Житомирський,50.019379,28.14423,456.3,False,2026-09-09
UA18040130000075048,Волицька,Житомирська,Житомирський,50.08255,29.09866,428.3,False,2026-09-09
UA18040150000019024,Глибочицька,Житомирська,Житомирський,50.2792524,28.7756002,458.1,False,2026-09-09
UA18040170000089964,Городоцька,Житомирська,Житомирський,50.5929252,29.4530965,471.1,False,2026-09-09
UA18040190000029215,Житомирська,Житомирська,Житомирський,50.2598298,28.6692345,459.7,False,2026-09-09
UA18040210000044466,Квітнева,Житомирська,Житомирський,49.994308,29.5182,407.2,False,2026-09-09
UA18040230000036046,Корнинська,Житомирська,Житомирський,50.09697,29.54018,417.3,False,2026-09-09
UA18040250000068141,Коростишівська,Житомирська,Житомирський,50.3201518,29.0584885,453.4,False,2026-09-09
UA18040270000050167,Курненська,Житомирська,Житомирський,50.4538104,28.0951359,498.7,False,2026-09-09
UA18040290000063354,Любарська,Житомирська,Житомирський,49.9231632,27.7487535,464.4,False,2026-09-09
UA18040310000093693,Миропільська,Житомирська,Житомирський,50.1099029,27.697456,483.1,False,2026-09-09
UA18040330000027310,Новоборівська,Житомирська,Житомирський,50.6933301,28.6396035,503.6,False,2026-09-09
UA18040350000040746,Новогуйвинська,Житомирська,Житомирський,50.206917,28.6918455,453.8,False,2026-09-09
UA18040370000055940,Оліївська,Житомирська,Житомирський,50.3439043,28.6854007,467.4,False,2026-09-09
UA18040390000055900,Попільнянська,Житомирська,Житомирський,49.9452873,29.4594464,403.8,False,2026-09-09
UA18040410000025491,Потіївська,Житомирська,Житомирський,50.620277,28.976706,486.3,False,2026-09-09
UA18040430000080827,Пулинська,Житомирська,Житомирський,50.4690331,28.270617,493.8,False,2026-09-09
UA18040450000079138,Радомишльська,Житомирська,Житомирський,50.4961812,29.2289588,466.7,False,2026-09-09
UA18040470000074046,Романівська,Житомирська,Житомирський,50.146945,27.9214928,477.0,False,2026-09-09
UA18040490000014752,Станишівська,Житомирська,Житомирський,50.2175753,28.7234963,453.7,False,2026-09-09
UA18040510000013419,Старосілецька,Житомирська,Житомирський,50.4075891,28.9990795,464.0,False,2026-09-09
UA18040530000045696,Тетерівська,Житомирська,Житомирський,50.237041,28.574751,460.7,False,2026-09-09
UA18040550000062361,Харитонівська,Житомирська,Житомирський,50.285454,29.016209,451.2,False,2026-09-09
UA18040570000099817,Хорошівська,Житомирська,Житомирський,50.5959845,28.445337,500.1,False,2026-09-09
UA18040590000064402,Черняхівська,Житомирська,Житомирський,50.45299,28.66573,478.8,False,2026-09-09
UA18040610000049084,Чуднівська,Житомирська,Житомирський,50.0524287,28.1153765,460.5,False,2026-09-09
UA18060010000047628,Білокоровицька,Житомирська,Коростенський,51.106682,28.01548,564.5,False,2026-09-09
UA18060030000039943,Гладковицька,Житомирська,Коростенський,51.337784,28.897268,375.8,False,2026-09-09
UA18060050000027575,Горщиківська,Житомирська,Коростенський,50.8977565,28.3085694,534.3,False,2026-09-09
UA18060070000095797,Іршанська,Житомирська,Коростенський,50.7504379,28.721134,506.9,False,2026-09-09
UA18060090000061708,Коростенська,Житомирська,Коростенський,51.0060511,28.5875505,536.6,False,2026-09-09
UA18060110000061631,Лугинська,Житомирська,Коростенський,51.07853,28.3976,549.5,False,2026-09-09
UA18060130000061781,Малинська,Житомирська,Коростенський,50.7677902,29.2414346,494.5,False,2026-09-09
UA18060150000038188,Народицька,Житомирська,Коростенський,51.2037677,29.0913215,543.6,False,2026-09-09
UA18060170000069581,Овруцька,Житомирська,Коростенський,51.3259771,28.8026718,563.4,False,2026-09-09
UA18060190000071101,Олевська,Житомирська,Коростенський,51.22272,27.64881,588.2,False,2026-09-09
UA18060210000083283,Словечанська,Житомирська,Коростенський,51.377941,28.358181,580.9,False,2026-09-09
UA18060230000071114,Ушомирська,Житомирська,Коростенський,50.862558199999995,28.589190512469205,522.1,False,2026-09-09
UA18060250000078729,Чоповицька,Житомирська,Коростенський,50.8268121,28.9467176,508.2,False,2026-09-09
UA18080010000090720,Баранівська,Житомирська,Новоград-Волинський,50.29369,27.66666,500.8,False,2026-09-09
UA18080030000019784,Барашівська,Житомирська,Новоград-Волинський,50.712551,28.029209,525.8,False,2026-09-09
UA18080050000083590,Брониківська,Житомирська,Новоград-Волинський,50.575901,27.76726,522.6,False,2026-09-09
UA18080070000029133,Городницька,Житомирська,Новоград-Волинський,50.80627,27.31407,561.7,False,2026-09-09
UA18080090000055832,Довбиська,Житомирська,Новоград-Волинський,50.371498,27.985924,495.1,False,2026-09-09
UA18080110000095378,Дубрівська,Житомирська,Новоград-Волинський,50.347229,27.412647,516.4,False,2026-09-09
UA18080130000032098,Ємільчинська,Житомирська,Новоград-Волинський,50.872091,27.8047443,549.1,False,2026-09-09
UA18080150000022496,Новоград-Волинська,Житомирська,Новоград-Волинський,50.5917622,27.6066973,530.4,False,2026-09-09
UA18080170000023999,Піщівська,Житомирська,Новоград-Волинський,50.605431,27.32197,543.2,False,2026-09-09
UA18080190000029932,Стриївська,Житомирська,Новоград-Волинський,50.52647,27.624781,523.7,False,2026-09-09
UA18080210000038722,Чижівська,Житомирська,Новоград-Волинський,50.6675866,27.618603,536.9,False,2026-09-09
UA18080230000071226,Ярунська,Житомирська,Новоград-Волинський,50.546719,27.4617,532.1,False,2026-09-09
UA21020010000055068,Батівська,Закарпатська,Берегівський,48.3637408,22.3994631,712.6,False,2026-09-09
UA21020030000019624,Берегівська,Закарпатська,Берегівський,48.2050985,22.6453246,691.1,False,2026-09-09
UA21020050000065800,Великоберезька,Закарпатська,Берегівський,48.23307,22.748911,684.2,False,2026-09-09
UA21020070000015036,Великобийганська,Закарпатська,Берегівський,48.248535,22.576393,697.1,False,2026-09-09
UA21020090000083647,Вилоцька,Закарпатська,Берегівський,48.111071,22.8378912,675.0,False,2026-09-09
UA21020110000091104,Виноградівська,Закарпатська,Берегівський,48.1403967,23.036008,661.3,False,2026-09-09
UA21020130000047547,Кам’янська,Закарпатська,Берегівський,48.280163,22.946646,671.1,False,2026-09-09
UA21020150000043098,Королівська,Закарпатська,Берегівський,48.1541387,23.1322333,654.6,False,2026-09-09
UA21020170000069101,Косоньська,Закарпатська,Берегівський,48.253601,22.45598,705.9,False,2026-09-09
UA21020190000086409,Пийтерфолвівська,Закарпатська,Берегівський,48.06741,22.927752,667.5,False,2026-09-09
UA21040010000055885,Великолучківська,Закарпатська,Мукачівський,48.418812,22.57279,701.6,False,2026-09-09
UA21040030000026359,Верхньокоропецька,Закарпатська,Мукачівський,48.4322513,22.791054,686.3,False,2026-09-09
UA21040050000032164,Воловецька,Закарпатська,Мукачівський,48.7146406,23.1888322,666.8,False,2026-09-09
UA21040070000029344,Горондівська,Закарпатська,Мукачівський,48.3802983,22.5659121,701.1,False,2026-09-09
UA21040090000072363,Жденіївська,Закарпатська,Мукачівський,48.77243,22.9796199,683.4,False,2026-09-09
UA21040110000099623,Івановецька,Закарпатська,Мукачівський,48.472019,22.647631,697.6,False,2026-09-09
UA21040130000019237,Кольчинська,Закарпатська,Мукачівський,48.4706501,22.7526899,690.1,False,2026-09-09
UA21040150000092428,Мукачівська,Закарпатська,Мукачівський,48.4421438,22.7185112,691.8,False,2026-09-09
UA21040170000092506,Неліпинська,Закарпатська,Мукачівський,48.557854,23.027519,673.1,False,2026-09-09
UA21040190000088960,Нижньоворітська,Закарпатська,Мукачівський,48.770844,23.096771,675.2,False,2026-09-09
UA21040210000079273,Полянська,Закарпатська,Мукачівський,48.624252,22.967024,679.4,False,2026-09-09
UA21040230000091606,Свалявська,Закарпатська,Мукачівський,48.5460735,22.9895489,675.4,False,2026-09-09
UA21040250000010914,Чинадіївська,Закарпатська,Мукачівський,48.5005201,22.84435,684.4,False,2026-09-09
UA21060010000011784,Богданська,Закарпатська,Рахівський,48.0405394,24.3609175,562.9,False,2026-09-09
UA21060030000020114,Великобичківська,Закарпатська,Рахівський,47.973549,24.0147396,586.2,False,2026-09-09
UA21060050000029937,Рахівська,Закарпатська,Рахівський,48.0556765,24.2057063,574.5,False,2026-09-09
UA21060070000049340,Ясінянська,Закарпатська,Рахівський,48.2722802,24.3611884,569.7,False,2026-09-09
UA21080010000097427,Бедевлянська,Закарпатська,Тячівський,48.003201,23.663486,612.5,False,2026-09-09
UA21080030000084057,Буштинська,Закарпатська,Тячівський,48.0486521,23.4862834,626.4,False,2026-09-09
UA21080050000056542,Вільховецька,Закарпатська,Тячівський,48.10638,23.74729,608.9,False,2026-09-09
UA21080070000025254,Дубівська,Закарпатська,Тячівський,48.17917,23.88599,600.9,False,2026-09-09
UA21080090000024861,Нересницька,Закарпатська,Тячівський,48.123211,23.773041,607.5,False,2026-09-09
UA21080110000054940,Солотвинська,Закарпатська,Тячівський,47.9470202,23.8747013,595.8,False,2026-09-09
UA21080130000093757,Тересвянська,Закарпатська,Тячівський,47.9978901,23.6995699,609.7,False,2026-09-09
UA21080150000014443,Тячівська,Закарпатська,Тячівський,48.01163,23.5783799,618.9,False,2026-09-09
UA21080170000093911,Углянська,Закарпатська,Тячівський,48.15136,23.625759,618.9,False,2026-09-09
UA21080190000094580,Усть-Чорнянська,Закарпатська,Тячівський,48.3249324,23.9348815,601.6,False,2026-09-09
UA21100010000070243,Баранинська,Закарпатська,Ужгородський,48.57021,22.326281,723.3,False,2026-09-09
UA21100030000089881,Великоберезнянська,Закарпатська,Ужгородський,48.88985,22.45812,723.7,False,2026-09-09
UA21100050000042361,Великодобронська,Закарпатська,Ужгородський,48.4222699,22.3914888,714.7,False,2026-09-09
UA21100070000018509,Дубриницько-Малоберезнянська,Закарпатська,Ужгородський,48.805729,22.492451,718.6,False,2026-09-09
UA21100090000012128,Костринська,Закарпатська,Ужгородський,48.942177,22.594275,716.0,False,2026-09-09
UA21100110000018765,Оноківська,Закарпатська,Ужгородський,48.654358,22.344803,724.3,False,2026-09-09
UA21100130000055002,Перечинська,Закарпатська,Ужгородський,48.73707,22.48764,716.7,False,2026-09-09
UA21100150000019483,Середнянська,Закарпатська,Ужгородський,48.5413858,22.5043823,709.8,False,2026-09-09
UA21100170000051803,Ставненська,Закарпатська,Ужгородський,48.992908,22.695318,710.8,False,2026-09-09
UA21100190000078736,Сюртівська,Закарпатська,Ужгородський,48.50428,22.228897,728.5,False,2026-09-09
UA21100210000026937,Тур’є-Реметівська,Закарпатська,Ужгородський,48.71956,22.59613,708.6,False,2026-09-09
UA21100230000083101,Ужгородська,Закарпатська,Ужгородський,48.6223732,22.3022569,726.4,False,2026-09-09
UA21100250000028639,Холмківська,Закарпатська,Ужгородський,48.5629932,22.2682457,727.2,False,2026-09-09
UA21100270000015047,Чопська,Закарпатська,Ужгородський,48.4313665,22.2063694,728.2,False,2026-09-09
UA21120010000011654,Білківська,Закарпатська,Хустський,48.32439,23.131029,659.0,False,2026-09-09
UA21120030000076462,Вишківська,Закарпатська,Хустський,48.0460598,23.4277425,630.6,False,2026-09-09
UA21120050000055437,Горінчівська,Закарпатська,Хустський,48.266369,23.42869,636.1,False,2026-09-09
UA21120070000032447,Довжанська,Закарпатська,Хустський,48.36731,23.28072,649.5,False,2026-09-09
UA21120090000025804,Драгівська,Закарпатська,Хустський,48.235985,23.548994,626.6,False,2026-09-09
UA21120110000065395,Зарічанська,Закарпатська,Хустський,48.280449,22.99473,667.7,False,2026-09-09
UA21120130000025618,Іршавська,Закарпатська,Хустський,48.31924,23.0417599,665.3,False,2026-09-09
UA21120150000079563,Керецьківська,Закарпатська,Хустський,48.481628,23.217199,657.4,False,2026-09-09
UA21120170000080579,Колочавська,Закарпатська,Хустський,48.426567,23.698563,621.6,False,2026-09-09
UA21120190000082169,Міжгірська,Закарпатська,Хустський,48.5281184,23.5009289,638.7,False,2026-09-09
UA21120210000094884,Пилипецька,Закарпатська,Хустський,48.670811,23.341829,654.6,False,2026-09-09
UA21120230000041982,Синевирська,Закарпатська,Хустський,48.61651805,23.68428940307377,628.8,False,2026-09-09
UA21120250000077532,Хустська,Закарпатська,Хустський,48.1764917,23.291166,643.7,False,2026-09-09
UA23020010000034566,Андрівська,Запорізька,Бердянський,46.8986755,36.625049,14.1,True,2026-09-09
UA23020030000059558,Андріївська,Запорізька,Бердянський,47.09392,36.59031,36.0,True,2026-09-09
UA23020050000046501,Бердянська,Запорізька,Бердянський,46.755678,36.7887623,0.8,True,2026-09-09
UA23020070000049788,Берестівська,Запорізька,Бердянський,47.1404461,36.8029994,34.9,True,2026-09-09
UA23020090000069977,Коларівська,Запорізька,Бердянський,46.904072,36.33041,20.8,True,2026-09-09
UA23020110000062653,Осипенківська,Запорізька,Бердянський,46.91643,36.81999,13.1,True,2026-09-09
UA23020130000081044,Приморська,Запорізька,Бердянський,46.7343149,36.3472151,4.3,True,2026-09-09
UA23020150000063371,Чернігівська,Запорізька,Бердянський,47.19486,36.2075,39.3,True,2026-09-09
UA23040010000033945,Благовіщенська,Запорізька,Василівський,47.461262,34.821815,0.4,True,2026-09-09
UA23040030000061166,Василівська,Запорізька,Василівський,47.4431859,35.2803026,3.2,True,2026-09-09
UA23040050000076136,Великобілозерська,Запорізька,Василівський,47.26936,34.684521,24.7,True,2026-09-09
UA23040070000097076,Водянська,Запорізька,Василівський,47.479115,34.517452,2.6,True,2026-09-09
UA23040090000031823,Дніпрорудненська,Запорізька,Василівський,47.3899205,35.0028481,1.5,True,2026-09-09
UA23040110000019947,Енергодарська,Запорізька,Василівський,47.4900575,34.6602709,2.4,True,2026-09-09
UA23040130000044084,Кам’янсько-Дніпровська,Запорізька,Василівський,47.4900938,34.4109101,1.1,True,2026-09-09
UA23040150000063069,Малобілозерська,Запорізька,Василівський,47.24419,34.939514,16.3,True,2026-09-09
UA23040170000022547,Михайлівська,Запорізька,Василівський,47.2686779,35.21826875463165,19.6,True,2026-09-09
UA23040190000047410,Роздольська,Запорізька,Василівський,47.2817378,35.3955872,22.9,True,2026-09-09
UA23040210000019462,Степногірська,Запорізька,Василівський,47.58694,35.35606,1.0,False,2026-09-09
UA23060010000052992,Біленьківська,Запорізька,Запорізький,47.621609,35.030251,19.4,False,2026-09-09
UA23060030000037089,Вільнянська,Запорізька,Запорізький,47.9433,35.43159,40.7,False,2026-09-09
UA23060050000065959,Долинська,Запорізька,Запорізький,47.788471,34.956089,38.2,False,2026-09-09
UA23060070000082704,Запорізька,Запорізька,Запорізький,47.8507859,35.1182867,35.1,False,2026-09-09
UA23060090000082326,Комишуваська,Запорізька,Запорізький,47.7141975,35.5322725,17.5,False,2026-09-09
UA23060110000049870,Кушугумська,Запорізька,Запорізький,47.71671,35.20981,18.7,False,2026-09-09
UA23060130000058533,Матвіївська,Запорізька,Запорізький,47.905201,35.301819,36.6,False,2026-09-09
UA23060150000085288,Михайлівська,Запорізька,Запорізький,47.951923,35.253956,42.2,False,2026-09-09
UA23060170000046208,Михайло-Лукашівська,Запорізька,Запорізький,47.958382,35.591595,44.6,False,2026-09-09
UA23060190000080843,Новомиколаївська,Запорізька,Запорізький,47.97146,35.89886,31.9,False,2026-09-09
UA23060210000064233,Новоолександрівська,Запорізька,Запорізький,47.751041,35.36739,19.1,False,2026-09-09
UA23060230000071243,Павлівська,Запорізька,Запорізький,47.946049,35.463181,41.3,False,2026-09-09
UA23060250000058722,Петро-Михайлівська,Запорізька,Запорізький,48.060032,35.229721,54.3,False,2026-09-09
UA23060270000087706,Степненська,Запорізька,Запорізький,47.79911,35.305592,24.8,False,2026-09-09
UA23060290000024046,Таврійська,Запорізька,Запорізький,47.652512,35.69733,15.9,False,2026-09-09
UA23060310000081443,Тернуватська,Запорізька,Запорізький,47.82932,36.12682,9.1,False,2026-09-09
UA23060330000027462,Широківська,Запорізька,Запорізький,47.910351,34.901161,47.8,False,2026-09-09
UA23080010000036379,Веселівська,Запорізька,Мелітопольський,47.0179164,34.9211323,41.5,True,2026-09-09
UA23080030000064349,Кирилівська,Запорізька,Мелітопольський,46.3717985,35.3696143,0.6,True,2026-09-09
UA23080050000095009,Костянтинівська,Запорізька,Мелітопольський,46.833878,35.425159,37.5,True,2026-09-09
UA23080070000068953,Мелітопольська,Запорізька,Мелітопольський,46.8467267,35.3827281,44.4,True,2026-09-09
UA23080090000051553,Мирненська,Запорізька,Мелітопольський,46.9464984,35.4405448,45.4,True,2026-09-09
UA23080110000020314,Новенська,Запорізька,Мелітопольський,46.785141,35.28067,37.8,True,2026-09-09
UA23080130000083188,Новобогданівська,Запорізька,Мелітопольський,47.085339,35.328941,41.1,True,2026-09-09
UA23080150000073640,Нововасилівська,Запорізька,Мелітопольський,46.834721,35.749512,23.7,True,2026-09-09
UA23080170000033256,Новоуспенівська,Запорізька,Мелітопольський,47.050869,35.034115,37.9,True,2026-09-09
UA23080190000065134,Олександрівська,Запорізька,Мелітопольський,46.538078,35.483089,9.2,True,2026-09-09
UA23080210000060255,Плодородненська,Запорізька,Мелітопольський,47.166019,35.323101,32.3,True,2026-09-09
UA23080230000097340,Приазовська,Запорізька,Мелітопольський,46.73,35.63896,17.2,True,2026-09-09
UA23080250000043914,Семенівська,Запорізька,Мелітопольський,46.894451,35.416489,42.6,True,2026-09-09
UA23080270000086363,Терпіннівська,Запорізька,Мелітопольський,46.975765,35.421688,49.0,True,2026-09-09
UA23080290000096336,Чкаловська,Запорізька,Мелітопольський,47.06955,34.71302,39.6,True,2026-09-09
UA23080310000097001,Якимівська,Запорізька,Мелітопольський,46.69636,35.15522,28.1,True,2026-09-09
UA23100010000094236,Більмацька,Запорізька,Пологівський,47.3624,36.65108,51.7,True,2026-09-09
UA23100030000016840,Воздвижівська,Запорізька,Пологівський,47.747269,36.079788,5.6,False,2026-09-09
UA23100050000041545,Воскресенська,Запорізька,Пологівський,47.474331,36.35342,24.3,True,2026-09-09
UA23100070000026535,Гуляйпільська,Запорізька,Пологівський,47.6655382,36.2656849,7.2,True,2026-09-09
UA23100090000029171,Комиш-Зорянська,Запорізька,Пологівський,47.32944,36.70292,58.6,True,2026-09-09
UA23100110000028240,Малинівська,Запорізька,Пологівський,47.671391,36.476318,15.2,True,2026-09-09
UA23100130000058758,Малотокмачанська,Запорізька,Пологівський,47.532688,35.896801,3.1,False,2026-09-09
UA23100150000023366,Молочанська,Запорізька,Пологівський,47.20653,35.59742,32.8,True,2026-09-09
UA23100170000031289,Оріхівська,Запорізька,Пологівський,47.5691902,35.7789871,9.3,False,2026-09-09
UA23100190000020018,Пологівська,Запорізька,Пологівський,47.4784803,36.2531412,16.1,True,2026-09-09
UA23100210000086911,Преображенська,Запорізька,Пологівський,47.583126,35.792824,10.9,False,2026-09-09
UA23100230000021603,Розівська,Запорізька,Пологівський,47.3866992,37.0675861,50.1,True,2026-09-09
UA23100250000073490,Смирновська,Запорізька,Пологівський,47.2136817,36.5431264,49.9,True,2026-09-09
UA23100270000073418,Токмацька,Запорізька,Пологівський,47.2557432,35.7021159,25.9,True,2026-09-09
UA23100290000069212,Федорівська,Запорізька,Пологівський,47.550541,36.54945,29.5,True,2026-09-09
UA26020010000096556,Білоберізька,Івано-Франківська,Верховинський,48.1469,25.067711,515.6,False,2026-09-09
UA26020030000088465,Верховинська,Івано-Франківська,Верховинський,48.1538102,24.82793,532.8,False,2026-09-09
UA26020050000098694,Зеленська,Івано-Франківська,Верховинський,48.052479,24.74876,535.4,False,2026-09-09
UA26040010000011271,Більшівцівська,Івано-Франківська,Івано-Франківський,49.18373,24.74602,581.6,False,2026-09-09
UA26040030000091528,Богородчанська,Івано-Франківська,Івано-Франківський,48.8092602,24.5456201,577.1,False,2026-09-09
UA26040050000080752,Букачівська,Івано-Франківська,Івано-Франківський,49.2620345,24.4962275,601.7,False,2026-09-09
UA26040070000065724,Бурштинська,Івано-Франківська,Івано-Франківський,49.2516287,24.6341893,592.3,False,2026-09-09
UA26040090000025932,Галицька,Івано-Франківська,Івано-Франківський,49.123317,24.7299495,579.6,False,2026-09-09
UA26040110000023512,Дзвиняцька,Івано-Франківська,Івано-Франківський,48.743591,24.42226,582.7,False,2026-09-09
UA26040130000010870,Дубовецька,Івано-Франківська,Івано-Франківський,49.085541,24.778629,574.5,False,2026-09-09
UA26040150000053322,Єзупільська,Івано-Франківська,Івано-Франківський,49.0416938,24.7802375,572.2,False,2026-09-09
UA26040170000097347,Загвіздянська,Івано-Франківська,Івано-Франківський,48.92363,24.665743,574.2,False,2026-09-09
UA26040190000081578,Івано-Франківська,Івано-Франківська,Івано-Франківський,48.9225224,24.7103188,571.2,False,2026-09-09
UA26040210000094444,Лисецька,Івано-Франківська,Івано-Франківський,48.87028,24.61075,575.4,False,2026-09-09
UA26040230000035526,Обертинська,Івано-Франківська,Івано-Франківський,48.6983959,25.1712272,530.2,False,2026-09-09
UA26040250000061081,Олешанська,Івано-Франківська,Івано-Франківський,48.834229,25.13191,539.1,False,2026-09-09
UA26040270000047749,Рогатинська,Івано-Франківська,Івано-Франківський,49.4092703,24.6105811,602.1,False,2026-09-09
UA26040290000025886,Солотвинська,Івано-Франківська,Івано-Франківський,48.7054933,24.4235647,581.1,False,2026-09-09
UA26040310000066064,Старобогородчанська,Івано-Франківська,Івано-Франківський,48.829906,24.5278225,579.2,False,2026-09-09
UA26040330000019235,Тисменицька,Івано-Франківська,Івано-Франківський,48.9018102,24.8484719,561.1,False,2026-09-09
UA26040350000024417,Тлумацька,Івано-Франківська,Івано-Франківський,48.8665866,25.0011978,549.3,False,2026-09-09
UA26040370000057019,Угринівська,Івано-Франківська,Івано-Франківський,48.959202,24.68594,574.5,False,2026-09-09
UA26040390000023006,Ямницька,Івано-Франківська,Івано-Франківський,48.990276,24.708786,574.5,False,2026-09-09
UA26060010000037638,Болехівська,Івано-Франківська,Калуський,49.0663203,23.8598949,634.4,False,2026-09-09
UA26060030000011364,Брошнів-Осадська,Івано-Франківська,Калуський,48.9958991,24.1858656,609.5,False,2026-09-09
UA26060050000042523,Верхнянська,Івано-Франківська,Калуський,49.097856,24.3006429,606.5,False,2026-09-09
UA26060070000011203,Вигодська,Івано-Франківська,Калуський,48.9349502,23.9126266,625.3,False,2026-09-09
UA26060090000054411,Витвицька,Івано-Франківська,Калуський,48.99128,23.85424,631.6,False,2026-09-09
UA26060110000025739,Войнилівська,Івано-Франківська,Калуський,49.1303725,24.4995375,594.9,False,2026-09-09
UA26060130000047466,Долинська,Івано-Франківська,Калуський,48.9782308,23.9789588,622.6,False,2026-09-09
UA26060150000074921,Дубівська,Івано-Франківська,Калуський,48.848362,24.160015,604.9,False,2026-09-09
UA26060170000091466,Калуська,Івано-Франківська,Калуський,49.028894,24.3613198,599.3,False,2026-09-09
UA26060190000099075,Новицька,Івано-Франківська,Калуський,48.954788,24.334322,597.7,False,2026-09-09
UA26060210000091421,Перегінська,Івано-Франківська,Калуський,48.8115525,24.1938558,601.1,False,2026-09-09
UA26060230000053464,Рожнятівська,Івано-Франківська,Калуський,48.9402225,24.1580976,608.9,False,2026-09-09
UA26060250000064599,Спаська,Івано-Франківська,Калуський,48.8888154,24.0625108,613.2,False,2026-09-09
UA26080010000036750,Гвіздецька,Івано-Франківська,Коломийський,48.5787681,25.281836,517.4,False,2026-09-09
UA26080030000014307,Городенківська,Івано-Франківська,Коломийський,48.6720598,25.4952722,507.3,False,2026-09-09
UA26080050000081474,Заболотівська,Івано-Франківська,Коломийський,48.466829,25.2830554,512.5,False,2026-09-09
UA26080070000092582,Коломийська,Івано-Франківська,Коломийський,48.5259211,25.0380538,531.7,False,2026-09-09
UA26080090000095729,Коршівська,Івано-Франківська,Коломийський,48.66016,25.018961,538.7,False,2026-09-09
UA26080110000076323,Матеївецька,Івано-Франківська,Коломийський,48.503502,25.1644023,522.2,False,2026-09-09
UA26080130000058024,Нижньовербізька,Івано-Франківська,Коломийський,48.508106,25.00415,533.3,False,2026-09-09
UA26080150000032640,Отинійська,Івано-Франківська,Коломийський,48.7344514,24.8637681,552.4,False,2026-09-09
UA26080170000041182,Печеніжинська,Івано-Франківська,Коломийський,48.5132253,24.8803552,542.1,False,2026-09-09
UA26080190000080618,Підгайчиківська,Івано-Франківська,Коломийський,48.562679,25.178782,523.7,False,2026-09-09
UA26080210000049380,П’ядицька,Івано-Франківська,Коломийський,48.5618431,25.0677583,531.2,False,2026-09-09
UA26080230000035462,Снятинська,Івано-Франківська,Коломийський,48.4523142,25.5518046,493.6,False,2026-09-09
UA26080250000056546,Чернелицька,Івано-Франківська,Коломийський,48.8128655,25.4257481,518.7,False,2026-09-09
UA26100010000076570,Косівська,Івано-Франківська,Косівський,48.315802,25.0983417,519.4,False,2026-09-09
UA26100030000012148,Космацька,Івано-Франківська,Косівський,48.3307391,24.8143791,539.8,False,2026-09-09
UA26100050000019570,Кутська,Івано-Франківська,Косівський,48.26268,25.18187,511.6,False,2026-09-09
UA26100070000078132,Рожнівська,Івано-Франківська,Косівський,48.3648867,25.2285814,512.2,False,2026-09-09
UA26100090000038366,Яблунівська,Івано-Франківська,Косівський,48.405278,24.941667,533.6,False,2026-09-09
UA26120010000096774,Ворохтянська,Івано-Франківська,Надвірнянський,48.2929828,24.5635786,556.1,False,2026-09-09
UA26120030000018265,Делятинська,Івано-Франківська,Надвірнянський,48.5277174,24.6286388,560.0,False,2026-09-09
UA26120050000087602,Ланчинська,Івано-Франківська,Надвірнянський,48.5554737,24.7523396,552.5,False,2026-09-09
UA26120070000067596,Надвірнянська,Івано-Франківська,Надвірнянський,48.6335887,24.5684038,568.3,False,2026-09-09
UA26120090000072057,Пасічнянська,Івано-Франківська,Надвірнянський,48.574501,24.445093,574.5,False,2026-09-09
UA26120110000086381,Переріслянська,Івано-Франківська,Надвірнянський,48.6970086,24.6362192,566.2,False,2026-09-09
UA26120130000088448,Поляницька,Івано-Франківська,Надвірнянський,48.347744,24.4400596,566.6,False,2026-09-09
UA26120150000021671,Яремчанська,Івано-Франківська,Надвірнянський,48.4504129,24.550955,562.5,False,2026-09-09
UA32020010000093088,Білоцерківська,Київська,Білоцерківський,49.7969703,30.1158069,372.3,False,2026-09-09
UA32020030000029575,Володарська,Київська,Білоцерківський,49.5224979,29.9280475,347.7,False,2026-09-09
UA32020050000062595,Гребінківська,Київська,Білоцерківський,49.95346,30.1763499,387.8,False,2026-09-09
UA32020070000027895,Ковалівська,Київська,Білоцерківський,49.98402,30.007441,394.5,False,2026-09-09
UA32020090000022264,Маловільшанська,Київська,Білоцерківський,49.694134,30.082663,362.1,False,2026-09-09
UA32020110000085875,Медвинська,Київська,Білоцерківський,49.385948,30.7806,316.6,False,2026-09-09
UA32020130000010013,Рокитнянська,Київська,Білоцерківський,49.6867282,30.473034,353.9,False,2026-09-09
UA32020150000040878,Сквирська,Київська,Білоцерківський,49.7337685,29.6624138,376.5,False,2026-09-09
UA32020170000020698,Ставищенська,Київська,Білоцерківський,49.3897213,30.1921389,327.4,False,2026-09-09
UA32020190000084133,Таращанська,Київська,Білоцерківський,49.555498,30.5023421,339.2,False,2026-09-09
UA32020210000064694,Тетіївська,Київська,Білоцерківський,49.3686166,29.6771098,338.8,False,2026-09-09
UA32020230000012716,Узинська,Київська,Білоцерківський,49.8284745,30.4197205,370.1,False,2026-09-09
UA32020250000099079,Фурсівська,Київська,Білоцерківський,49.797401,30.000383,374.8,False,2026-09-09
UA32040010000010116,Бориспільська,Київська,Бориспільський,50.3512101,30.95077,261.6,False,2026-09-09
UA32040030000083910,Вороньківська,Київська,Бориспільський,50.222279,30.90111,271.0,False,2026-09-09
UA32040050000077950,Гірська,Київська,Бориспільський,50.374039,30.86204,266.4,False,2026-09-09
UA32040070000056247,Дівичківська,Київська,Бориспільський,50.08548,31.28166,254.9,False,2026-09-09
UA32040090000083028,Золочівська,Київська,Бориспільський,50.328709,30.705759,278.6,False,2026-09-09
UA32040110000047477,Переяславська,Київська,Бориспільський,50.0643984,31.4447327,246.5,False,2026-09-09
UA32040130000049927,Пристолична,Київська,Бориспільський,50.378151,30.79125,270.8,False,2026-09-09
UA32040150000073245,Студениківська,Київська,Бориспільський,50.2026673,31.6137276,228.0,False,2026-09-09
UA32040170000034173,Ташанська,Київська,Бориспільський,50.0474861,31.8452576,224.5,False,2026-09-09
UA32040190000043384,Циблівська,Київська,Бориспільський,49.993633,31.569056,243.8,False,2026-09-09
UA32040210000086086,Яготинська,Київська,Бориспільський,50.2758913,31.7634861,214.6,False,2026-09-09
UA32060010000086043,Баришівська,Київська,Броварський,50.3645295,31.3256722,237.0,False,2026-09-09
UA32060030000048241,Березанська,Київська,Броварський,50.3132713,31.4689158,230.6,False,2026-09-09
UA32060050000030591,Броварська,Київська,Броварський,50.5111168,30.7900482,265.5,False,2026-09-09
UA32060070000092009,Великодимерська,Київська,Броварський,50.5913563,30.9016229,255.1,False,2026-09-09
UA32060090000096236,Зазимська,Київська,Броварський,50.5667713,30.6791472,270.9,False,2026-09-09
UA32060110000050416,Згурівська,Київська,Броварський,50.4950666,31.7691817,202.4,False,2026-09-09
UA32060130000095223,Калинівська,Київська,Броварський,50.5637731,30.8228756,261.4,False,2026-09-09
UA32060150000031409,Калитянська,Київська,Броварський,50.7498578,31.0249121,241.7,False,2026-09-09
UA32080010000060215,Білогородська,Київська,Бучанський,50.390171,30.22785,434.0,False,2026-09-09
UA32080030000070006,Бородянська,Київська,Бучанський,50.6437677,29.9278296,466.5,False,2026-09-09
UA32080050000052660,Борщагівська,Київська,Бучанський,50.437199,30.345961,437.3,False,2026-09-09
UA32080070000050759,Бучанська,Київська,Бучанський,50.5503127,30.2106925,451.7,False,2026-09-09
UA32080090000011038,Вишнева,Київська,Бучанський,50.3917497,30.3678999,432.1,False,2026-09-09
UA32080110000056605,Гостомельська,Київська,Бучанський,50.58826,30.25909,298.5,False,2026-09-09
UA32080130000056481,Дмитрівська,Київська,Бучанський,50.4605965,30.1757337,442.5,False,2026-09-09
UA32080150000035443,Ірпінська,Київська,Бучанський,50.5206777,30.2448725,447.9,False,2026-09-09
UA32080170000086616,Коцюбинська,Київська,Бучанський,50.4904717,30.3337903,443.3,False,2026-09-09
UA32080190000081428,Макарівська,Київська,Бучанський,50.4639897,29.8068986,449.7,False,2026-09-09
UA32080210000074136,Немішаївська,Київська,Бучанський,50.56801,30.1015029,455.3,False,2026-09-09
UA32080230000026180,Пісківська,Київська,Бучанський,50.6968561,29.5931036,478.9,False,2026-09-09
UA32100010000094393,Вишгородська,Київська,Вишгородський,50.5824332,30.485121,283.4,False,2026-09-09
UA32100030000066252,Димерська,Київська,Вишгородський,50.7835487,30.3078042,296.4,False,2026-09-09
UA32100050000082904,Іванківська,Київська,Вишгородський,50.93301,29.9042867,317.4,False,2026-09-09
UA32100070000076283,Петрівська,Київська,Вишгородський,50.6219956,30.444609,284.9,False,2026-09-09
UA32100090000060111,Пірнівська,Київська,Вишгородський,50.752785,30.668587,265.9,False,2026-09-09
UA32100110000030685,Поліська,Київська,Вишгородський,51.0782874,29.6377868,330.9,False,2026-09-09
UA32100130000093505,Славутицька,Київська,Вишгородський,51.5201397,30.7562301,245.4,False,2026-09-09
UA32120010000062762,Богуславська,Київська,Обухівський,49.54765,30.8733,333.3,False,2026-09-09
UA32120030000030458,Васильківська,Київська,Обухівський,50.17387,30.32158,409.1,False,2026-09-09
UA32120050000067577,Кагарлицька,Київська,Обухівський,49.8650658,30.8226786,368.8,False,2026-09-09
UA32120070000050717,Козинська,Київська,Обухівський,50.228951,30.647875,410.6,False,2026-09-09
UA32120090000034281,Миронівська,Київська,Обухівський,49.6583412,30.9824887,344.5,False,2026-09-09
UA32120110000025177,Обухівська,Київська,Обухівський,50.1101633,30.6269696,397.9,False,2026-09-09
UA32120130000012946,Ржищівська,Київська,Обухівський,49.96822,31.04118,378.3,False,2026-09-09
UA32120150000062718,Українська,Київська,Обухівський,50.1537167,30.7420742,401.3,False,2026-09-09
UA32120170000094084,Феодосіївська,Київська,Обухівський,50.272751,30.522079,417.0,False,2026-09-09
UA32140010000049369,Бишівська,Київська,Фастівський,50.266571,29.88693,427.0,False,2026-09-09
UA32140030000074165,Боярська,Київська,Фастівський,50.3356709,30.2847595,427.2,False,2026-09-09
UA32140050000046018,Гатненська,Київська,Фастівський,50.358547,30.396284,428.0,False,2026-09-09
UA32140070000012102,Глевахівська,Київська,Фастівський,50.259673,30.3059171,418.6,False,2026-09-09
UA32140090000085800,Калинівська,Київська,Фастівський,50.2257254,30.2261781,416.3,False,2026-09-09
UA32140110000089620,Кожанська,Київська,Фастівський,49.9711841,29.753739223479965,398.8,False,2026-09-09
UA32140130000030648,Томашівська,Київська,Фастівський,50.18726,29.80797,420.3,False,2026-09-09
UA32140150000040954,Фастівська,Київська,Фастівський,50.0799307,29.9162821,406.6,False,2026-09-09
UA32140170000038368,Чабанівська,Київська,Фастівський,50.341434,30.427101,425.8,False,2026-09-09
UA35020010000028961,Благовіщенська,Кіровоградська,Голованівський,48.327711,30.2344886,216.7,False,2026-09-09
UA35020030000022644,Вільшанська,Кіровоградська,Голованівський,48.235415,30.8745445,190.2,False,2026-09-09
UA35020050000014205,Гайворонська,Кіровоградська,Голованівський,48.3366182,29.8677468,231.1,False,2026-09-09
UA35020070000018243,Голованівська,Кіровоградська,Голованівський,48.3830239,30.4655894,215.3,False,2026-09-09
UA35020090000039429,Заваллівська,Кіровоградська,Голованівський,48.2082486,30.0137333,213.3,False,2026-09-09
UA35020110000013511,Надлацька,Кіровоградська,Голованівський,48.7330559,31.1271498,241.1,False,2026-09-09
UA35020130000045875,Новоархангельська,Кіровоградська,Голованівський,48.6644983,30.8048464,237.7,False,2026-09-09
UA35020150000027557,Перегонівська,Кіровоградська,Голованівський,48.5350601,30.5208753,229.7,False,2026-09-09
UA35020170000076448,Підвисоцька,Кіровоградська,Голованівський,48.583656,30.676588,231.4,False,2026-09-09
UA35020190000025203,Побузька,Кіровоградська,Голованівський,48.1632356,30.5949322,189.1,False,2026-09-09
UA35040010000022631,Аджамська,Кіровоградська,Кропивницький,48.550907,32.52924,205.9,False,2026-09-09
UA35040030000074104,Бобринецька,Кіровоградська,Кропивницький,48.05729,32.15938,164.5,False,2026-09-09
UA35040050000013889,Великосеверинівська,Кіровоградська,Кропивницький,48.61031,32.228249,216.7,False,2026-09-09
UA35040070000034432,Гурівська,Кіровоградська,Кропивницький,48.0984525,33.0997636,103.6,False,2026-09-09
UA35040090000082553,Дмитрівська,Кіровоградська,Кропивницький,48.781361,32.715912,181.0,False,2026-09-09
UA35040110000055821,Долинська,Кіровоградська,Кропивницький,48.1164313,32.7638204,154.7,False,2026-09-09
UA35040130000021732,Знам’янська,Кіровоградська,Кропивницький,48.7199609,32.6659476,177.5,False,2026-09-09
UA35040150000097644,Катеринівська,Кіровоградська,Кропивницький,48.563087,32.098663,214.6,False,2026-09-09
UA35040170000065192,Кетрисанівська,Кіровоградська,Кропивницький,47.90897,32.172771,148.3,False,2026-09-09
UA35040190000012514,Компаніївська,Кіровоградська,Кропивницький,48.2497235,32.2043672,179.0,False,2026-09-09
UA35040210000014072,Кропивницька,Кіровоградська,Кропивницький,48.5105805,32.2656283,205.3,False,2026-09-09
UA35040230000015609,Новгородківська,Кіровоградська,Кропивницький,48.3658045,32.6572986,184.3,False,2026-09-09
UA35040250000048915,Олександрівська,Кіровоградська,Кропивницький,48.9656487,32.2383382,255.1,False,2026-09-09
UA35040270000084621,Первозванівська,Кіровоградська,Кропивницький,48.445049,32.306721,197.5,False,2026-09-09
UA35040290000046019,Соколівська,Кіровоградська,Кропивницький,48.473549,32.192291,203.1,False,2026-09-09
UA35040310000035890,Суботцівська,Кіровоградська,Кропивницький,48.6527798,32.5156646,178.4,False,2026-09-09
UA35040330000014430,Устинівська,Кіровоградська,Кропивницький,47.9576049,32.5361354,140.9,False,2026-09-09
UA35060010000018331,Ганнівська,Кіровоградська,Новоукраїнський,48.196823,31.896624,183.6,False,2026-09-09
UA35060030000099117,Глодоська,Кіровоградська,Новоукраїнський,48.45417,31.32271,208.8,False,2026-09-09
UA35060050000025668,Добровеличківська,Кіровоградська,Новоукраїнський,48.38791,31.17748,202.5,False,2026-09-09
UA35060070000071148,Злинська,Кіровоградська,Новоукраїнський,48.479229,31.54278,211.1,False,2026-09-09
UA35060090000091976,Маловисківська,Кіровоградська,Новоукраїнський,48.6404935,31.634205,229.2,False,2026-09-09
UA35060110000056063,Мар’янівська,Кіровоградська,Новоукраїнський,48.566271,31.855744,222.3,False,2026-09-09
UA35060130000087718,Новомиргородська,Кіровоградська,Новоукраїнський,48.7969701,31.6523837,246.6,False,2026-09-09
UA35060150000073710,Новоукраїнська,Кіровоградська,Новоукраїнський,48.3250616,31.522047,194.0,False,2026-09-09
UA35060170000071056,Піщанобрідська,Кіровоградська,Новоукраїнський,48.284325,31.31205,190.0,False,2026-09-09
UA35060190000079777,Помічнянська,Кіровоградська,Новоукраїнський,48.243309,31.4037217,185.0,False,2026-09-09
UA35060210000019042,Рівнянська,Кіровоградська,Новоукраїнський,48.2450076,31.7477038,185.9,False,2026-09-09
UA35060230000086264,Смолінська,Кіровоградська,Новоукраїнський,48.6014602,31.2957107,225.3,False,2026-09-09
UA35060250000057436,Тишківська,Кіровоградська,Новоукраїнський,48.492229,30.932384,217.0,False,2026-09-09
UA35080010000032386,Великоандрусівська,Кіровоградська,Олександрійський,49.057732,32.949711,199.6,False,2026-09-09
UA35080030000042560,Новопразька,Кіровоградська,Олександрійський,48.5691102,32.9043787,153.7,False,2026-09-09
UA35080050000038829,Олександрійська,Кіровоградська,Олександрійський,48.670609,33.1169742,155.5,False,2026-09-09
UA35080070000016791,Онуфріївська,Кіровоградська,Олександрійський,48.9046489,33.4472744,171.2,False,2026-09-09
UA35080090000078673,Пантаївська,Кіровоградська,Олександрійський,48.6776501,32.8970803,164.1,False,2026-09-09
UA35080110000063919,Петрівська,Кіровоградська,Олександрійський,48.33607,33.26626,117.5,False,2026-09-09
UA35080130000048304,Попельнастівська,Кіровоградська,Олександрійський,48.6592675,33.7216381,139.7,False,2026-09-09
UA35080150000074379,Приютівська,Кіровоградська,Олександрійський,48.721619,33.067471,162.2,False,2026-09-09
UA35080170000077673,Світловодська,Кіровоградська,Олександрійський,49.04537,33.20721,191.4,False,2026-09-09
UA44020010000067642,Алчевська,Луганська,Алчевський,48.4806933,38.792133294414555,68.6,True,2026-09-09
UA44020030000055937,Зимогір’ївська,Луганська,Алчевський,48.5782151,38.9451299,79.1,True,2026-09-09
UA44020050000061272,Кадіївська,Луганська,Алчевський,48.5595971,38.6499847,78.6,True,2026-09-09
UA44040010000091230,Довжанська,Луганська,Довжанський,48.0811324,39.642561,11.2,True,2026-09-09
UA44040030000034083,Сорокинська,Луганська,Довжанський,48.2951439,39.7296772,8.4,True,2026-09-09
UA44060010000059164,Луганська,Луганська,Луганський,48.64418345,39.49485081756206,12.8,True,2026-09-09
UA44060030000019360,Лутугинська,Луганська,Луганський,48.4008342,39.1981259,41.4,True,2026-09-09
UA44060050000028333,Молодогвардійська,Луганська,Луганський,48.3459067,39.6524188,14.0,True,2026-09-09
UA44080010000030435,Антрацитівська,Луганська,Ровеньківський,48.1164285,39.0886375,27.4,True,2026-09-09
UA44080030000048115,Ровеньківська,Луганська,Ровеньківський,48.0897987,39.368029,24.9,True,2026-09-09
UA44080050000055882,Хрустальненська,Луганська,Ровеньківський,48.1790971,38.8818684,34.9,True,2026-09-09
UA44100010000048313,Білокуракинська,Луганська,Сватівський,49.52637,38.73539,33.2,True,2026-09-09
UA44100030000094890,Коломийчиська,Луганська,Сватівський,49.44706,37.97184,7.9,True,2026-09-09
UA44100050000027880,Красноріченська,Луганська,Сватівський,49.2161675,38.2038682,15.0,True,2026-09-09
UA44100070000070448,Лозно-Олександрівська,Луганська,Сватівський,49.83742,38.74226,5.9,True,2026-09-09
UA44100090000087782,Нижньодуванська,Луганська,Сватівський,49.58027,38.16582,27.7,True,2026-09-09
UA44100110000061602,Сватівська,Луганська,Сватівський,49.4176663,38.1456729,17.6,True,2026-09-09
UA44100130000017965,Троїцька,Луганська,Сватівський,49.9074486,38.2868192,10.2,True,2026-09-09
UA44120010000044132,Гірська,Луганська,Сєвєродонецький,48.7395184,38.4919701,40.9,True,2026-09-09
UA44120030000094047,Кремінська,Луганська,Сєвєродонецький,49.0463189,38.2178525,18.4,True,2026-09-09
UA44120050000066819,Лисичанська,Луганська,Сєвєродонецький,48.917267,38.4285981,33.7,True,2026-09-09
UA44120070000073915,Попаснянська,Луганська,Сєвєродонецький,48.6322687,38.3777033,37.0,True,2026-09-09
UA44120090000062828,Рубіжанська,Луганська,Сєвєродонецький,49.0329045,38.3725819,29.0,True,2026-09-09
UA44120110000010163,Сєвєродонецька,Луганська,Сєвєродонецький,48.9478698,38.4936475,37.7,True,2026-09-09
UA44140010000036188,Біловодська,Луганська,Старобільський,49.2068078,39.5911619,19.4,True,2026-09-09
UA44140030000070201,Білолуцька,Луганська,Старобільський,49.7017298,39.0250773,12.2,True,2026-09-09
UA44140050000026566,Марківська,Луганська,Старобільський,49.5239233,39.5682107,12.3,True,2026-09-09
UA44140070000058445,Міловська,Луганська,Старобільський,49.38011,40.1255,0.5,True,2026-09-09
UA44140090000072167,Новопсковська,Луганська,Старобільський,49.5383615,39.1022062,30.9,True,2026-09-09
UA44140110000056578,Старобільська,Луганська,Старобільський,49.2822424,38.897386,57.3,True,2026-09-09
UA44140130000089782,Чмирівська,Луганська,Старобільський,49.292038,38.95348,56.1,True,2026-09-09
UA44140150000072734,Шульгинська,Луганська,Старобільський,49.152142,38.91975,71.6,True,2026-09-09
UA44160010000053248,Нижньотеплівська,Луганська,Щастинський,48.794785,39.351295,30.6,True,2026-09-09
UA44160030000020916,Новоайдарська,Луганська,Щастинський,48.9596084,38.9937733,49.1,True,2026-09-09
UA44160050000040019,Станично-Луганська,Луганська,Щастинський,48.6429638,39.4956573,12.7,True,2026-09-09
UA44160070000013725,Широківська,Луганська,Щастинський,48.8364339,39.6304262,11.2,True,2026-09-09
UA44160090000075695,Щастинська,Луганська,Щастинський,48.7453063,39.17110517552807,39.0,True,2026-09-09
UA46020010000073886,Бориславська,Львівська,Дрогобицький,49.2824381,23.4138765,673.7,False,2026-09-09
UA46020030000019252,Дрогобицька,Львівська,Дрогобицький,49.3513996,23.5061662,670.7,False,2026-09-09
UA46020050000037271,Меденицька,Львівська,Дрогобицький,49.4299693,23.7495414,658.4,False,2026-09-09
UA46020070000056149,Східницька,Львівська,Дрогобицький,49.2275955,23.3502631,675.5,False,2026-09-09
UA46020090000057315,Трускавецька,Львівська,Дрогобицький,49.2783459,23.5064459,667.3,False,2026-09-09
UA46040010000033885,Бродівська,Львівська,Золочівський,50.0833041,25.1437921,610.7,False,2026-09-09
UA46040030000058332,Буська,Львівська,Золочівський,49.965355,24.6089531,634.4,False,2026-09-09
UA46040050000062043,Заболотцівська,Львівська,Золочівський,50.0321244,24.9757154,616.9,False,2026-09-09
UA46040070000032075,Золочівська,Львівська,Золочівський,49.8056522,24.8988858,607.2,False,2026-09-09
UA46040090000012087,Красненська,Львівська,Золочівський,49.9125099,24.608186,631.2,False,2026-09-09
UA46040110000093394,Підкамінська,Львівська,Золочівський,49.9452145,25.318681,591.5,False,2026-09-09
UA46040130000035029,Поморянська,Львівська,Золочівський,49.6363882,24.9318616,595.0,False,2026-09-09
UA46060010000049728,Бібрська,Львівська,Львівський,49.6375183,24.2973288,634.2,False,2026-09-09
UA46060030000020652,Великолюбінська,Львівська,Львівський,49.7217329,23.7302119,674.4,False,2026-09-09
UA46060050000016451,Глинянська,Львівська,Львівський,49.8220371,24.5165092,631.2,False,2026-09-09
UA46060070000047720,Городоцька,Львівська,Львівський,49.784596,23.6465626,683.0,False,2026-09-09
UA46060090000017373,Давидівська,Львівська,Львівський,49.751785,24.135963,650.6,False,2026-09-09
UA46060110000011684,Добросинсько-Магерівська,Львівська,Львівський,50.1346697,23.8537195,689.9,False,2026-09-09
UA46060130000059055,Жовківська,Львівська,Львівський,50.056134,23.9711967,678.1,False,2026-09-09
UA46060150000060045,Жовтанецька,Львівська,Львівський,49.9920394,24.2453514,657.8,False,2026-09-09
UA46060170000014754,Зимноводівська,Львівська,Львівський,49.824806,23.886192,670.2,False,2026-09-09
UA46060190000038354,Кам’янка-Бузька,Львівська,Львівський,50.0987805,24.3569457,657.6,False,2026-09-09
UA46060210000047788,Комарнівська,Львівська,Львівський,49.6260714,23.6969962,671.6,False,2026-09-09
UA46060230000093092,Куликівська,Львівська,Львівський,49.9802537,24.0770707,667.3,False,2026-09-09
UA46060250000025047,Львівська,Львівська,Львівський,49.841952,24.0315921,662.1,False,2026-09-09
UA46060270000027170,Мурованська,Львівська,Львівський,49.876335,24.095217,660.1,False,2026-09-09
UA46060290000052876,Новояричівська,Львівська,Львівський,49.9071883,24.3026191,649.3,False,2026-09-09
UA46060310000086550,Оброшинська,Львівська,Львівський,49.78643,23.86727,669.3,False,2026-09-09
UA46060330000065074,Перемишлянська,Львівська,Львівський,49.6693553,24.5584141,619.8,False,2026-09-09
UA46060350000036006,Підберізцівська,Львівська,Львівський,49.809834,24.221888,648.5,False,2026-09-09
UA46060370000065608,Пустомитівська,Львівська,Львівський,49.7189582,23.9047288,663.3,False,2026-09-09
UA46060390000035967,Рава-Руська,Львівська,Львівський,50.230654,23.6240014,709.4,False,2026-09-09
UA46060410000052681,Сокільницька,Львівська,Львівський,49.7797678,23.9791691,661.9,False,2026-09-09
UA46060430000091455,Солонківська,Львівська,Львівський,49.756359,24.008862,658.8,False,2026-09-09
UA46060450000037997,Щирецька,Львівська,Львівський,49.6465416,23.8571249,662.4,False,2026-09-09
UA46080010000010628,Бісковицька,Львівська,Самбірський,49.544472,23.164238,702.1,False,2026-09-09
UA46080030000048662,Боринська,Львівська,Самбірський,49.0714844,23.0022472,692.7,False,2026-09-09
UA46080050000015399,Добромильська,Львівська,Самбірський,49.5710282,22.7851508,728.2,False,2026-09-09
UA46080070000035761,Новокалинівська,Львівська,Самбірський,49.5582869,23.3022432,693.7,False,2026-09-09
UA46080090000029798,Ралівська,Львівська,Самбірський,49.501617,23.23386,695.5,False,2026-09-09
UA46080110000050484,Рудківська,Львівська,Самбірський,49.6544518,23.4873856,686.5,False,2026-09-09
UA46080130000077112,Самбірська,Львівська,Самбірський,49.5182487,23.1969805,698.7,False,2026-09-09
UA46080150000050321,Старосамбірська,Львівська,Самбірський,49.44406,23.0022677,708.2,False,2026-09-09
UA46080170000064605,Стрілківська,Львівська,Самбірський,49.329163,22.974785,705.0,False,2026-09-09
UA46080190000096121,Турківська,Львівська,Самбірський,49.1531436,23.0336345,693.8,False,2026-09-09
UA46080210000051983,Хирівська,Львівська,Самбірський,49.5335126,22.8500099,722.2,False,2026-09-09
UA46100010000066018,Гніздичівська,Львівська,Стрийський,49.3373271,24.1081208,630.6,False,2026-09-09
UA46100030000016064,Грабовецько-Дулібівська,Львівська,Стрийський,49.230637,23.815067,644.7,False,2026-09-09
UA46100050000053848,Жидачівська,Львівська,Стрийський,49.3831172,24.1426813,630.6,False,2026-09-09
UA46100070000076013,Журавненська,Львівська,Стрийський,49.2577802,24.2858299,615.1,False,2026-09-09
UA46100090000076723,Козівська,Львівська,Стрийський,48.9502946,23.348357,664.3,False,2026-09-09
UA46100110000018989,Миколаївська,Львівська,Стрийський,49.5253714,23.9788155,648.4,False,2026-09-09
UA46100130000048262,Моршинська,Львівська,Стрийський,49.1536011,23.8700537,637.6,False,2026-09-09
UA46100150000087495,Новороздільська,Львівська,Стрийський,49.4696071,24.1386133,635.3,False,2026-09-09
UA46100170000077437,Розвадівська,Львівська,Стрийський,49.5030978,23.9581902,648.6,False,2026-09-09
UA46100190000081766,Сколівська,Львівська,Стрийський,49.0378559,23.5140979,656.5,False,2026-09-09
UA46100210000027970,Славська,Львівська,Стрийський,48.84487,23.44482,653.7,False,2026-09-09
UA46100230000047305,Стрийська,Львівська,Стрийський,49.255875,23.8530863,643.4,False,2026-09-09
UA46100250000088835,Тростянецька,Львівська,Стрийський,49.551479,23.992229,648.9,False,2026-09-09
UA46100270000094052,Ходорівська,Львівська,Стрийський,49.4065802,24.3140241,620.8,False,2026-09-09
UA46120010000054878,Белзька,Львівська,Червоноградський,50.3823942,24.0127629,695.5,False,2026-09-09
UA46120030000069375,Великомостівська,Львівська,Червоноградський,50.240162,24.1385486,679.3,False,2026-09-09
UA46120050000027080,Добротвірська,Львівська,Червоноградський,50.2057172,24.3857048,662.6,False,2026-09-09
UA46120070000071541,Лопатинська,Львівська,Червоноградський,50.2205052,24.844945,636.9,False,2026-09-09
UA46120090000051307,Радехівська,Львівська,Червоноградський,50.2808744,24.6397908,652.6,False,2026-09-09
UA46120110000062257,Сокальська,Львівська,Червоноградський,50.4791313,24.2770538,686.4,False,2026-09-09
UA46120130000026331,Червоноградська,Львівська,Червоноградський,50.3940701,24.239616,683.0,False,2026-09-09
UA46140010000081849,Івано-Франківська,Львівська,Яворівський,49.9220001,23.7311549,685.2,False,2026-09-09
UA46140030000023506,Мостиська,Львівська,Яворівський,49.79235,23.147933,715.2,False,2026-09-09
UA46140050000054478,Новояворівська,Львівська,Яворівський,49.9316152,23.5661291,696.0,False,2026-09-09
UA46140070000010135,Судововишнянська,Львівська,Яворівський,49.7880934,23.3732553,700.5,False,2026-09-09
UA46140090000079730,Шегинівська,Львівська,Яворівський,49.801323,22.974361,726.7,False,2026-09-09
UA46140110000063568,Яворівська,Львівська,Яворівський,49.9456001,23.3886319,707.8,False,2026-09-09
UA48020010000091496,Баштанська,Миколаївська,Баштанський,47.4033486,32.4388921,88.9,False,2026-09-09
UA48020030000061219,Березнегуватська,Миколаївська,Баштанський,47.308722,32.8486739,65.9,False,2026-09-09
UA48020050000023194,Вільнозапорізька,Миколаївська,Баштанський,47.5752739,32.6213011,98.0,False,2026-09-09
UA48020070000050731,Володимирівська,Миколаївська,Баштанський,47.5225573,32.923254,87.7,False,2026-09-09
UA48020090000069919,Горохівська,Миколаївська,Баштанський,46.9581182,32.702749,31.5,False,2026-09-09
UA48020110000020969,Інгульська,Миколаївська,Баштанський,47.2015936,32.2269428,78.5,False,2026-09-09
UA48020130000080862,Казанківська,Миколаївська,Баштанський,47.835215,32.8241797,123.1,False,2026-09-09
UA48020150000051082,Новобузька,Миколаївська,Баштанський,47.6933814,32.5106596,113.2,False,2026-09-09
UA48020170000082529,Привільненська,Миколаївська,Баштанський,47.4937814,32.2971718,101.4,False,2026-09-09
UA48020190000083597,Снігурівська,Миколаївська,Баштанський,47.070721,32.7924643,40.4,False,2026-09-09
UA48020210000024814,Софіївська,Миколаївська,Баштанський,47.6870044,32.3720991,120.8,False,2026-09-09
UA48020230000095751,Широківська,Миколаївська,Баштанський,47.09781,32.677599,46.3,False,2026-09-09
UA48040010000016403,Братська,Миколаївська,Вознесенський,47.8641873,31.5747875,142.8,False,2026-09-09
UA48040030000013036,Бузька,Миколаївська,Вознесенський,47.6150388,31.2029082,117.4,False,2026-09-09
UA48040050000011284,Веселинівська,Миколаївська,Вознесенський,47.356307,31.2367979,88.7,False,2026-09-09
UA48040070000056126,Вознесенська,Миколаївська,Вознесенський,47.5679582,31.3338636,110.6,False,2026-09-09
UA48040090000070960,Доманівська,Миколаївська,Вознесенський,47.6322253,30.9892003,123.5,False,2026-09-09
UA48040110000015580,Дорошівська,Миколаївська,Вознесенський,47.4729796,31.4672792,99.3,False,2026-09-09
UA48040130000074078,Єланецька,Миколаївська,Вознесенський,47.696378,31.8489152,127.9,False,2026-09-09
UA48040150000011861,Мостівська,Миколаївська,Вознесенський,47.418625,30.996822,101.1,False,2026-09-09
UA48040170000057262,Новомар’ївська,Миколаївська,Вознесенський,48.0064483,31.4995082,158.5,False,2026-09-09
UA48040190000026236,Олександрівська,Миколаївська,Вознесенський,47.6895064,31.2785396,124.6,False,2026-09-09
UA48040210000049987,Прибужанівська,Миколаївська,Вознесенський,47.529674,31.3240378,106.5,False,2026-09-09
UA48040230000012964,Прибузька,Миколаївська,Вознесенський,47.6717628,31.2352206,123.1,False,2026-09-09
UA48040250000044166,Южноукраїнська,Миколаївська,Вознесенський,47.824269,31.1786814,140.6,False,2026-09-09
UA48060010000061913,Березанська,Миколаївська,Миколаївський,46.8544054,31.3874915,31.9,False,2026-09-09
UA48060030000055210,Веснянська,Миколаївська,Миколаївський,46.9796589,31.8829166,49.0,False,2026-09-09
UA48060050000074873,Воскресенська,Миколаївська,Миколаївський,47.0171096,32.1465767,57.7,False,2026-09-09
UA48060070000087404,Галицинівська,Миколаївська,Миколаївський,46.8060632,31.9802864,32.5,False,2026-09-09
UA48060090000097375,Коблівська,Миколаївська,Миколаївський,46.6612599,31.2085145,25.0,False,2026-09-09
UA48060110000055792,Костянтинівська,Миколаївська,Миколаївський,47.095007,31.9184045,62.1,False,2026-09-09
UA48060130000035572,Куцурубська,Миколаївська,Миколаївський,46.6529086,31.6211184,12.5,False,2026-09-09
UA48060150000071713,Миколаївська,Миколаївська,Миколаївський,46.9758615,31.9939666,51.4,False,2026-09-09
UA48060170000025778,Мішково-Погорілівська,Миколаївська,Миколаївський,46.9981588,32.1172962,55.5,False,2026-09-09
UA48060190000070297,Нечаянська,Миколаївська,Миколаївський,46.9428387,31.5534457,40.4,False,2026-09-09
UA48060210000081533,Новоодеська,Миколаївська,Миколаївський,47.310996,31.7739735,84.9,False,2026-09-09
UA48060230000098265,Ольшанська,Миколаївська,Миколаївський,47.18486,31.793865,70.9,False,2026-09-09
UA48060250000061313,Очаківська,Миколаївська,Миколаївський,46.6145957,31.5452994,4.5,False,2026-09-09
UA48060270000044708,Первомайська,Миколаївська,Миколаївський,47.039509,32.439911,50.1,False,2026-09-09
UA48060290000080246,Радсадівська,Миколаївська,Миколаївський,46.8991228,31.9863616,42.8,False,2026-09-09
UA48060310000084930,Степівська,Миколаївська,Миколаївський,47.1898851,31.5182939,67.7,False,2026-09-09
UA48060330000083035,Сухоєланецька,Миколаївська,Миколаївський,47.3684734,31.9874081,92.9,False,2026-09-09
UA48060350000011218,Чорноморська,Миколаївська,Миколаївський,46.649658,31.506041,7.7,False,2026-09-09
UA48060370000016130,Шевченківська,Миколаївська,Миколаївський,46.862518,32.191662,40.8,False,2026-09-09
UA48080010000048763,Арбузинська,Миколаївська,Первомайський,47.9076,31.31516,148.3,False,2026-09-09
UA48080030000050927,Благодатненська,Миколаївська,Первомайський,47.9922978,31.1428235,159.4,False,2026-09-09
UA48080050000053070,Врадіївська,Миколаївська,Первомайський,47.8594344,30.5891291,158.4,False,2026-09-09
UA48080070000061107,Кам’яномостівська,Миколаївська,Первомайський,47.9651969,30.8156629,162.7,False,2026-09-09
UA48080090000029942,Кривоозерська,Миколаївська,Первомайський,47.9532217,30.3425878,176.3,False,2026-09-09
UA48080110000010732,Мигіївська,Миколаївська,Первомайський,48.0380198,30.9538321,167.4,False,2026-09-09
UA48080130000028458,Первомайська,Миколаївська,Первомайський,48.045745,30.8475997,170.4,False,2026-09-09
UA48080150000083195,Синюхинобрідська,Миколаївська,Первомайський,48.1445873,30.8173556,181.6,False,2026-09-09
UA51020010000012094,Андрієво-Іванівська,Одеська,Березівський,47.5002542,30.4616331,129.6,False,2026-09-09
UA51020030000095942,Березівська,Одеська,Березівський,47.2016391,30.908595,82.9,False,2026-09-09
UA51020050000075980,Великобуялицька,Одеська,Березівський,46.942238,30.648479,77.3,False,2026-09-09
UA51020070000019684,Знам’янська,Одеська,Березівський,47.0215772,30.2837704,105.7,False,2026-09-09
UA51020090000073639,Іванівська,Одеська,Березівський,46.9824413,30.4628447,91.7,False,2026-09-09
UA51020110000041005,Коноплянська,Одеська,Березівський,47.037708,30.479984,93.7,False,2026-09-09
UA51020130000060117,Курісовська,Одеська,Березівський,46.9701466,30.9616421,60.3,False,2026-09-09
UA51020150000090298,Миколаївська,Одеська,Березівський,47.5366356,30.754709,120.8,False,2026-09-09
UA51020170000041393,Новокальчевська,Одеська,Березівський,47.1965603,31.0341137,77.6,False,2026-09-09
UA51020190000074479,Петровірівська,Одеська,Березівський,47.237431,30.326731,116.0,False,2026-09-09
UA51020210000019597,Раухівська,Одеська,Березівський,47.1691588,30.8145604,84.3,False,2026-09-09
UA51020230000068053,Розквітівська,Одеська,Березівський,47.122082,30.61581,91.0,False,2026-09-09
UA51020250000084082,Старомаяківська,Одеська,Березівський,47.346951,30.30682,125.1,False,2026-09-09
UA51020270000068435,Стрюківська,Одеська,Березівський,47.37912,30.582382,113.4,False,2026-09-09
UA51020290000017926,Чогодарівська,Одеська,Березівський,47.374702,30.068394,140.7,False,2026-09-09
UA51020310000020019,Ширяївська,Одеська,Березівський,47.3843482,30.1895219,134.4,False,2026-09-09
UA51040010000016896,Білгород-Дністровська,Одеська,Білгород-Дністровський,46.1909823,30.345784,91.1,False,2026-09-09
UA51040030000095700,Дивізійська,Одеська,Білгород-Дністровський,45.9442525,29.9743896,125.9,False,2026-09-09
UA51040050000073907,Кароліно-Бугазька,Одеська,Білгород-Дністровський,46.1458339,30.5255473,78.5,False,2026-09-09
UA51040070000074000,Кулевчанська,Одеська,Білгород-Дністровський,46.0345974,29.9333659,125.9,False,2026-09-09
UA51040090000096249,Лиманська,Одеська,Білгород-Дністровський,45.673229,29.741247,154.8,False,2026-09-09
UA51040110000040346,Маразліївська,Одеська,Білгород-Дністровський,46.107672,30.0520305,115.0,False,2026-09-09
UA51040130000049323,Мологівська,Одеська,Білгород-Дністровський,46.228905,30.21216,100.7,False,2026-09-09
UA51040150000087491,Петропавлівська,Одеська,Білгород-Дністровський,46.340572,29.566586,149.3,False,2026-09-09
UA51040170000036391,Плахтіївська,Одеська,Білгород-Дністровський,46.094894,29.715511,140.7,False,2026-09-09
UA51040190000058077,Саратська,Одеська,Білгород-Дністровський,46.0220664,29.6648751,146.3,False,2026-09-09
UA51040210000057879,Сергіївська,Одеська,Білгород-Дністровський,46.02756,30.37273,93.8,False,2026-09-09
UA51040230000018414,Старокозацька,Одеська,Білгород-Дністровський,46.337597,29.986652,117.1,False,2026-09-09
UA51040250000099866,Татарбунарська,Одеська,Білгород-Дністровський,45.8398696,29.6166537,155.9,False,2026-09-09
UA51040270000028361,Тузлівська,Одеська,Білгород-Дністровський,45.871349,30.08778,120.9,False,2026-09-09
UA51040290000011852,Успенівська,Одеська,Білгород-Дністровський,46.18755,29.86153,128.1,False,2026-09-09
UA51040310000071545,Шабівська,Одеська,Білгород-Дністровський,46.128258,30.386766,89.4,False,2026-09-09
UA51060010000033212,Арцизька,Одеська,Болградський,45.9962017,29.431517,164.5,False,2026-09-09
UA51060030000044366,Болградська,Одеська,Болградський,45.6779137,28.6132404,235.2,False,2026-09-09
UA51060050000061243,Бородінська,Одеська,Болградський,46.3023788,29.2422721,174.3,False,2026-09-09
UA51060070000052726,Василівська,Одеська,Болградський,45.6429124,28.8324547,220.5,False,2026-09-09
UA51060090000014997,Городненська,Одеська,Болградський,45.893669,28.85216,210.7,False,2026-09-09
UA51060110000077844,Криничненська,Одеська,Болградський,45.5372689,28.6663677,236.9,False,2026-09-09
UA51060130000042133,Кубейська,Одеська,Болградський,45.7907985,28.7440113,221.8,False,2026-09-09
UA51060150000016544,Павлівська,Одеська,Болградський,45.962959,29.491703,160.9,False,2026-09-09
UA51060170000068967,Тарутинська,Одеська,Болградський,46.1821786,29.151948,182.3,False,2026-09-09
UA51060190000067242,Теплицька,Одеська,Болградський,45.98534,29.33762,171.8,False,2026-09-09
UA51080010000087690,Вилківська,Одеська,Ізмаїльський,45.40306,29.58309,180.5,False,2026-09-09
UA51080030000048246,Ізмаїльська,Одеська,Ізмаїльський,45.3511307,28.8361514,233.9,False,2026-09-09
UA51080050000022808,Кілійська,Одеська,Ізмаїльський,45.4409767,29.2652788,199.7,False,2026-09-09
UA51080070000040493,Ренійська,Одеська,Ізмаїльський,45.455413,28.2790948,268.3,False,2026-09-09
UA51080090000065506,Саф’янівська,Одеська,Ізмаїльський,45.4029271,28.8768576,228.4,False,2026-09-09
UA51080110000079212,Суворовська,Одеська,Ізмаїльський,45.5811117,28.9879186,212.0,False,2026-09-09
UA51100010000023950,Авангардівська,Одеська,Одеський,46.471085,30.613808,69.7,False,2026-09-09
UA51100030000027628,Біляївська,Одеська,Одеський,46.4826109,30.2014161,100.7,False,2026-09-09
UA51100050000066202,Великодальницька,Одеська,Одеський,46.476292,30.559851,73.6,False,2026-09-09
UA51100070000063635,Великодолинська,Одеська,Одеський,46.3467158,30.5759542,71.8,False,2026-09-09
UA51100090000094901,Вигодянська,Одеська,Одеський,46.614494,30.39809,85.2,False,2026-09-09
UA51100110000098468,Визирська,Одеська,Одеський,46.696785,30.997566,41.4,False,2026-09-09
UA51100130000021533,Дальницька,Одеська,Одеський,46.2250393,30.531351,76.5,False,2026-09-09
UA51100150000090671,Дачненська,Одеська,Одеський,46.577221,30.54817,73.6,False,2026-09-09
UA51100170000087238,Доброславська,Одеська,Одеський,46.8193867,30.943207,51.0,False,2026-09-09
UA51100190000060999,Красносільська,Одеська,Одеський,46.623569,30.77614,56.4,False,2026-09-09
UA51100210000074534,Маяківська,Одеська,Одеський,46.413799,30.26836,95.6,False,2026-09-09
UA51100230000045500,Нерубайська,Одеська,Одеський,46.544624,30.629803,67.5,False,2026-09-09
UA51100250000055079,Овідіопольська,Одеська,Одеський,46.2473734,30.4448614,82.7,False,2026-09-09
UA51100270000073549,Одеська,Одеська,Одеський,46.4843023,30.7322878,60.5,False,2026-09-09
UA51100290000027993,Таїровська,Одеська,Одеський,46.367195,30.651262,66.0,False,2026-09-09
UA51100310000010196,Теплодарська,Одеська,Одеський,46.5050729,30.3272329,90.9,False,2026-09-09
UA51100330000051757,Усатівська,Одеська,Одеський,46.537399,30.654261,65.7,False,2026-09-09
UA51100350000087099,Фонтанська,Одеська,Одеський,46.570198,30.858065,49.9,False,2026-09-09
UA51100370000040590,Чорноморська,Одеська,Одеський,46.3020943,30.653466,66.1,False,2026-09-09
UA51100390000087217,Чорноморська,Одеська,Одеський,46.5849122,30.9334115,44.2,False,2026-09-09
UA51100410000059549,Южненська,Одеська,Одеський,46.6225029,31.0994897,31.9,False,2026-09-09
UA51100430000081326,Яськівська,Одеська,Одеський,46.517139,30.07576,110.0,False,2026-09-09
UA51120010000025020,Ананьївська,Одеська,Подільський,47.7178669,29.9601889,172.6,False,2026-09-09
UA51120030000075494,Балтська,Одеська,Подільський,47.9363162,29.6225979,207.5,False,2026-09-09
UA51120050000071748,Долинська,Одеська,Подільський,47.528999,29.910505,160.8,False,2026-09-09
UA51120070000097161,Зеленогірська,Одеська,Подільський,47.875671,30.09705,179.3,False,2026-09-09
UA51120090000035170,Кодимська,Одеська,Подільський,48.1047445,29.1285642,247.0,False,2026-09-09
UA51120110000047677,Куяльницька,Одеська,Подільський,47.728851,29.562288,195.1,False,2026-09-09
UA51120130000064324,Любашівська,Одеська,Подільський,47.8315678,30.2562335,168.4,False,2026-09-09
UA51120150000080138,Окнянська,Одеська,Подільський,47.5399,29.45881,188.8,False,2026-09-09
UA51120170000076247,Піщанська,Одеська,Подільський,48.12664,29.73278,218.0,False,2026-09-09
UA51120190000044451,Подільська,Одеська,Подільський,47.7497422,29.5304957,198.4,False,2026-09-09
UA51120210000054996,Савранська,Одеська,Подільський,48.1246576,30.0796984,202.8,False,2026-09-09
UA51120230000084853,Слобідська,Одеська,Подільський,47.885971,29.341049,219.0,False,2026-09-09
UA51140010000090773,Великомихайлівська,Одеська,Роздільнянський,47.0775384,29.8509409,138.0,False,2026-09-09
UA51140030000062458,Великоплосківська,Одеська,Роздільнянський,47.0128646,29.6667427,148.6,False,2026-09-09
UA51140050000054980,Затишанська,Одеська,Роздільнянський,47.3253391,29.8933262,148.4,False,2026-09-09
UA51140070000052649,Захарівська,Одеська,Роздільнянський,47.3429696,29.7403766,159.1,False,2026-09-09
UA51140090000048720,Лиманська,Одеська,Роздільнянський,46.6618481,29.9760782,117.6,False,2026-09-09
UA51140110000053825,Новоборисівська,Одеська,Роздільнянський,47.104568,29.990959,129.7,False,2026-09-09
UA51140130000082333,Роздільнянська,Одеська,Роздільнянський,46.8546716,30.0711363,114.1,False,2026-09-09
UA51140150000095416,Степанівська,Одеська,Роздільнянський,46.788872,29.985384,118.8,False,2026-09-09
UA51140170000019764,Цебриківська,Одеська,Роздільнянський,47.1470432,30.1054572,124.3,False,2026-09-09
UA53020010000035494,Глобинська,Полтавська,Кременчуцький,49.392047,33.2507308,227.3,False,2026-09-09
UA53020030000081709,Горішньоплавнівська,Полтавська,Кременчуцький,49.0140647,33.6330875,179.6,False,2026-09-09
UA53020050000041411,Градизька,Полтавська,Кременчуцький,49.2311773,33.1206291,213.0,False,2026-09-09
UA53020070000049284,Кам’янопотоківська,Полтавська,Кременчуцький,48.9825908,33.53248,177.7,False,2026-09-09
UA53020090000045206,Козельщинська,Полтавська,Кременчуцький,49.2136111,33.8413889,193.3,False,2026-09-09
UA53020110000092487,Кременчуцька,Полтавська,Кременчуцький,49.0629553,33.403516,189.0,False,2026-09-09
UA53020130000091122,Новогалещинська,Полтавська,Кременчуцький,49.1710646,33.7604079,190.0,False,2026-09-09
UA53020150000098867,Оболонська,Полтавська,Кременчуцький,49.5947201,32.868618,214.0,False,2026-09-09
UA53020170000049108,Омельницька,Полтавська,Кременчуцький,49.2164094,33.5524121,202.8,False,2026-09-09
UA53020190000090557,Піщанська,Полтавська,Кременчуцький,49.123642,33.398563,195.7,False,2026-09-09
UA53020210000023587,Пришибська,Полтавська,Кременчуцький,49.046856,33.733024,182.1,False,2026-09-09
UA53020230000086353,Семенівська,Полтавська,Кременчуцький,49.5972685,33.179559,203.6,False,2026-09-09
UA53040010000091190,Гребінківська,Полтавська,Лубенський,50.1206044,32.4289258,187.5,False,2026-09-09
UA53040030000088898,Лубенська,Полтавська,Лубенський,50.0118206,33.0030821,169.6,False,2026-09-09
UA53040050000091161,Новооржицька,Полтавська,Лубенський,50.022606,32.725002,180.6,False,2026-09-09
UA53040070000083099,Оржицька,Полтавська,Лубенський,49.7875449,32.6997311,202.4,False,2026-09-09
UA53040090000048649,Пирятинська,Полтавська,Лубенський,50.2361111,32.5011111,175.2,False,2026-09-09
UA53040110000034949,Хорольська,Полтавська,Лубенський,49.7822104,33.2740646,182.1,False,2026-09-09
UA53040130000097690,Чорнухинська,Полтавська,Лубенський,50.2733333,32.9383333,149.6,False,2026-09-09
UA53060010000060316,Білоцерківська,Полтавська,Миргородський,49.6792533,33.7820696,180.8,False,2026-09-09
UA53060030000045288,Великобагачанська,Полтавська,Миргородський,49.7852778,33.7213889,170.5,False,2026-09-09
UA53060050000024229,Великобудищанська,Полтавська,Миргородський,50.458488,34.1396609,90.7,False,2026-09-09
UA53060070000077527,Великосорочинська,Полтавська,Миргородський,50.023842,33.944321,140.9,False,2026-09-09
UA53060090000098426,Гадяцька,Полтавська,Миргородський,50.3701299,33.9950534,102.6,False,2026-09-09
UA53060110000084138,Гоголівська,Полтавська,Миргородський,49.9230024,33.8226184,153.8,False,2026-09-09
UA53060130000040567,Заводська,Полтавська,Миргородський,50.4052959,33.3973661,117.6,False,2026-09-09
UA53060150000093603,Комишнянська,Полтавська,Миргородський,50.1838006,33.679619,129.5,False,2026-09-09
UA53060170000064030,Краснолуцька,Полтавська,Миргородський,50.4361716,33.975914,96.0,False,2026-09-09
UA53060190000015369,Лохвицька,Полтавська,Миргородський,50.3595181,33.2741725,126.9,False,2026-09-09
UA53060210000044776,Лютенська,Полтавська,Миргородський,50.20203,34.0387209,120.1,False,2026-09-09
UA53060230000098362,Миргородська,Полтавська,Миргородський,49.9658333,33.6113889,153.9,False,2026-09-09
UA53060250000043118,Петрівсько-Роменська,Полтавська,Миргородський,50.376091,33.74794,108.0,False,2026-09-09
UA53060270000016329,Ромоданівська,Полтавська,Миргородський,49.9923481,33.3207607,159.7,False,2026-09-09
UA53060290000047345,Сенчанська,Полтавська,Миргородський,50.25691,33.3421693,133.5,False,2026-09-09
UA53060310000047988,Сергіївська,Полтавська,Миргородський,50.40081,33.7537985,105.3,False,2026-09-09
UA53060330000036503,Шишацька,Полтавська,Миргородський,49.8764366,34.0069282,156.1,False,2026-09-09
UA53080010000088479,Білицька,Полтавська,Полтавський,49.259043,34.2690187,193.0,False,2026-09-09
UA53080030000061078,Великорублівська,Полтавська,Полтавський,49.898056,34.801388,94.7,False,2026-09-09
UA53080050000011754,Диканська,Полтавська,Полтавський,49.8227778,34.5386111,111.4,False,2026-09-09
UA53080070000036333,Драбинівська,Полтавська,Полтавський,49.272533,34.592682,164.5,False,2026-09-09
UA53080090000014431,Зіньківська,Полтавська,Полтавський,50.21026,34.35768,108.3,False,2026-09-09
UA53080110000062015,Карлівська,Полтавська,Полтавський,49.4537175,35.1374845,135.0,False,2026-09-09
UA53080130000014699,Кобеляцька,Полтавська,Полтавський,49.1433333,34.2002778,181.7,False,2026-09-09
UA53080150000085889,Коломацька,Полтавська,Полтавський,49.602581,34.767609,125.7,False,2026-09-09
UA53080170000047487,Котелевська,Полтавська,Полтавський,50.0621097,34.7496951,80.9,False,2026-09-09
UA53080190000081150,Ланнівська,Полтавська,Полтавський,49.348518,35.26165,129.1,False,2026-09-09
UA53080210000072644,Мартинівська,Полтавська,Полтавський,49.51469,35.293919,111.1,False,2026-09-09
UA53080230000047239,Мачухівська,Полтавська,Полтавський,49.520832,34.427502,144.3,False,2026-09-09
UA53080250000097618,Машівська,Полтавська,Полтавський,49.4441667,34.87,140.1,False,2026-09-09
UA53080270000062586,Михайлівська,Полтавська,Полтавський,49.2994665,34.8665679,155.7,False,2026-09-09
UA53080290000024637,Нехворощанська,Полтавська,Полтавський,49.140469,34.72057,177.4,False,2026-09-09
UA53080310000072384,Новосанжарська,Полтавська,Полтавський,49.3338321,34.3148631,166.5,False,2026-09-09
UA53080330000062155,Новоселівська,Полтавська,Полтавський,49.627499,34.687222,125.4,False,2026-09-09
UA53080350000070563,Опішнянська,Полтавська,Полтавський,49.9570991,34.6100455,96.2,False,2026-09-09
UA53080370000025447,Полтавська,Полтавська,Полтавський,49.5897423,34.5507948,133.4,False,2026-09-09
UA53080390000027656,Решетилівська,Полтавська,Полтавський,49.5586111,34.0791667,154.5,False,2026-09-09
UA53080410000094938,Скороходівська,Полтавська,Полтавський,49.7726802,35.0715767,101.1,False,2026-09-09
UA53080430000085474,Терешківська,Полтавська,Полтавський,49.551945,34.618332,135.1,False,2026-09-09
UA53080450000087891,Чутівська,Полтавська,Полтавський,49.7216667,35.1694444,105.2,False,2026-09-09
UA53080470000053547,Щербанівська,Полтавська,Полтавський,49.531666,34.536945,139.6,False,2026-09-09
UA56020010000027956,Антонівська,Рівненська,Вараський,51.314251,26.303492,649.1,False,2026-09-09
UA56020030000068439,Вараська,Рівненська,Вараський,51.3481736,25.8500623,671.8,False,2026-09-09
UA56020050000087443,Володимирецька,Рівненська,Вараський,51.4197839,26.1392078,665.4,False,2026-09-09
UA56020070000060676,Зарічненська,Рівненська,Вараський,51.811589,26.1283792,700.6,False,2026-09-09
UA56020090000066575,Каноницька,Рівненська,Вараський,51.442612,26.22209,663.8,False,2026-09-09
UA56020110000024586,Локницька,Рівненська,Вараський,51.821087,25.829954,713.7,False,2026-09-09
UA56020130000066130,Полицька,Рівненська,Вараський,51.2663942,26.0606965,655.5,False,2026-09-09
UA56020150000079107,Рафалівська,Рівненська,Вараський,51.30718,26.00018,661.7,False,2026-09-09
UA56040010000048910,Бокіймівська,Рівненська,Дубенський,50.4842359,25.4690282,621.3,False,2026-09-09
UA56040030000031906,Боремельська,Рівненська,Дубенський,50.4710604,25.1931736,635.0,False,2026-09-09
UA56040050000074861,Варковицька,Рівненська,Дубенський,50.4709226,25.9708915,594.4,False,2026-09-09
UA56040070000046270,Вербська,Рівненська,Дубенський,50.280323,25.590887,599.8,False,2026-09-09
UA56040090000093293,Демидівська,Рівненська,Дубенський,50.4275033,25.3368641,624.1,False,2026-09-09
UA56040110000061997,Дубенська,Рівненська,Дубенський,50.4187918,25.7455972,601.9,False,2026-09-09
UA56040130000011543,Козинська,Рівненська,Дубенський,50.266911,25.465281,605.6,False,2026-09-09
UA56040150000039275,Крупецька,Рівненська,Дубенський,50.157913,25.3102618,606.4,False,2026-09-09
UA56040170000050651,Мирогощанська,Рівненська,Дубенський,50.4226262,25.8526524,596.7,False,2026-09-09
UA56040190000045841,Млинівська,Рівненська,Дубенський,50.5118774,25.6126259,615.9,False,2026-09-09
UA56040210000047101,Острожецька,Рівненська,Дубенський,50.667568,25.53978,631.5,False,2026-09-09
UA56040230000032182,Підлозцівська,Рівненська,Дубенський,50.581387,25.362623,634.1,False,2026-09-09
UA56040250000064519,Повчанська,Рівненська,Дубенський,50.374359,25.508934,611.1,False,2026-09-09
UA56040270000014394,Привільненська,Рівненська,Дубенський,50.463982,25.809629,602.1,False,2026-09-09
UA56040290000025511,Радивилівська,Рівненська,Дубенський,50.1279775,25.2487069,607.8,False,2026-09-09
UA56040310000052028,Семидубська,Рівненська,Дубенський,50.3424625,25.8134402,592.6,False,2026-09-09
UA56040330000091100,Смизька,Рівненська,Дубенський,50.2382136,25.7629956,587.5,False,2026-09-09
UA56040350000014945,Тараканівська,Рівненська,Дубенський,50.381725,25.708364,601.1,False,2026-09-09
UA56040370000063056,Ярославицька,Рівненська,Дубенський,50.6414963,25.4288029,635.2,False,2026-09-09
UA56060010000018261,Бабинська,Рівненська,Рівненський,50.6036507,26.5228893,578.4,False,2026-09-09
UA56060030000057923,Березнівська,Рівненська,Рівненський,51.0035653,26.7524487,602.6,False,2026-09-09
UA56060050000010769,Білокриницька,Рівненська,Рівненський,50.606121,26.389851,584.8,False,2026-09-09
UA56060070000034529,Бугринська,Рівненська,Рівненський,50.5426,26.5258,573.1,False,2026-09-09
UA56060090000066065,Великомежиріцька,Рівненська,Рівненський,50.6597992,26.8631128,567.7,False,2026-09-09
UA56060110000087064,Великоомелянська,Рівненська,Рівненський,50.595852,26.1067807,597.6,False,2026-09-09
UA56060130000072276,Головинська,Рівненська,Рівненський,50.893478,26.29097,613.4,False,2026-09-09
UA56060150000079268,Городоцька,Рівненська,Рівненський,50.685879,26.174353,601.6,False,2026-09-09
UA56060170000073171,Гощанська,Рівненська,Рівненський,50.60466,26.6827977,571.1,False,2026-09-09
UA56060190000073111,Деражненська,Рівненська,Рівненський,50.862228,26.047899,622.1,False,2026-09-09
UA56060210000017052,Дядьковицька,Рівненська,Рівненський,50.6068,26.050301,601.2,False,2026-09-09
UA56060230000076543,Здовбицька,Рівненська,Рівненський,50.4993307,26.2484113,582.9,False,2026-09-09
UA56060250000052338,Здолбунівська,Рівненська,Рівненський,50.518994,26.2431096,584.7,False,2026-09-09
UA56060270000047362,Зорянська,Рівненська,Рівненський,50.726673,26.028698,611.9,False,2026-09-09
UA56060290000044465,Клеванська,Рівненська,Рівненський,50.7464848,26.006327,614.6,False,2026-09-09
UA56060310000066585,Корецька,Рівненська,Рівненський,50.6194566,27.159712,551.3,False,2026-09-09
UA56060330000075139,Корнинська,Рівненська,Рівненський,50.5565086,26.2910576,585.4,False,2026-09-09
UA56060350000045909,Костопільська,Рівненська,Рівненський,50.8792198,26.4533981,604.8,False,2026-09-09
UA56060370000023028,Малинська,Рівненська,Рівненський,51.097408,26.551901,619.4,False,2026-09-09
UA56060390000090915,Малолюбашанська,Рівненська,Рівненський,50.839256,26.517658,598.5,False,2026-09-09
UA56060410000055190,Мізоцька,Рівненська,Рівненський,50.3983189,26.141333,580.2,False,2026-09-09
UA56060430000081857,Олександрійська,Рівненська,Рівненський,50.731873,26.3455835,597.3,False,2026-09-09
UA56060450000083945,Острозька,Рівненська,Рівненський,50.329021,26.5203627,555.9,False,2026-09-09
UA56060470000086729,Рівненська,Рівненська,Рівненський,50.6196175,26.2513165,592.5,False,2026-09-09
UA56060490000031684,Соснівська,Рівненська,Рівненський,50.8266045,26.9950145,576.7,False,2026-09-09
UA56060510000062151,Шпанівська,Рівненська,Рівненський,50.660019,26.26659,595.1,False,2026-09-09
UA56080010000083302,Березівська,Рівненська,Сарненський,51.58424,27.350121,633.4,False,2026-09-09
UA56080030000069650,Вирівська,Рівненська,Сарненський,51.2404371,26.9468831,616.0,False,2026-09-09
UA56080050000068593,Висоцька,Рівненська,Сарненський,51.7236599,26.6602392,671.7,False,2026-09-09
UA56080070000040721,Дубровицька,Рівненська,Сарненський,51.5709462,26.5660889,661.3,False,2026-09-09
UA56080090000098391,Клесівська,Рівненська,Сарненський,51.31233,26.88835,624.9,False,2026-09-09
UA56080110000056503,Миляцька,Рівненська,Сарненський,51.674639,26.7442186,663.9,False,2026-09-09
UA56080130000056682,Немовицька,Рівненська,Сарненський,51.259498,26.6333614,630.4,False,2026-09-09
UA56080150000069525,Рокитнівська,Рівненська,Сарненський,51.2700302,27.2184767,608.3,False,2026-09-09
UA56080170000055864,Сарненська,Рівненська,Сарненський,51.3350028,26.6171275,637.8,False,2026-09-09
UA56080190000032614,Старосільська,Рівненська,Сарненський,51.612049,27.130051,643.8,False,2026-09-09
UA56080210000074337,Степанська,Рівненська,Сарненський,51.1331321,26.3058758,633.2,False,2026-09-09
UA59020010000024157,Бочечківська,Сумська,Конотопський,51.30048,33.429016,66.2,False,2026-09-09
UA59020030000072865,Буринська,Сумська,Конотопський,51.1960431,33.8288042,39.2,False,2026-09-09
UA59020050000012539,Дубов’язівська,Сумська,Конотопський,51.132481,33.37846,71.4,False,2026-09-09
UA59020070000032449,Конотопська,Сумська,Конотопський,51.2397495,33.206675,81.7,False,2026-09-09
UA59020090000085438,Кролевецька,Сумська,Конотопський,51.5548654,33.3875984,65.3,False,2026-09-09
UA59020110000066430,Новослобідська,Сумська,Конотопський,51.3749282,34.132125,20.7,False,2026-09-09
UA59020130000060377,Попівська,Сумська,Конотопський,51.252941,33.124119,87.3,False,2026-09-09
UA59020150000078955,Путивльська,Сумська,Конотопський,51.3359821,33.8715451,36.0,False,2026-09-09
UA59040010000075530,Боромлянська,Сумська,Охтирський,50.619511,34.967079,31.1,False,2026-09-09
UA59040030000060142,Великописарівська,Сумська,Охтирський,50.4253238,35.4838569,25.6,False,2026-09-09
UA59040050000033127,Грунська,Сумська,Охтирський,50.237522,34.606243,73.4,False,2026-09-09
UA59040070000045520,Кириківська,Сумська,Охтирський,50.337784,35.143055,40.0,False,2026-09-09
UA59040090000041737,Комишанська,Сумська,Охтирський,50.303745,34.472309,94.3,False,2026-09-09
UA59040110000026694,Охтирська,Сумська,Охтирський,50.3115386,34.8868923,53.2,False,2026-09-09
UA59040130000041676,Тростянецька,Сумська,Охтирський,50.48046,34.96467,37.0,False,2026-09-09
UA59040150000076482,Чернеччинська,Сумська,Охтирський,50.308109,34.80949,57.4,False,2026-09-09
UA59040170000054314,Чупахівська,Сумська,Охтирський,50.379852,34.584534,83.9,False,2026-09-09
UA59060010000042952,Андріяшівська,Сумська,Роменський,50.563202,33.381611,104.6,False,2026-09-09
UA59060030000069916,Вільшанська,Сумська,Роменський,50.819687,34.022835,55.1,False,2026-09-09
UA59060050000060884,Коровинська,Сумська,Роменський,50.809021,33.767509,66.2,False,2026-09-09
UA59060070000040784,Липоводолинська,Сумська,Роменський,50.5637857,33.7990004,87.6,False,2026-09-09
UA59060090000012687,Недригайлівська,Сумська,Роменський,50.8358991,33.8782826,59.0,False,2026-09-09
UA59060110000049734,Роменська,Сумська,Роменський,50.74207,33.4877,85.5,False,2026-09-09
UA59060130000041204,Синівська,Сумська,Роменський,50.540791,34.091232,82.5,False,2026-09-09
UA59060150000055022,Хмелівська,Сумська,Роменський,50.881458,33.491482,75.6,False,2026-09-09
UA59080010000078468,Бездрицька,Сумська,Сумський,50.8669963,34.9476605,26.3,False,2026-09-09
UA59080030000075526,Білопільська,Сумська,Сумський,51.1460449,34.3121992,13.6,False,2026-09-09
UA59080050000061215,Верхньосироватська,Сумська,Сумський,50.831184,34.94207,30.3,False,2026-09-09
UA59080070000062635,Ворожбянська,Сумська,Сумський,51.1722411,34.2245008,15.1,False,2026-09-09
UA59080090000092991,Краснопільська,Сумська,Сумський,50.7712539,35.2563391,9.5,False,2026-09-09
UA59080110000034361,Лебединська,Сумська,Сумський,50.5814148,34.4761301,66.3,False,2026-09-09
UA59080130000022249,Миколаївська,Сумська,Сумський,50.9395138,34.3729195,35.6,False,2026-09-09
UA59080150000013842,Миколаївська,Сумська,Сумський,50.9395138,34.3729195,35.6,False,2026-09-09
UA59080170000056499,Миропільська,Сумська,Сумський,51.0273334,35.2470264,5.3,False,2026-09-09
UA59080190000095280,Нижньосироватська,Сумська,Сумський,50.784302,34.829411,37.0,False,2026-09-09
UA59080210000075243,Річківська,Сумська,Сумський,51.1202488,34.4951996,17.3,False,2026-09-09
UA59080230000084731,Садівська,Сумська,Сумський,50.881664,34.71088,27.8,False,2026-09-09
UA59080250000082875,Степанівська,Сумська,Сумський,50.9417042,34.6422099,24.6,False,2026-09-09
UA59080270000073662,Сумська,Сумська,Сумський,50.9119775,34.8027723,23.0,False,2026-09-09
UA59080290000021284,Хотінська,Сумська,Сумський,51.0786763,34.78001,6.1,False,2026-09-09
UA59080310000049988,Юнаківська,Сумська,Сумський,51.1227143,35.032302,1.0,True,2026-09-09
UA59100010000064812,Березівська,Сумська,Шосткинський,51.7311446,33.8753315,29.1,False,2026-09-09
UA59100030000078744,Глухівська,Сумська,Шосткинський,51.67831,33.9093,27.1,False,2026-09-09
UA59100050000059594,Дружбівська,Сумська,Шосткинський,52.0476694,33.9429257,35.3,False,2026-09-09
UA59100070000019079,Есманьська,Сумська,Шосткинський,51.767231,34.06345,17.0,False,2026-09-09
UA59100090000041284,Зноб-Новгородська,Сумська,Шосткинський,52.264019,33.598251,68.8,False,2026-09-09
UA59100110000012703,Свеська,Сумська,Шосткинський,51.94816,33.93299,30.5,False,2026-09-09
UA59100130000041016,Середино-Будська,Сумська,Шосткинський,52.1886906,34.0306022,42.7,False,2026-09-09
UA59100150000074932,Шалигинська,Сумська,Шосткинський,51.575661,34.099838,20.5,False,2026-09-09
UA59100170000093676,Шосткинська,Сумська,Шосткинський,51.8643223,33.4728213,59.0,False,2026-09-09
UA59100190000010734,Ямпільська,Сумська,Шосткинський,51.9481126,33.778454,43.7,False,2026-09-09
UA61020010000028670,Борсуківська,Тернопільська,Кременецький,49.88651,25.98335,550.1,False,2026-09-09
UA61020030000060484,Великодедеркальська,Тернопільська,Кременецький,50.0265257,26.1233693,552.7,False,2026-09-09
UA61020050000098539,Вишнівецька,Тернопільська,Кременецький,49.90162,25.75127,564.0,False,2026-09-09
UA61020070000092368,Кременецька,Тернопільська,Кременецький,50.0960966,25.7260783,579.1,False,2026-09-09
UA61020090000020422,Лановецька,Тернопільська,Кременецький,49.8734191,26.0780148,543.9,False,2026-09-09
UA61020110000084342,Лопушненська,Тернопільська,Кременецький,49.92222,25.46734,581.4,False,2026-09-09
UA61020130000037505,Почаївська,Тернопільська,Кременецький,50.0017638,25.5110926,584.4,False,2026-09-09
UA61020150000036935,Шумська,Тернопільська,Кременецький,50.1183638,26.1186214,559.8,False,2026-09-09
UA61040010000042862,Байковецька,Тернопільська,Тернопільський,49.5529251,25.6621317,546.0,False,2026-09-09
UA61040030000060956,Бережанська,Тернопільська,Тернопільський,49.4450296,24.938854,583.4,False,2026-09-09
UA61040050000096355,Білецька,Тернопільська,Тернопільський,49.5852204,25.57982,553.0,False,2026-09-09
UA61040070000079091,Великоберезовицька,Тернопільська,Тернопільський,49.5019863,25.6112886,545.8,False,2026-09-09
UA61040090000047241,Великобірківська,Тернопільська,Тернопільський,49.5244111,25.7547038,538.8,False,2026-09-09
UA61040110000010646,Великогаївська,Тернопільська,Тернопільський,49.525681,25.638309,545.7,False,2026-09-09
UA61040130000085402,Залозецька,Тернопільська,Тернопільський,49.8022871,25.3836982,578.3,False,2026-09-09
UA61040150000098181,Збаразька,Тернопільська,Тернопільський,49.6607393,25.7768485,546.2,False,2026-09-09
UA61040170000086062,Зборівська,Тернопільська,Тернопільський,49.6645222,25.1386197,584.2,False,2026-09-09
UA61040190000027979,Золотниківська,Тернопільська,Тернопільський,49.29256,25.37567,547.6,False,2026-09-09
UA61040210000084270,Іванівська,Тернопільська,Тернопільський,49.27608,25.82851,518.8,False,2026-09-09
UA61040230000060213,Козівська,Тернопільська,Тернопільський,49.4332743,25.1484661,569.8,False,2026-09-09
UA61040250000021345,Козлівська,Тернопільська,Тернопільський,49.55658,25.33962,565.5,False,2026-09-09
UA61040270000064661,Купчинецька,Тернопільська,Тернопільський,49.45084,25.35645,558.1,False,2026-09-09
UA61040290000047781,Микулинецька,Тернопільська,Тернопільський,49.39968,25.60261,540.0,False,2026-09-09
UA61040310000059301,Нараївська,Тернопільська,Тернопільський,49.5298,24.775539,598.4,False,2026-09-09
UA61040330000096161,Озернянська,Тернопільська,Тернопільський,49.627991,25.33173,570.4,False,2026-09-09
UA61040350000078247,Підволочиська,Тернопільська,Тернопільський,49.531358,26.1440799,516.4,False,2026-09-09
UA61040370000060170,Підгаєцька,Тернопільська,Тернопільський,49.2680238,25.1361578,561.2,False,2026-09-09
UA61040390000066619,Підгороднянська,Тернопільська,Тернопільський,49.5386922,25.5198852,553.6,False,2026-09-09
UA61040410000065219,Саранчуківська,Тернопільська,Тернопільський,49.35676,24.98428,575.6,False,2026-09-09
UA61040430000018305,Скалатська,Тернопільська,Тернопільський,49.4247925,25.9775084,519.0,False,2026-09-09
UA61040450000064468,Скориківська,Тернопільська,Тернопільський,49.59949,26.13888,521.3,False,2026-09-09
UA61040470000038207,Теребовлянська,Тернопільська,Тернопільський,49.2960742,25.692491,528.3,False,2026-09-09
UA61040490000035010,Тернопільська,Тернопільська,Тернопільський,49.5557716,25.591886,550.4,False,2026-09-09
UA61060010000070653,Білобожницька,Тернопільська,Чортківський,49.0487543,25.6754577,515.0,False,2026-09-09
UA61060030000070527,Більче-Золотецька,Тернопільська,Чортківський,48.7752966,25.8779034,487.3,False,2026-09-09
UA61060050000068464,Борщівська,Тернопільська,Чортківський,48.8025557,26.0401871,478.3,False,2026-09-09
UA61060070000098188,Бучацька,Тернопільська,Чортківський,49.0630503,25.389969,533.9,False,2026-09-09
UA61060090000060396,Васильковецька,Тернопільська,Чортківський,49.09275,26.07502,492.7,False,2026-09-09
UA61060110000078824,Гримайлівська,Тернопільська,Чортківський,49.33205,26.00979,511.4,False,2026-09-09
UA61060130000045755,Гусятинська,Тернопільська,Чортківський,49.0707755,26.1996027,483.7,False,2026-09-09
UA61060150000032895,Заводська,Тернопільська,Чортківський,48.9995988,25.8551013,500.9,False,2026-09-09
UA61060170000051011,Заліщицька,Тернопільська,Чортківський,48.6402658,25.735898,489.8,False,2026-09-09
UA61060190000016283,Золотопотіцька,Тернопільська,Чортківський,48.90907,25.34271,528.9,False,2026-09-09
UA61060210000021722,Іване-Пустенська,Тернопільська,Чортківський,48.6450356,26.1868312,460.5,False,2026-09-09
UA61060230000067504,Колиндянська,Тернопільська,Чортківський,48.96229,25.95314,492.7,False,2026-09-09
UA61060250000062700,Копичинецька,Тернопільська,Чортківський,49.1068616,25.9085276,503.8,False,2026-09-09
UA61060270000084790,Коропецька,Тернопільська,Чортківський,48.9331,25.17414,541.1,False,2026-09-09
UA61060290000038953,Мельнице-Подільська,Тернопільська,Чортківський,48.60626,26.16428,460.0,False,2026-09-09
UA61060310000061998,Монастириська,Тернопільська,Чортківський,49.0908395,25.1717816,549.3,False,2026-09-09
UA61060330000041227,Нагірянська,Тернопільська,Чортківський,48.9362519,25.7400693,504.7,False,2026-09-09
UA61060350000024021,Скала-Подільська,Тернопільська,Чортківський,48.846608,26.2016053,470.5,False,2026-09-09
UA61060370000081851,Товстенська,Тернопільська,Чортківський,48.84487,25.72586,500.8,False,2026-09-09
UA61060390000013361,Трибухівська,Тернопільська,Чортківський,49.0436328,25.45807,528.5,False,2026-09-09
UA61060410000092242,Хоростківська,Тернопільська,Чортківський,49.2121531,25.9168525,509.5,False,2026-09-09
UA61060430000094264,Чортківська,Тернопільська,Чортківський,49.0160555,25.7925191,505.8,False,2026-09-09
UA63020010000079018,Богодухівська,Харківська,Богодухівський,50.1601711,35.5220539,40.3,False,2026-09-09
UA63020030000094096,Валківська,Харківська,Богодухівський,49.8305999,35.6088208,70.4,False,2026-09-09
UA63020050000045982,Золочівська,Харківська,Богодухівський,50.2790531,35.9824347,17.0,False,2026-09-09
UA63020070000090466,Коломацька,Харківська,Богодухівський,49.8436,35.31349,90.5,False,2026-09-09
UA63020090000096294,Краснокутська,Харківська,Богодухівський,50.0625892,35.1647821,68.2,False,2026-09-09
UA63040010000010092,Балаклійська,Харківська,Ізюмський,49.4521336,36.8397826,88.3,False,2026-09-09
UA63040030000052515,Барвінківська,Харківська,Ізюмський,48.9070045,37.0287573,52.7,False,2026-09-09
UA63040050000042831,Борівська,Харківська,Ізюмський,49.3838133,37.6330137,5.2,False,2026-09-09
UA63040070000092606,Донецька,Харківська,Ізюмський,49.50817,36.57623,81.4,False,2026-09-09
UA63040090000021240,Ізюмська,Харківська,Ізюмський,49.1913721,37.2784125,30.3,False,2026-09-09
UA63040110000053205,Куньєвська,Харківська,Ізюмський,49.392471,37.246738,31.3,False,2026-09-09
UA63040130000098894,Оскільська,Харківська,Ізюмський,49.173799,37.4273429,19.3,False,2026-09-09
UA63040150000053402,Савинська,Харківська,Ізюмський,49.39625,37.05036,45.4,False,2026-09-09
UA63060010000015783,Зачепилівська,Харківська,Красноградський,49.1954572,35.2408676,145.7,False,2026-09-09
UA63060030000041642,Кегичівська,Харківська,Красноградський,49.2862713,35.7694811,117.7,False,2026-09-09
UA63060050000033240,Красноградська,Харківська,Красноградський,49.3741326,35.4494234,122.3,False,2026-09-09
UA63060070000031032,Наталинська,Харківська,Красноградський,49.346809,35.47588,124.8,False,2026-09-09
UA63060090000041888,Сахновщинська,Харківська,Красноградський,49.1517351,35.875332,129.4,False,2026-09-09
UA63060110000043554,Старовірівська,Харківська,Красноградський,49.55555,35.748138,98.1,False,2026-09-09
UA63080010000040281,Великобурлуцька,Харківська,Куп’янський,50.05422,37.38939,21.0,False,2026-09-09
UA63080030000019649,Вільхуватська,Харківська,Куп’янський,50.185158,37.5181193,4.0,False,2026-09-09
UA63080050000048455,Дворічанська,Харківська,Куп’янський,49.8509377,37.682613,1.1,True,2026-09-09
UA63080070000080622,Кіндрашівська,Харківська,Куп’янський,49.769779,37.586632,2.4,False,2026-09-09
UA63080090000067457,Куп’янська,Харківська,Куп’янський,49.7132963,37.6141992,5.6,False,2026-09-09
UA63080110000021737,Курилівська,Харківська,Куп’янський,49.6604248,37.6984775,1.1,False,2026-09-09
UA63080130000077600,Петропавлівська,Харківська,Куп’янський,49.7165773,37.7192491,2.3,False,2026-09-09
UA63080150000094794,Шевченківська,Харківська,Куп’янський,49.6949729,37.1753112,32.9,False,2026-09-09
UA63100010000016136,Біляївська,Харківська,Лозівський,49.26566055,36.309462614397674,109.2,False,2026-09-09
UA63100030000050119,Близнюківська,Харківська,Лозівський,48.85311,36.55186,66.5,False,2026-09-09
UA63100050000079487,Лозівська,Харківська,Лозівський,48.8842428,36.3160254,79.7,False,2026-09-09
UA63100070000048302,Олексіївська,Харківська,Лозівський,49.394455,36.284039,95.6,False,2026-09-09
UA63100090000052019,Первомайська,Харківська,Лозівський,49.37393,36.22089,98.5,False,2026-09-09
UA63120010000021682,Безлюдівська,Харківська,Харківський,49.87072,36.29848,43.5,False,2026-09-09
UA63120030000035245,Височанська,Харківська,Харківський,49.8911681,36.1286649,45.6,False,2026-09-09
UA63120050000019867,Вільхівська,Харківська,Харківський,49.98745,36.513748,27.9,False,2026-09-09
UA63120070000018741,Дергачівська,Харківська,Харківський,50.107307,36.1205965,28.9,False,2026-09-09
UA63120090000046130,Липецька,Харківська,Харківський,50.203121,36.422314,5.4,False,2026-09-09
UA63120110000043456,Люботинська,Харківська,Харківський,49.9435604,35.9185185,54.0,False,2026-09-09
UA63120130000010762,Малоданилівська,Харківська,Харківський,50.0561227,36.1706244,27.7,False,2026-09-09
UA63120150000086206,Мереф’янська,Харківська,Харківський,49.8183386,36.0628675,54.9,False,2026-09-09
UA63120170000093573,Нововодолазька,Харківська,Харківський,49.7181212,35.8601594,79.2,False,2026-09-09
UA63120190000093717,Південноміська,Харківська,Харківський,49.8847449,36.0666511,48.0,False,2026-09-09
UA63120210000075842,Пісочинська,Харківська,Харківський,49.9622881,36.1239316,38.5,False,2026-09-09
UA63120230000080742,Роганська,Харківська,Харківський,49.9035,36.479103,37.3,False,2026-09-09
UA63120250000081463,Солоницівська,Харківська,Харківський,49.984881,36.0681717,43.0,False,2026-09-09
UA63120270000028556,Харківська,Харківська,Харківський,49.9923181,36.2310146,32.5,False,2026-09-09
UA63120290000021734,Циркунівська,Харківська,Харківський,50.08289,36.385342,19.1,False,2026-09-09
UA63140010000049419,Вовчанська,Харківська,Чугуївський,50.2928843,36.9370028,1.1,True,2026-09-09
UA63140030000091352,Зміївська,Харківська,Чугуївський,49.6815177,36.354776,63.3,False,2026-09-09
UA63140050000096783,Малинівська,Харківська,Чугуївський,49.8006602,36.7180703,49.8,False,2026-09-09
UA63140070000015310,Новопокровська,Харківська,Чугуївський,49.8377053,36.5549759,44.7,False,2026-09-09
UA63140090000052369,Печенізька,Харківська,Чугуївський,49.865444,36.9391629,42.7,False,2026-09-09
UA63140110000087562,Слобожанська,Харківська,Чугуївський,49.5989864,36.5242153,71.1,False,2026-09-09
UA63140130000029212,Старосалтівська,Харківська,Чугуївський,50.0760423,36.7936724,18.9,False,2026-09-09
UA63140150000093944,Чкаловська,Харківська,Чугуївський,49.7154088,36.9345851,59.4,False,2026-09-09
UA63140170000087785,Чугуївська,Харківська,Чугуївський,49.8363648,36.6898157,46.1,False,2026-09-09
UA65020010000060480,Бериславська,Херсонська,Бериславський,46.8357749,33.416743,4.3,False,2026-09-09
UA65020030000094118,Борозенська,Херсонська,Бериславський,47.17358,33.42384,28.7,False,2026-09-09
UA65020050000086746,Великоолександрівська,Херсонська,Бериславський,47.3159392,33.2997671,46.7,False,2026-09-09
UA65020070000029027,Високопільська,Херсонська,Бериславський,47.4933112,33.528245,46.4,False,2026-09-09
UA65020090000016354,Калинівська,Херсонська,Бериславський,47.114868,32.974091,42.2,False,2026-09-09
UA65020110000081240,Кочубеївська,Херсонська,Бериславський,47.496677,33.212185,66.7,False,2026-09-09
UA65020130000012731,Милівська,Херсонська,Бериславський,47.0680292,33.6281919,9.7,False,2026-09-09
UA65020150000047137,Нововоронцовська,Херсонська,Бериславський,47.4957983,33.9198174,12.9,False,2026-09-09
UA65020170000056973,Новоолександрівська,Херсонська,Бериславський,47.267643,33.874374,9.5,False,2026-09-09
UA65020190000013272,Новорайська,Херсонська,Бериславський,47.01033,33.48671,16.6,False,2026-09-09
UA65020210000085773,Тягинська,Херсонська,Бериславський,46.776348,33.059231,4.4,False,2026-09-09
UA65040010000061104,Генічеська,Херсонська,Генічеський,46.1661695,34.8088828,1.9,True,2026-09-09
UA65040030000056170,Іванівська,Херсонська,Генічеський,46.70837,34.54479,60.7,True,2026-09-09
UA65040050000029613,Нижньосірогозька,Херсонська,Генічеський,46.8457,34.37725,51.1,True,2026-09-09
UA65040070000086673,Новотроїцька,Херсонська,Генічеський,46.3558121,34.3363579,42.0,True,2026-09-09
UA65060010000033335,Асканія-Нова,Херсонська,Каховський,46.4511096,33.8685565,39.4,True,2026-09-09
UA65060030000075716,Великолепетиська,Херсонська,Каховський,47.178599,33.9428266,0.9,True,2026-09-09
UA65060050000022914,Верхньорогачицька,Херсонська,Каховський,47.2569402,34.3339303,19.3,True,2026-09-09
UA65060070000037346,Горностаївська,Херсонська,Каховський,47.00706,33.7317445,0.8,True,2026-09-09
UA65060090000037720,Зеленопідська,Херсонська,Каховський,46.6776024,33.7825062,20.9,True,2026-09-09
UA65060110000017055,Каховська,Херсонська,Каховський,46.8054626,33.4817825,1.7,True,2026-09-09
UA65060130000026961,Костянтинівська,Херсонська,Каховський,46.83025,33.86639,16.8,True,2026-09-09
UA65060150000054200,Любимівська,Херсонська,Каховський,46.8115514,33.5646046,0.7,True,2026-09-09
UA65060170000032937,Новокаховська,Херсонська,Каховський,46.7583404,33.3566678,0.5,True,2026-09-09
UA65060190000091058,Присиваська,Херсонська,Каховський,46.28986,33.73524,18.7,True,2026-09-09
UA65060210000049771,Рубанівська,Херсонська,Каховський,47.002258,34.15546,27.2,True,2026-09-09
UA65060230000076026,Тавричанська,Херсонська,Каховський,46.5515874,33.8199563,34.4,True,2026-09-09
UA65060250000073379,Таврійська,Херсонська,Каховський,46.7550442,33.4248309,2.8,True,2026-09-09
UA65060270000020124,Хрестівська,Херсонська,Каховський,46.402821,33.717041,29.7,True,2026-09-09
UA65060290000041992,Чаплинська,Херсонська,Каховський,46.3617756,33.5380219,23.0,True,2026-09-09
UA65080010000062554,Бехтерська,Херсонська,Скадовський,46.2458348,32.2929002,8.5,True,2026-09-09
UA65080030000058401,Голопристанська,Херсонська,Скадовський,46.5320381,32.5345028,0.6,True,2026-09-09
UA65080050000077041,Долматівська,Херсонська,Скадовський,46.215474,32.4573135,14.5,True,2026-09-09
UA65080070000011930,Каланчацька,Херсонська,Скадовський,46.257184,33.2843632,12.1,True,2026-09-09
UA65080090000034188,Лазурненська,Херсонська,Скадовський,46.0861011,32.5275975,1.9,True,2026-09-09
UA65080110000032706,Мирненська,Херсонська,Скадовський,46.246253,33.4684744,13.7,True,2026-09-09
UA65080130000090391,Новомиколаївська,Херсонська,Скадовський,46.22635,32.73582,12.1,True,2026-09-09
UA65080150000042499,Скадовська,Херсонська,Скадовський,46.1203932,32.910339,1.4,True,2026-09-09
UA65080170000067222,Чулаківська,Херсонська,Скадовський,46.361961,32.358509,11.2,True,2026-09-09
UA65100010000048953,Білозерська,Херсонська,Херсонський,46.63078,32.44537,11.3,False,2026-09-09
UA65100030000028786,Великокопанівська,Херсонська,Херсонський,46.488186,32.978374,21.9,True,2026-09-09
UA65100050000017921,Виноградівська,Херсонська,Херсонський,46.371922,32.939411,25.7,True,2026-09-09
UA65100070000064512,Дар’ївська,Херсонська,Херсонський,46.7482855,32.7930469,9.9,False,2026-09-09
UA65100090000097337,Музиківська,Херсонська,Херсонський,46.752075,32.556637,17.5,False,2026-09-09
UA65100110000015344,Олешківська,Херсонська,Херсонський,46.6260908,32.7220187,0.6,True,2026-09-09
UA65100130000084882,Станіславська,Херсонська,Херсонський,46.5798817,32.1491826,9.2,False,2026-09-09
UA65100150000057191,Херсонська,Херсонська,Херсонський,46.6412644,32.625794,5.0,False,2026-09-09
UA65100170000014054,Чорнобаївська,Херсонська,Херсонський,46.6926512,32.5455178,15.4,False,2026-09-09
UA65100190000073217,Ювілейна,Херсонська,Херсонський,46.48584,33.212002,29.8,True,2026-09-09
UA68020010000017180,Гуківська,Хмельницька,Кам’янець-Подільський,48.847858,26.238096,468.3,False,2026-09-09
UA68020030000032574,Гуменецька,Хмельницька,Кам’янець-Подільський,48.75877595,26.6191037579288,439.3,False,2026-09-09
UA68020050000040518,Дунаєвецька,Хмельницька,Кам’янець-Подільський,48.886649,26.8476798,433.0,False,2026-09-09
UA68020070000084437,Жванецька,Хмельницька,Кам’янець-Подільський,48.550991,26.488041,436.0,False,2026-09-09
UA68020090000037732,Закупненська,Хмельницька,Кам’янець-Подільський,49.1205929,26.3381922,478.4,False,2026-09-09
UA68020110000071202,Кам’янець-Подільська,Хмельницька,Кам’янець-Подільський,48.6879663,26.6019747,436.3,False,2026-09-09
UA68020130000052994,Китайгородська,Хмельницька,Кам’янець-Подільський,48.646431,26.797029,421.6,False,2026-09-09
UA68020150000089666,Маківська,Хмельницька,Кам’янець-Подільський,48.795036,26.691282,436.9,False,2026-09-09
UA68020170000033495,Новодунаєвецька,Хмельницька,Кам’янець-Подільський,49.02305,26.84338,441.9,False,2026-09-09
UA68020190000052031,Новоушицька,Хмельницька,Кам’янець-Подільський,48.83062,27.26678,404.3,False,2026-09-09
UA68020210000024765,Орининська,Хмельницька,Кам’янець-Подільський,48.7600952,26.3885598,453.8,False,2026-09-09
UA68020230000069135,Слобідсько-Кульчієвецька,Хмельницька,Кам’янець-Подільський,48.66222,26.645969,432.0,False,2026-09-09
UA68020250000080044,Смотрицька,Хмельницька,Кам’янець-Подільський,48.94993,26.55808,454.5,False,2026-09-09
UA68020270000040572,Староушицька,Хмельницька,Кам’янець-Подільський,48.5970533,27.0742366,401.4,False,2026-09-09
UA68020290000026103,Чемеровецька,Хмельницька,Кам’янець-Подільський,49.0087176,26.3405624,471.4,False,2026-09-09
UA68040010000025276,Антонінська,Хмельницька,Хмельницький,49.81029,26.86466,497.5,False,2026-09-09
UA68040030000027335,Війтовецька,Хмельницька,Хмельницький,49.4932735,26.4448161,496.7,False,2026-09-09
UA68040050000052367,Віньковецька,Хмельницька,Хмельницький,49.0347398,27.2320952,420.2,False,2026-09-09
UA68040070000035730,Вовковинецька,Хмельницька,Хмельницький,49.2073568,27.6559732,409.8,False,2026-09-09
UA68040090000087566,Волочиська,Хмельницька,Хмельницький,49.5358446,26.2126215,512.8,False,2026-09-09
UA68040110000011931,Гвардійська,Хмельницька,Хмельницький,49.33617,26.70948,470.8,False,2026-09-09
UA68040130000024471,Городоцька,Хмельницька,Хмельницький,49.1652124,26.5865127,466.3,False,2026-09-09
UA68040150000077185,Деражнянська,Хмельницька,Хмельницький,49.2688322,27.4327085,426.3,False,2026-09-09
UA68040170000061140,Заслучненська,Хмельницька,Хмельницький,49.6637,26.77162,491.1,False,2026-09-09
UA68040190000021840,Зіньківська,Хмельницька,Хмельницький,49.0925182,27.0734795,433.3,False,2026-09-09
UA68040210000089917,Красилівська,Хмельницька,Хмельницький,49.6544431,26.9709084,480.0,False,2026-09-09
UA68040230000081901,Летичівська,Хмельницька,Хмельницький,49.38286,27.62306,425.2,False,2026-09-09
UA68040250000053378,Лісовогринівецька,Хмельницька,Хмельницький,49.48061,27.021765,464.1,False,2026-09-09
UA68040270000072985,Меджибізька,Хмельницька,Хмельницький,49.4367227,27.404104,440.7,False,2026-09-09
UA68040290000010822,Миролюбненська,Хмельницька,Хмельницький,49.65752,27.198721,468.5,False,2026-09-09
UA68040310000052042,Наркевицька,Хмельницька,Хмельницький,49.5180971,26.6367935,487.7,False,2026-09-09
UA68040330000086970,Розсошанська,Хмельницька,Хмельницький,49.339939,26.88698,461.1,False,2026-09-09
UA68040350000083350,Сатанівська,Хмельницька,Хмельницький,49.2485345,26.2484407,491.9,False,2026-09-09
UA68040370000082743,Солобковецька,Хмельницька,Хмельницький,49.082451,26.907921,442.1,False,2026-09-09
UA68040390000011141,Старокостянтинівська,Хмельницька,Хмельницький,49.756163,27.2087889,475.8,False,2026-09-09
UA68040410000062890,Староостропільська,Хмельницька,Хмельницький,49.807892,27.559225,463.2,False,2026-09-09
UA68040430000052699,Старосинявська,Хмельницька,Хмельницький,49.5971513,27.615815,442.9,False,2026-09-09
UA68040450000097735,Теофіпольська,Хмельницька,Хмельницький,49.84463,26.41525,523.6,False,2026-09-09
UA68040470000053519,Хмельницька,Хмельницька,Хмельницький,49.4196404,26.9793793,461.8,False,2026-09-09
UA68040490000093353,Чорноострівська,Хмельницька,Хмельницький,49.5050201,26.756082,480.3,False,2026-09-09
UA68040510000019366,Щиборівська,Хмельницька,Хмельницький,49.671249,27.026369,478.4,False,2026-09-09
UA68040530000044109,Ярмолинецька,Хмельницька,Хмельницький,49.19266,26.8372,453.6,False,2026-09-09
UA68060010000056690,Берездівська,Хмельницька,Шепетівський,50.460449,27.116673,539.2,False,2026-09-09
UA68060030000077318,Білогірська,Хмельницька,Шепетівський,50.0019489,26.4166916,535.4,False,2026-09-09
UA68060050000037587,Ганнопільська,Хмельницька,Шепетівський,50.4526337,26.8975265,548.4,False,2026-09-09
UA68060070000048275,Грицівська,Хмельницька,Шепетівський,49.9719121,27.2168089,493.1,False,2026-09-09
UA68060090000093924,Ізяславська,Хмельницька,Шепетівський,50.1194691,26.8207625,524.3,False,2026-09-09
UA68060110000046608,Крупецька,Хмельницька,Шепетівський,50.33339,26.8057477,542.6,False,2026-09-09
UA68060130000034298,Ленковецька,Хмельницька,Шепетівський,50.013626,27.07008,503.5,False,2026-09-09
UA68060150000029549,Михайлюцька,Хмельницька,Шепетівський,50.288891,27.31098,515.7,False,2026-09-09
UA68060170000075276,Нетішинська,Хмельницька,Шепетівський,50.3338348,26.6496599,550.0,False,2026-09-09
UA68060190000075749,Плужненська,Хмельницька,Шепетівський,50.1804274,26.5625722,541.9,False,2026-09-09
UA68060210000095851,Полонська,Хмельницька,Шепетівський,50.1194505,27.5085733,492.2,False,2026-09-09
UA68060230000028195,Понінківська,Хмельницька,Шепетівський,50.19138,27.56126,496.2,False,2026-09-09
UA68060250000078635,Сахновецька,Хмельницька,Шепетівський,49.97406,26.851959,511.0,False,2026-09-09
UA68060270000042174,Славутська,Хмельницька,Шепетівський,50.2962398,26.8658254,536.6,False,2026-09-09
UA68060290000039941,Судилківська,Хмельницька,Шепетівський,50.16930785,27.140083469181324,513.2,False,2026-09-09
UA68060310000022172,Улашанівська,Хмельницька,Шепетівський,50.3421995,26.8585526,540.8,False,2026-09-09
UA68060330000029010,Шепетівська,Хмельницька,Шепетівський,50.1809437,27.0651783,517.7,False,2026-09-09
UA68060350000035460,Ямпільська,Хмельницька,Шепетівський,49.9562165,26.2274578,541.9,False,2026-09-09
UA71020010000037786,Бужанська,Черкаська,Звенигородський,49.2363431,30.7457326,300.8,False,2026-09-09
UA71020030000059581,Ватутінська,Черкаська,Звенигородський,49.0172494,31.0618502,273.0,False,2026-09-09
UA71020050000074004,Виноградська,Черкаська,Звенигородський,49.2379387,30.5494724,304.1,False,2026-09-09
UA71020070000078820,Вільшанська,Черкаська,Звенигородський,49.2164667,31.2114781,293.9,False,2026-09-09
UA71020090000047211,Водяницька,Черкаська,Звенигородський,49.127769,30.77648,288.5,False,2026-09-09
UA71020110000015834,Єрківська,Черкаська,Звенигородський,48.98357,30.99449,270.0,False,2026-09-09
UA71020130000086047,Звенигородська,Черкаська,Звенигородський,49.0767158,30.96138,280.6,False,2026-09-09
UA71020150000082849,Катеринопільська,Черкаська,Звенигородський,48.94329,30.9723848,265.8,False,2026-09-09
UA71020170000024193,Лип’янська,Черкаська,Звенигородський,48.858028,31.501726,253.2,False,2026-09-09
UA71020190000034403,Лисянська,Черкаська,Звенигородський,49.2525981,30.8277476,301.4,False,2026-09-09
UA71020210000030936,Матусівська,Черкаська,Звенигородський,49.0554354,31.5623267,275.2,False,2026-09-09
UA71020230000095267,Мокрокалигірська,Черкаська,Звенигородський,48.8474776,31.216692,253.0,False,2026-09-09
UA71020250000078192,Селищенська,Черкаська,Звенигородський,49.3280428,31.1502461,306.7,False,2026-09-09
UA71020270000021083,Стеблівська,Черкаська,Звенигородський,49.40002,31.09509,315.0,False,2026-09-09
UA71020290000032540,Тальнівська,Черкаська,Звенигородський,48.8889723,30.6980137,263.8,False,2026-09-09
UA71020310000027379,Шевченківська,Черкаська,Звенигородський,49.19128,31.09062,292.0,False,2026-09-09
UA71020330000027449,Шполянська,Черкаська,Звенигородський,49.0132605,31.393139,270.6,False,2026-09-09
UA71040010000032874,Великохутірська,Черкаська,Золотоніський,49.8664051,32.1191771,222.7,False,2026-09-09
UA71040030000055285,Вознесенська,Черкаська,Золотоніський,49.7583507,32.161154,229.3,False,2026-09-09
UA71040050000016509,Гельмязівська,Черкаська,Золотоніський,49.8223009,31.836067,241.3,False,2026-09-09
UA71040070000034468,Драбівська,Черкаська,Золотоніський,49.9615236,32.1520869,214.1,False,2026-09-09
UA71040090000047664,Золотоніська,Черкаська,Золотоніський,49.6689719,32.0427439,242.4,False,2026-09-09
UA71040110000054881,Зорівська,Черкаська,Золотоніський,49.8199838,32.2457318,220.2,False,2026-09-09
UA71040130000029175,Іркліївська,Черкаська,Золотоніський,49.5274997,32.3352479,241.3,False,2026-09-09
UA71040150000026547,Новодмитрівська,Черкаська,Золотоніський,49.6927254,32.008522,242.1,False,2026-09-09
UA71040170000034734,Піщанська,Черкаська,Золотоніський,49.7457481,31.842782,246.3,False,2026-09-09
UA71040190000080571,Чорнобаївська,Черкаська,Золотоніський,49.6703225,32.3232732,229.2,False,2026-09-09
UA71040210000024694,Шрамківська,Черкаська,Золотоніський,50.13714,32.1254,202.6,False,2026-09-09
UA71060010000027807,Бабанська,Черкаська,Уманський,48.7070412,30.4507396,249.5,False,2026-09-09
UA71060030000053648,Баштечківська,Черкаська,Уманський,49.2456923,30.3190626,309.4,False,2026-09-09
UA71060050000056084,Буцька,Черкаська,Уманський,49.091744,30.4026306,291.2,False,2026-09-09
UA71060070000098837,Дмитрушківська,Черкаська,Уманський,48.7962462,30.2825171,263.0,False,2026-09-09
UA71060090000088339,Жашківська,Черкаська,Уманський,49.2478012,30.1066179,314.5,False,2026-09-09
UA71060110000085867,Іваньківська,Черкаська,Уманський,48.9924674,30.4483919,279.7,False,2026-09-09
UA71060130000099511,Ладижинська,Черкаська,Уманський,48.5465612,30.2385604,238.6,False,2026-09-09
UA71060150000062190,Маньківська,Черкаська,Уманський,48.963662,30.3339811,279.2,False,2026-09-09
UA71060170000092613,Монастирищенська,Черкаська,Уманський,48.9944069,29.8007253,297.3,False,2026-09-09
UA71060190000086831,Паланська,Черкаська,Уманський,48.7331789,30.10288,261.6,False,2026-09-09
UA71060210000032972,Уманська,Черкаська,Уманський,48.7497621,30.2203052,259.9,False,2026-09-09
UA71060230000095772,Христинівська,Черкаська,Уманський,48.812969,29.9677872,273.8,False,2026-09-09
UA71080010000073303,Балаклеївська,Черкаська,Черкаський,49.2261544,31.7366283,294.6,False,2026-09-09
UA71080030000050121,Березняківська,Черкаська,Черкаський,49.1377452,31.9500464,286.2,False,2026-09-09
UA71080050000028174,Білозірська,Черкаська,Черкаський,49.2975805,31.8935819,303.4,False,2026-09-09
UA71080070000050993,Бобрицька,Черкаська,Черкаський,49.7939978,31.4144455,357.4,False,2026-09-09
UA71080090000075810,Будищенська,Черкаська,Черкаський,49.524426,31.799271,328.0,False,2026-09-09
UA71080110000055395,Городищенська,Черкаська,Черкаський,49.2686,31.4331682,298.9,False,2026-09-09
UA71080130000078619,Кам’янська,Черкаська,Черкаський,49.0401185,32.1008691,265.4,False,2026-09-09
UA71080150000071745,Канівська,Черкаська,Черкаський,49.7551031,31.4610802,353.0,False,2026-09-09
UA71080170000080118,Корсунь-Шевченківська,Черкаська,Черкаський,49.418037,31.2556741,316.1,False,2026-09-09
UA71080190000038712,Леськівська,Черкаська,Черкаський,49.3328057,32.2181675,252.2,False,2026-09-09
UA71080210000074132,Ліплявська,Черкаська,Черкаський,49.786949,31.547239,259.4,False,2026-09-09
UA71080230000065521,Медведівська,Черкаська,Черкаський,49.172241,32.377438,230.9,False,2026-09-09
UA71080250000099725,Михайлівська,Черкаська,Черкаський,49.1179888,32.0728522,274.2,False,2026-09-09
UA71080270000076233,Мліївська,Черкаська,Черкаський,49.3449286,31.5316244,307.4,False,2026-09-09
UA71080290000067044,Мошнівська,Черкаська,Черкаський,49.52499,31.74053,327.8,False,2026-09-09
UA71080310000072487,Набутівська,Черкаська,Черкаський,49.4448157,31.4113483,318.6,False,2026-09-09
UA71080330000082129,Ротмістрівська,Черкаська,Черкаський,49.1413051,31.7147139,285.1,False,2026-09-09
UA71080350000033809,Руськополянська,Черкаська,Черкаський,49.4243008,31.9147632,317.6,False,2026-09-09
UA71080370000064287,Сагунівська,Черкаська,Черкаський,49.288422,32.363815,242.3,False,2026-09-09
UA71080390000078978,Смілянська,Черкаська,Черкаський,49.2336897,31.8829216,296.3,False,2026-09-09
UA71080410000061690,Степанецька,Черкаська,Черкаський,49.70841,31.2917358,348.2,False,2026-09-09
UA71080430000025181,Степанківська,Черкаська,Черкаський,49.336479,31.9730474,299.6,False,2026-09-09
UA71080450000083423,Тернівська,Черкаська,Черкаський,49.1309417,31.8421374,284.6,False,2026-09-09
UA71080470000038153,Червонослобідська,Черкаська,Черкаський,49.379837,32.14439,259.5,False,2026-09-09
UA71080490000022110,Черкаська,Черкаська,Черкаський,49.4302723,32.0447228243568,268.1,False,2026-09-09
UA71080510000028067,Чигиринська,Черкаська,Черкаський,49.0775098,32.6664089,211.0,False,2026-09-09
UA73020010000044067,Банилівська,Чернівецька,Вижницький,48.35804,25.343399,504.0,False,2026-09-09
UA73020030000022011,Берегометська,Чернівецька,Вижницький,48.1720039,25.3304604,497.9,False,2026-09-09
UA73020050000061546,Брусницька,Чернівецька,Вижницький,48.35804,25.59712,486.5,False,2026-09-09
UA73020070000035367,Вашківецька,Чернівецька,Вижницький,48.3820192,25.5174954,493.0,False,2026-09-09
UA73020090000031499,Вижницька,Чернівецька,Вижницький,48.248441,25.1893807,510.5,False,2026-09-09
UA73020110000071923,Конятинська,Чернівецька,Вижницький,48.042179,24.938971,521.4,False,2026-09-09
UA73020130000092871,Путильська,Чернівецька,Вижницький,47.99515,25.08453,509.6,False,2026-09-09
UA73020150000076225,Селятинська,Чернівецька,Вижницький,47.864681,25.20779,497.0,False,2026-09-09
UA73020170000016631,Усть-Путильська,Чернівецька,Вижницький,48.113274,25.04236,516.3,False,2026-09-09
UA73040010000039325,Вашковецька,Чернівецька,Дністровський,48.412971,27.135889,386.9,False,2026-09-09
UA73040030000042378,Кельменецька,Чернівецька,Дністровський,48.4655533,26.8299962,409.4,False,2026-09-09
UA73040050000080963,Клішковецька,Чернівецька,Дністровський,48.430443,26.259632,445.0,False,2026-09-09
UA73040070000053425,Лівинецька,Чернівецька,Дністровський,48.408604,26.609051,420.8,False,2026-09-09
UA73040090000036527,Мамалигівська,Чернівецька,Дністровський,48.259453,26.585018,415.1,False,2026-09-09
UA73040110000040354,Недобоївська,Чернівецька,Дністровський,48.427788,26.369761,437.5,False,2026-09-09
UA73040130000087963,Новодністровська,Чернівецька,Дністровський,48.58485,27.4311004,378.8,False,2026-09-09
UA73040150000056182,Рукшинська,Чернівецька,Дністровський,48.490925,26.401684,438.6,False,2026-09-09
UA73040170000011490,Сокирянська,Чернівецька,Дністровський,48.4460307,27.411193,371.4,False,2026-09-09
UA73040190000062796,Хотинська,Чернівецька,Дністровський,48.5068418,26.4859086,433.9,False,2026-09-09
UA73060010000052133,Боянська,Чернівецька,Чернівецький,48.26688,26.126339,446.5,False,2026-09-09
UA73060030000078843,Ванчиковецька,Чернівецька,Чернівецький,48.220112,26.450109,422.4,False,2026-09-09
UA73060050000034325,Великокучурівська,Чернівецька,Чернівецький,48.198738,25.894779,459.5,False,2026-09-09
UA73060070000082869,Веренчанська,Чернівецька,Чернівецький,48.54446,25.7444,484.7,False,2026-09-09
UA73060090000047054,Вікнянська,Чернівецька,Чернівецький,48.57021,25.9758,470.6,False,2026-09-09
UA73060110000070017,Волоківська,Чернівецька,Чернівецький,48.192902,25.934601,456.6,False,2026-09-09
UA73060130000078771,Герцаївська,Чернівецька,Чернівецький,48.1505805,26.2589723,432.5,False,2026-09-09
UA73060150000088691,Глибоцька,Чернівецька,Чернівецький,48.08578,25.92842,452.8,False,2026-09-09
UA73060170000031531,Горішньошеровецька,Чернівецька,Чернівецький,48.3942336,25.9482797,464.2,False,2026-09-09
UA73060190000043347,Заставнівська,Чернівецька,Чернівецький,48.5235845,25.8455783,477.0,False,2026-09-09
UA73060210000010691,Кадубовецька,Чернівецька,Чернівецький,48.587379,25.77564,484.7,False,2026-09-09
UA73060230000024500,Кам’янецька,Чернівецька,Чернівецький,48.02879,25.9195,451.4,False,2026-09-09
UA73060250000049790,Кам’янська,Чернівецька,Чернівецький,48.23204,25.84568,464.3,False,2026-09-09
UA73060270000016588,Карапчівська,Чернівецька,Чернівецький,48.1101114,25.8112969,461.9,False,2026-09-09
UA73060290000034305,Кіцманська,Чернівецька,Чернівецький,48.4386498,25.7610109,478.8,False,2026-09-09
UA73060310000074904,Кострижівська,Чернівецька,Чернівецький,48.6526572,25.7119191,492.0,False,2026-09-09
UA73060330000039245,Красноїльська,Чернівецька,Чернівецький,48.0186954,25.6009089,473.5,False,2026-09-09
UA73060350000057190,Магальська,Чернівецька,Чернівецький,48.289864,26.040028,453.3,False,2026-09-09
UA73060370000059595,Мамаївська,Чернівецька,Чернівецький,48.3527353,25.8222129,470.9,False,2026-09-09
UA73060390000017602,Неполоковецька,Чернівецька,Чернівецький,48.40267,25.64758,484.9,False,2026-09-09
UA73060410000077092,Новоселицька,Чернівецька,Чернівецький,48.2179594,26.2664831,434.8,False,2026-09-09
UA73060430000042676,Острицька,Чернівецька,Чернівецький,48.2578433,26.0481688,451.4,False,2026-09-09
UA73060450000099566,Петровецька,Чернівецька,Чернівецький,48.0585735,25.6937177,468.3,False,2026-09-09
UA73060470000040033,Ставчанська,Чернівецька,Чернівецький,48.507629,25.682991,487.2,False,2026-09-09
UA73060490000033679,Сторожинецька,Чернівецька,Чернівецький,48.1629489,25.7207993,470.2,False,2026-09-09
UA73060510000025800,Сучевенська,Чернівецька,Чернівецький,48.0561527,25.8365396,458.2,False,2026-09-09
UA73060530000099979,Тарашанська,Чернівецька,Чернівецький,48.116341,25.99674,449.2,False,2026-09-09
UA73060550000052402,Тереблеченська,Чернівецька,Чернівецький,48.0262838,26.060343,441.4,False,2026-09-09
UA73060570000058573,Топорівська,Чернівецька,Чернівецький,48.378967,26.086685,454.1,False,2026-09-09
UA73060590000095243,Чагорська,Чернівецька,Чернівецький,48.2415157,25.9883128,454.8,False,2026-09-09
UA73060610000066784,Чернівецька,Чернівецька,Чернівецький,48.2864702,25.9376532,460.2,False,2026-09-09
UA73060630000091311,Чудейська,Чернівецька,Чернівецький,48.0510337,25.6220564,473.1,False,2026-09-09
UA73060650000012771,Юрковецька,Чернівецька,Чернівецький,48.503437,25.932705,470.2,False,2026-09-09
UA74020010000010449,Корюківська,Чернігівська,Корюківський,51.77444,32.2514,141.0,False,2026-09-09
UA74020030000069340,Менська,Чернігівська,Корюківський,51.52279,32.21638,145.3,False,2026-09-09
UA74020050000033944,Сновська,Чернігівська,Корюківський,51.8187527,31.9448953,162.2,False,2026-09-09
UA74020070000037186,Сосницька,Чернігівська,Корюківський,51.5244906,32.5028975,125.7,False,2026-09-09
UA74020090000083820,Холминська,Чернігівська,Корюківський,51.872562,32.595619,118.3,False,2026-09-09
UA74040010000076097,Батуринська,Чернігівська,Ніжинський,51.3413087,32.8778317,106.7,False,2026-09-09
UA74040030000093042,Бахмацька,Чернігівська,Ніжинський,51.1801374,32.8165107,109.3,False,2026-09-09
UA74040050000013413,Бобровицька,Чернігівська,Ніжинський,50.7415033,31.3860852,217.5,False,2026-09-09
UA74040070000086652,Борзнянська,Чернігівська,Ніжинський,51.2534475,32.4263156,139.4,False,2026-09-09
UA74040090000047246,Вертіївська,Чернігівська,Ніжинський,51.16367,31.848339,180.5,False,2026-09-09
UA74040110000021989,Височанська,Чернігівська,Ніжинський,51.332241,32.562099,127.4,False,2026-09-09
UA74040130000094076,Дмитрівська,Чернігівська,Ніжинський,50.9343619,32.9457499,106.8,False,2026-09-09
UA74040150000010608,Комарівська,Чернігівська,Ніжинський,51.236801,32.149078,158.0,False,2026-09-09
UA74040170000037628,Крутівська,Чернігівська,Ніжинський,51.0601711,32.1022103,160.5,False,2026-09-09
UA74040190000070909,Лосинівська,Чернігівська,Ніжинський,50.8422398,31.9170092,178.5,False,2026-09-09
UA74040210000018988,Макіївська,Чернігівська,Ніжинський,50.676498,31.828421,190.4,False,2026-09-09
UA74040230000022565,Мринська,Чернігівська,Ніжинський,51.0544397,31.5414195,204.9,False,2026-09-09
UA74040250000063494,Ніжинська,Чернігівська,Ніжинський,51.0464747,31.8806289,183.5,False,2026-09-09
UA74040270000069132,Новобасанська,Чернігівська,Ніжинський,50.572811,31.5184,215.0,False,2026-09-09
UA74040290000072674,Носівська,Чернігівська,Ніжинський,50.9377744,31.5812258,198.8,False,2026-09-09
UA74040310000039217,Плисківська,Чернігівська,Ніжинський,51.113289,32.431103,136.9,False,2026-09-09
UA74040330000024949,Талалаївська,Чернігівська,Ніжинський,50.955681,31.917252,175.4,False,2026-09-09
UA74060010000052907,Коропська,Чернігівська,Новгород-Сіверський,51.5671394,32.9520532,94.3,False,2026-09-09
UA74060030000026607,Новгород-Сіверська,Чернігівська,Новгород-Сіверський,52.004259,33.2779899,76.9,False,2026-09-09
UA74060050000061355,Понорницька,Чернігівська,Новгород-Сіверський,51.720539,32.843971,100.1,False,2026-09-09
UA74060070000028810,Семенівська,Чернігівська,Новгород-Сіверський,52.17853,32.57755,128.5,False,2026-09-09
UA74080010000063011,Варвинська,Чернігівська,Прилуцький,50.4982561,32.7228573,144.5,False,2026-09-09
UA74080030000040714,Ічнянська,Чернігівська,Прилуцький,50.8623444,32.3910144,146.1,False,2026-09-09
UA74080050000033938,Ладанська,Чернігівська,Прилуцький,50.5135783,32.5877381,151.2,False,2026-09-09
UA74080070000022285,Линовицька,Чернігівська,Прилуцький,50.4641,32.396339,165.5,False,2026-09-09
UA74080090000092409,Малодівицька,Чернігівська,Прилуцький,50.6896318,32.18703,166.5,False,2026-09-09
UA74080110000023749,Парафіївська,Чернігівська,Прилуцький,50.8840075,32.6447189,128.6,False,2026-09-09
UA74080130000060606,Прилуцька,Чернігівська,Прилуцький,50.5950864,32.3866658,158.5,False,2026-09-09
UA74080150000033167,Срібнянська,Чернігівська,Прилуцький,50.661573,32.9174152,122.7,False,2026-09-09
UA74080170000055617,Сухополов’янська,Чернігівська,Прилуцький,50.6323917,32.3798861,157.0,False,2026-09-09
UA74080190000091939,Талалаївська,Чернігівська,Прилуцький,50.83168,33.13442,99.8,False,2026-09-09
UA74080210000098421,Яблунівська,Чернігівська,Прилуцький,50.4592487,32.1844644,178.5,False,2026-09-09
UA74100010000063674,Березнянська,Чернігівська,Чернігівський,51.5778917,31.7902811,173.6,False,2026-09-09
UA74100030000076377,Гончарівська,Чернігівська,Чернігівський,51.2990164,30.9276044,237.8,False,2026-09-09
UA74100050000019554,Городнянська,Чернігівська,Чернігівський,51.8915393,31.595545,186.8,False,2026-09-09
UA74100070000057810,Деснянська,Чернігівська,Чернігівський,50.9247792,30.7729799,260.2,False,2026-09-09
UA74100090000064336,Добрянська,Чернігівська,Чернігівський,52.063057,31.173548,217.8,False,2026-09-09
UA74100110000030364,Іванівська,Чернігівська,Чернігівський,51.37962,31.291809,211.1,False,2026-09-09
UA74100130000039404,Киїнська,Чернігівська,Чернігівський,51.449249,31.192627,216.5,False,2026-09-09
UA74100150000090847,Киселівська,Чернігівська,Чернігівський,51.5342692,31.446194,197.8,False,2026-09-09
UA74100170000043593,Кіптівська,Чернігівська,Чернігівський,51.0573662,31.1531227,230.1,False,2026-09-09
UA74100190000086457,Козелецька,Чернігівська,Чернігівський,50.9160647,31.1167509,238.3,False,2026-09-09
UA74100210000053397,Куликівська,Чернігівська,Чернігівський,51.3735623,31.6455818,187.3,False,2026-09-09
UA74100230000068041,Любецька,Чернігівська,Чернігівський,51.7004629,30.658659,250.7,False,2026-09-09
UA74100250000038291,Михайло-Коцюбинська,Чернігівська,Чернігівський,51.4502116,31.0792876,224.3,False,2026-09-09
UA74100270000049748,Новобілоуська,Чернігівська,Чернігівський,51.5353325,31.186015,215.7,False,2026-09-09
UA74100290000084770,Олишівська,Чернігівська,Чернігівський,51.217918,31.32992,212.9,False,2026-09-09
UA74100310000091595,Остерська,Чернігівська,Чернігівський,50.9508278,30.8782419,252.3,False,2026-09-09
UA74100330000029082,Ріпкинська,Чернігівська,Чернігівський,51.8036433,31.0931453,220.7,False,2026-09-09
UA74100350000075160,Седнівська,Чернігівська,Чернігівський,51.64209,31.562403,188.7,False,2026-09-09
UA74100370000041962,Тупичівська,Чернігівська,Чернігівський,51.768608,31.43601,197.1,False,2026-09-09
UA74100390000073425,Чернігівська,Чернігівська,Чернігівський,51.494099,31.294332,208.8,False,2026-09-09
